Workbook

Sheet 鹿屋
A1: =SUM(A57,A69,A81,A93,A9,A21,A33,A45,A201,A213,A225,A237,A105,A117,A129,A141,A153,A165,A177,A189,A249,A261) -> 1307300 | B1: 日付 | C1: 46067 | D1: =C1+1 -> 46068 | E1: =D1+1 -> 46069 | F1: =E1+1 -> 46070 | G1: =F1+1 -> 46071 | H1: =G1+1 -> 46072 | I1: =H1+1 -> 46073 | J1: =I1+1 -> 46074 | K1: =J1+1 -> 46075 | ... AS1: =AR1+1 -> 46109
B2: =SUM(C2:AO2) -> 13073 | C2: 0 | D2: =SUM(D58,D70,D82,D94,D10,D22,D34,D46,D202,D214,D226,D238,D190,D178,D166,D154,D142,D130,D118,D106,D250,D262) -> 0 | E2: =SUM(E58,E70,E82,E94,E10,E22,E34,E46,E202,E214,E226,E238,E190,E178,E166,E154,E142,E130,E118,E106,E250,E262) -> 1732 | F2: =SUM(F58,F70,F82,F94,F10,F22,F34,F46,F202,F214,F226,F238,F190,F178,F166,F154,F142,F130,F118,F106,F250,F262) -> 0 | G2: =SUM(G58,G70,G82,G94,G10,G22,G34,G46,G202,G214,G226,G238,G190,G178,G166,G154,G142,G130,G118,G106,G250,G262) -> 0 | H2: =SUM(H58,H70,H82,H94,H10,H22,H34,H46,H202,H214,H226,H238,H190,H178,H166,H154,H142,H130,H118,H106,H250,H262) -> 828 | I2: =SUM(I58,I70,I82,I94,I10,I22,I34,I46,I202,I214,I226,I238,I190,I178,I166,I154,I142,I130,I118,I106,I250,I262) -> 0 | J2: =SUM(J58,J70,J82,J94,J10,J22,J34,J46,J202,J214,J226,J238,J190,J178,J166,J154,J142,J130,J118,J106,J250,J262) -> 0 | K2: =SUM(K58,K70,K82,K94,K10,K22,K34,K46,K202,K214,K226,K238,K190,K178,K166,K154,K142,K130,K118,K106,K250,K262) -> 2045 | ... AS2: =SUM(AS58,AS70,AS82,AS94,AS10,AS22,AS34,AS46,AS202,AS214,AS226,AS238,AS190,AS178,AS166,AS154,AS142,AS130,AS118,AS106,AS250,AS262) -> 0
A3: 鹿屋 | B3: 100円 | C3: 3924 | D3: 3924 | E3: 3943 | F3: 3943 | G3: 3943 | H3: 3948 | I3: 3948 | J3: 3948 | K3: 3987 | L3: 3987 | M3: 3987 | N3: 3987 | O3: 4004 | P3: 4004 | Q3: 4004 | R3: 4018 | S3: 4018 | T3: 4018 | U3: 4018 | V3: 4048 | W3: 4048 | X3: 4048 | Y3: 4108 | Z3: 4108 | AA3: 4108 | AB3: 4108 | AC3: 4136 | AD3: 4136 | AE3: 4136 | AF3: 4177
A4: BUZZ＃１ | B4: プライズ | C4: 285 | D4: =IF(D3="","",C4) -> 285 | E4: 286 | F4: =IF(F3="","",E4) -> 286 | G4: =IF(G3="","",F4) -> 286 | H4: =IF(H3="","",G4) -> 286 | I4: =IF(I3="","",H4) -> 286 | J4: =IF(J3="","",I4) -> 286 | K4: =IF(K3="","",J4) -> 286 | L4: =IF(L3="","",K4) -> 286 | M4: =IF(M3="","",L4) -> 286 | ... Q4: =IF(Q3="","",P4) -> 286 | R4: 287 | S4: =IF(S3="","",R4) -> 287 | T4: =IF(T3="","",S4) -> 287 | U4: =IF(U3="","",T4) -> 287 | V4: 288 | W4: =IF(W3="","",V4) -> 288 | X4: =IF(X3="","",W4) -> 288 | Y4: 290 | Z4: =IF(Z3="","",Y4) -> 290 | AA4: =IF(AA3="","",Z4) -> 290 | AB4: =IF(AB3="","",AA4) -> 290 | AC4: =IF(AC3="","",AB4) -> 290 | AD4: =IF(AD3="","",AC4) -> 290 | AE4: =IF(AE3="","",AD4) -> 290 | AF4: =IF(AF3="","",AE4) -> 290 | AG4: =IF(AG3="","",AF4) | ... AS4: =IF(AS3="","",AR4)
A5: 1 | B5: 投入残 | C5: 6 | D5: =IF(D3="","",(C5+C6)) -> 6 | E5: =IF(E3="","",(D5+D6)) -> 6 | F5: =IF(F3="","",(E5+E6)) -> 4 | G5: =IF(G3="","",(F5+F6)) -> 4 | H5: =IF(H3="","",(G5+G6)) -> 4 | I5: =IF(I3="","",(H5+H6)) -> 4 | J5: =IF(J3="","",(I5+I6)) -> 4 | K5: =IF(K3="","",(J5+J6)) -> 4 | ... Q5: =IF(Q3="","",(P5+P6)) -> 4 | R5: 3 | S5: =IF(S3="","",(R5+R6)) -> 15 | T5: =IF(T3="","",(S5+S6)) -> 15 | U5: =IF(U3="","",(T5+T6)) -> 15 | V5: 14 | W5: =IF(W3="","",(V5+V6)) -> 14 | X5: =IF(X3="","",(W5+W6)) -> 14 | Y5: 12 | Z5: =IF(Z3="","",(Y5+Y6)) -> 12 | AA5: =IF(AA3="","",(Z5+Z6)) -> 12 | AB5: =IF(AB3="","",(AA5+AA6)) -> 12 | AC5: =IF(AC3="","",(AB5+AB6)) -> 12 | AD5: =IF(AD3="","",(AC5+AC6)) -> 12 | AE5: =IF(AE3="","",(AD5+AD6)) -> 12 | AF5: =IF(AF3="","",(AE5+AE6)) -> 12 | AG5: =IF(AG3="","",(AF5+AF6)) | ... AS5: =IF(AS3="","",(AR5+AR6))
A6: 機械合計 | B6: 補充 | E6: -2 | R6: 12
A7: =+(A10+A22+A34+A46)*100 -> 243100 | B7: 単価 | C7: 500 | D7: =IF(D3="","",C7) -> 500 | E7: =IF(E3="","",D7) -> 500 | F7: =IF(F3="","",E7) -> 500 | G7: =IF(G3="","",F7) -> 500 | H7: =IF(H3="","",G7) -> 500 | I7: =IF(I3="","",H7) -> 500 | J7: =IF(J3="","",I7) -> 500 | K7: =IF(K3="","",J7) -> 500 | ... AS7: =IF(AS3="","",AR7)
A8: 月間予想 | B8: 景品名 | C8: サンリオホワイトMC | D8: =IF(D3="","",C8) -> サンリオホワイトMC | E8: ポメラニアン | F8: =IF(F3="","",E8) -> ポメラニアン | G8: =IF(G3="","",F8) -> ポメラニアン | H8: =IF(H3="","",G8) -> ポメラニアン | I8: =IF(I3="","",H8) -> ポメラニアン | J8: =IF(J3="","",I8) -> ポメラニアン | K8: =IF(K3="","",J8) -> ポメラニアン | L8: =IF(L3="","",K8) -> ポメラニアン | M8: =IF(M3="","",L8) -> ポメラニアン | ... Q8: =IF(Q3="","",P8) -> ポメラニアン | R8: 電ブル | S8: =IF(S3="","",R8) -> 電ブル | T8: =IF(T3="","",S8) -> 電ブル | U8: =IF(U3="","",T8) -> 電ブル | V8: =IF(V3="","",U8) -> 電ブル | W8: =IF(W3="","",V8) -> 電ブル | X8: =IF(X3="","",W8) -> 電ブル | Y8: =IF(Y3="","",X8) -> 電ブル | Z8: =IF(Z3="","",Y8) -> 電ブル | ... AS8: =IF(AS3="","",AR8)
A9: =AVERAGE(C10:AS10)*30*100 -> 25300 | B9: 設定
A10: =SUM(C10:AS10) -> 253 | B10: 百差 | C10: 0 | D10: =IF(D3="","",D3-C3) -> 0 | E10: =IF(E3="","",E3-D3) -> 19 | F10: =IF(F3="","",F3-E3) -> 0 | G10: =IF(G3="","",G3-F3) -> 0 | H10: =IF(H3="","",H3-G3) -> 5 | I10: =IF(I3="","",I3-H3) -> 0 | J10: =IF(J3="","",J3-I3) -> 0 | K10: =IF(K3="","",K3-J3) -> 39 | ... AS10: =IF(AS3="","",AS3-AR3)
A11: =SUM(C11:AS11) -> 5 | B11: P差 | C11: 0 | D11: =IF(D4="","",D4-C4) -> 0 | E11: =IF(E4="","",E4-D4) -> 1 | F11: =IF(F4="","",F4-E4) -> 0 | G11: =IF(G4="","",G4-F4) -> 0 | H11: =IF(H4="","",H4-G4) -> 0 | I11: =IF(I4="","",I4-H4) -> 0 | J11: =IF(J4="","",J4-I4) -> 0 | K11: =IF(K4="","",K4-J4) -> 0 | ... AS11: =IF(AS4="","",AS4-AR4)
A12: =SUM(C12:AS12) -> 4 | B12: 払出 | C12: 0 | D12: =IF(D5="","",C5+C6-D5) -> 0 | E12: =IF(E5="","",D5+D6-E5) -> 0 | F12: =IF(F5="","",E5+E6-F5) -> 0 | G12: =IF(G5="","",F5+F6-G5) -> 0 | H12: =IF(H5="","",G5+G6-H5) -> 0 | I12: =IF(I5="","",H5+H6-I5) -> 0 | J12: =IF(J5="","",I5+I6-J5) -> 0 | K12: =IF(K5="","",J5+J6-K5) -> 0 | ... AS12: =IF(AS5="","",AR5+AR6-AS5)
A13: =SUM(C13:AS13) -> 2000 | B13: 払出額 | C13: 0 | D13: =IF(D3="","",D12*D7) -> 0 | E13: =IF(E3="","",E12*E7) -> 0 | F13: =IF(F3="","",F12*F7) -> 0 | G13: =IF(G3="","",G12*G7) -> 0 | H13: =IF(H3="","",H12*H7) -> 0 | I13: =IF(I3="","",I12*I7) -> 0 | J13: =IF(J3="","",J12*J7) -> 0 | K13: =IF(K3="","",K12*K7) -> 0 | ... AS13: =IF(AS3="","",AS12*AS7) | AT13: =
A14: =IF(A13="","",A13/(A10*100)) -> 0.079051383 | B14: 原価率 | D14: =IF(D13="","",IF(D13=0,"",D13/(D10*100))) | E14: =IF(E13="","",IF(E13=0,"",E13/(E10*100))) | F14: =IF(F13="","",IF(F13=0,"",F13/(F10*100))) | G14: =IF(G13="","",IF(G13=0,"",G13/(G10*100))) | H14: =IF(H13="","",IF(H13=0,"",H13/(H10*100))) | I14: =IF(I13="","",IF(I13=0,"",I13/(I10*100))) | J14: =IF(J13="","",IF(J13=0,"",J13/(J10*100))) | K14: =IF(K13="","",IF(K13=0,"",K13/(K10*100))) | ... AS14: =IF(AS13="","",IF(AS13=0,"",AS13/(AS10*100)))
A15: 鹿屋 | B15: 100円 | C15: 6732 | D15: =IF(D3="","",C15) -> 6732 | E15: 6742 | F15: =IF(F3="","",E15) -> 6742 | G15: =IF(G3="","",F15) -> 6742 | H15: 6752 | I15: =IF(I3="","",H15) -> 6752 | J15: =IF(J3="","",I15) -> 6752 | K15: 6761 | L15: =IF(L3="","",K15) -> 6761 | M15: =IF(M3="","",L15) -> 6761 | N15: =IF(N3="","",M15) -> 6761 | O15: 6869 | P15: =IF(P3="","",O15) -> 6869 | Q15: =IF(Q3="","",P15) -> 6869 | R15: 6960 | S15: =IF(S3="","",R15) -> 6960 | T15: =IF(T3="","",S15) -> 6960 | U15: =IF(U3="","",T15) -> 6960 | V15: 7005 | W15: =IF(W3="","",V15) -> 7005 | X15: =IF(X3="","",W15) -> 7005 | Y15: 7076 | Z15: =IF(Z3="","",Y15) -> 7076 | AA15: =IF(AA3="","",Z15) -> 7076 | AB15: =IF(AB3="","",AA15) -> 7076 | AC15: 7148 | AD15: =IF(AD3="","",AC15) -> 7148 | AE15: =IF(AE3="","",AD15) -> 7148 | AF15: 7181 | AG15: =IF(AG3="","",AF15) | AH15: =IF(AH3="","",AG15) | AI15: =IF(AI3="","",AH15) | AJ15: =IF(AJ3="","",AI15) | AK15: =IF(AK3="","",AJ15) | AL15: =IF(AL3="","",AK15) | AM15: =IF(AM3="","",AL15) | AN15: =IF(AN3="","",AM15) | ... AS15: =IF(AS3="","",AR15)
A16: BUZZ＃１ | B16: プライズ | C16: 301 | D16: =IF(D3="","",C16) -> 301 | E16: =IF(E3="","",D16) -> 301 | F16: =IF(F3="","",E16) -> 301 | G16: =IF(G3="","",F16) -> 301 | H16: =IF(H3="","",G16) -> 301 | I16: =IF(I3="","",H16) -> 301 | J16: =IF(J3="","",I16) -> 301 | K16: 302 | L16: =IF(L3="","",K16) -> 302 | M16: =IF(M3="","",L16) -> 302 | N16: =IF(N3="","",M16) -> 302 | O16: 304 | P16: =IF(P3="","",O16) -> 304 | Q16: =IF(Q3="","",P16) -> 304 | R16: 306 | S16: =IF(S3="","",R16) -> 306 | T16: =IF(T3="","",S16) -> 306 | U16: =IF(U3="","",T16) -> 306 | V16: 307 | W16: =IF(W3="","",V16) -> 307 | X16: =IF(X3="","",W16) -> 307 | Y16: 310 | Z16: =IF(Z3="","",Y16) -> 310 | AA16: =IF(AA3="","",Z16) -> 310 | AB16: =IF(AB3="","",AA16) -> 310 | AC16: 311 | AD16: =IF(AD3="","",AC16) -> 311 | AE16: =IF(AE3="","",AD16) -> 311 | AF16: 313 | AG16: =IF(AG3="","",AF16) | AH16: =IF(AH3="","",AG16) | AI16: =IF(AI3="","",AH16) | AJ16: =IF(AJ3="","",AI16) | AK16: =IF(AK3="","",AJ16) | AL16: =IF(AL3="","",AK16) | AM16: =IF(AM3="","",AL16) | AN16: =IF(AN3="","",AM16) | ... AS16: =IF(AS3="","",AR16)
A17: 2 | B17: 投入残 | C17: 4 | D17: =IF(D15="","",(C17+C18)) -> 4 | E17: =IF(E15="","",(D17+D18)) -> 4 | F17: =IF(F15="","",(E17+E18)) -> 5 | G17: =IF(G15="","",(F17+F18)) -> 5 | H17: =IF(H15="","",(G17+G18)) -> 5 | I17: =IF(I15="","",(H17+H18)) -> 5 | J17: =IF(J15="","",(I17+I18)) -> 5 | K17: 3 | L17: =IF(L15="","",(K17+K18)) -> 3 | M17: =IF(M15="","",(L17+L18)) -> 3 | N17: =IF(N15="","",(M17+M18)) -> 3 | O17: 2 | P17: =IF(P15="","",(O17+O18)) -> 2 | Q17: =IF(Q15="","",(P17+P18)) -> 2 | R17: 0 | S17: =IF(S15="","",(R17+R18)) -> 2 | T17: =IF(T15="","",(S17+S18)) -> 2 | U17: =IF(U15="","",(T17+T18)) -> 2 | V17: =IF(V15="","",(U17+U18)) -> 2 | W17: =IF(W15="","",(V17+V18)) -> 2 | X17: =IF(X15="","",(W17+W18)) -> 2 | Y17: 1 | Z17: =IF(Z15="","",(Y17+Y18)) -> 3 | AA17: =IF(AA15="","",(Z17+Z18)) -> 3 | AB17: =IF(AB15="","",(AA17+AA18)) -> 3 | AC17: =IF(AC15="","",(AB17+AB18)) -> 3 | AD17: =IF(AD15="","",(AC17+AC18)) -> 3 | AE17: =IF(AE15="","",(AD17+AD18)) -> 3 | AF17: 1 | AG17: =IF(AG15="","",(AF17+AF18)) | AH17: =IF(AH15="","",(AG17+AG18)) | AI17: =IF(AI15="","",(AH17+AH18)) | AJ17: =IF(AJ15="","",(AI17+AI18)) | AK17: =IF(AK15="","",(AJ17+AJ18)) | AL17: =IF(AL15="","",(AK17+AK18)) | AM17: =IF(AM15="","",(AL17+AL18)) | AN17: =IF(AN15="","",(AM17+AM18)) | ... AS17: =IF(AS15="","",(AR17+AR18))
B18: 補充 | E18: 1 | R18: 2 | Y18: 2 | AF18: 2
B19: 単価 | C19: 750 | D19: =IF(D15="","",C19) -> 750 | E19: =IF(E15="","",D19) -> 750 | F19: =IF(F15="","",E19) -> 750 | G19: =IF(G15="","",F19) -> 750 | H19: =IF(H15="","",G19) -> 750 | I19: =IF(I15="","",H19) -> 750 | J19: =IF(J15="","",I19) -> 750 | K19: =IF(K15="","",J19) -> 750 | ... AS19: =IF(AS15="","",AR19)
A20: 月間予想 | B20: 景品名 | C20: ジャグラーボタン | D20: =IF(D15="","",C20) -> ジャグラーボタン | E20: モンチッチAirPodsケース | F20: =IF(F15="","",E20) -> モンチッチAirPodsケース | G20: =IF(G15="","",F20) -> モンチッチAirPodsケース | H20: =IF(H15="","",G20) -> モンチッチAirPodsケース | I20: =IF(I15="","",H20) -> モンチッチAirPodsケース | J20: =IF(J15="","",I20) -> モンチッチAirPodsケース | K20: スンスンフェイスポーチ | L20: =IF(L15="","",K20) -> スンスンフェイスポーチ | M20: =IF(M15="","",L20) -> スンスンフェイスポーチ | N20: =IF(N15="","",M20) -> スンスンフェイスポーチ | O20: =IF(O15="","",N20) -> スンスンフェイスポーチ | P20: =IF(P15="","",O20) -> スンスンフェイスポーチ | Q20: =IF(Q15="","",P20) -> スンスンフェイスポーチ | R20: =IF(R15="","",Q20) -> スンスンフェイスポーチ | S20: =IF(S15="","",R20) -> スンスンフェイスポーチ | ... AS20: =IF(AS15="","",AR20)
A21: =AVERAGE(C22:AS22)*30*100 -> 44900 | B21: 設定
A22: =SUM(C22:AS22) -> 449 | B22: 百差 | C22: 0 | D22: =IF(D15="","",D15-C15) -> 0 | E22: =IF(E15="","",E15-D15) -> 10 | F22: =IF(F15="","",F15-E15) -> 0 | G22: =IF(G15="","",G15-F15) -> 0 | H22: =IF(H15="","",H15-G15) -> 10 | I22: =IF(I15="","",I15-H15) -> 0 | J22: =IF(J15="","",J15-I15) -> 0 | K22: =IF(K15="","",K15-J15) -> 9 | ... AS22: =IF(AS15="","",AS15-AR15)
A23: =SUM(C23:AS23) -> 12 | B23: P差 | C23: 0 | D23: =IF(D16="","",D16-C16) -> 0 | E23: =IF(E16="","",E16-D16) -> 0 | F23: =IF(F16="","",F16-E16) -> 0 | G23: =IF(G16="","",G16-F16) -> 0 | H23: =IF(H16="","",H16-G16) -> 0 | I23: =IF(I16="","",I16-H16) -> 0 | J23: =IF(J16="","",J16-I16) -> 0 | K23: =IF(K16="","",K16-J16) -> 1 | ... AS23: =IF(AS16="","",AS16-AR16)
A24: =SUM(C24:AS24) -> 8 | B24: 払出 | C24: 0 | D24: =IF(D17="","",C17+C18-D17) -> 0 | E24: =IF(E17="","",D17+D18-E17) -> 0 | F24: =IF(F17="","",E17+E18-F17) -> 0 | G24: =IF(G17="","",F17+F18-G17) -> 0 | H24: =IF(H17="","",G17+G18-H17) -> 0 | I24: =IF(I17="","",H17+H18-I17) -> 0 | J24: =IF(J17="","",I17+I18-J17) -> 0 | K24: =IF(K17="","",J17+J18-K17) -> 2 | ... AS24: =IF(AS17="","",AR17+AR18-AS17)
A25: =SUM(C25:AS25) -> 6000 | B25: 払出額 | C25: 0 | D25: =IF(D15="","",D24*D19) -> 0 | E25: =IF(E15="","",E24*E19) -> 0 | F25: =IF(F15="","",F24*F19) -> 0 | G25: =IF(G15="","",G24*G19) -> 0 | H25: =IF(H15="","",H24*H19) -> 0 | I25: =IF(I15="","",I24*I19) -> 0 | J25: =IF(J15="","",J24*J19) -> 0 | K25: =IF(K15="","",K24*K19) -> 1500 | ... AS25: =IF(AS15="","",AS24*AS19)
A26: =IF(A25="","",A25/(A22*100)) -> 0.13363029 | B26: 原価率 | D26: =IF(D25="","",IF(D25=0,"",D25/(D22*100))) | E26: =IF(E25="","",IF(E25=0,"",E25/(E22*100))) | F26: =IF(F25="","",IF(F25=0,"",F25/(F22*100))) | G26: =IF(G25="","",IF(G25=0,"",G25/(G22*100))) | H26: =IF(H25="","",IF(H25=0,"",H25/(H22*100))) | I26: =IF(I25="","",IF(I25=0,"",I25/(I22*100))) | J26: =IF(J25="","",IF(J25=0,"",J25/(J22*100))) | K26: =IF(K25="","",IF(K25=0,"",K25/(K22*100))) -> 1.6666667 | ... AS26: =IF(AS25="","",IF(AS25=0,"",AS25/(AS22*100)))
A27: 鹿屋 | B27: 100円 | C27: 4029 | D27: =IF(D3="","",C27) -> 4029 | E27: 4043 | F27: =IF(F3="","",E27) -> 4043 | G27: =IF(G3="","",F27) -> 4043 | H27: 4136 | I27: =IF(I3="","",H27) -> 4136 | J27: =IF(J3="","",I27) -> 4136 | K27: 4251 | L27: =IF(L3="","",K27) -> 4251 | M27: =IF(M3="","",L27) -> 4251 | N27: =IF(N3="","",M27) -> 4251 | O27: 4333 | P27: =IF(P3="","",O27) -> 4333 | Q27: =IF(Q3="","",P27) -> 4333 | R27: 4617 | S27: =IF(S3="","",R27) -> 4617 | T27: =IF(T3="","",S27) -> 4617 | U27: =IF(U3="","",T27) -> 4617 | V27: 4698 | W27: =IF(W3="","",V27) -> 4698 | X27: =IF(X3="","",W27) -> 4698 | Y27: 4871 | Z27: =IF(Z3="","",Y27) -> 4871 | AA27: =IF(AA3="","",Z27) -> 4871 | AB27: =IF(AB3="","",AA27) -> 4871 | AC27: 5113 | AD27: =IF(AD3="","",AC27) -> 5113 | AE27: =IF(AE3="","",AD27) -> 5113 | AF27: 5273 | AG27: =IF(AG3="","",AF27) | AH27: =IF(AH3="","",AG27) | AI27: =IF(AI3="","",AH27) | AJ27: =IF(AJ3="","",AI27) | AK27: =IF(AK3="","",AJ27) | AL27: =IF(AL3="","",AK27) | AM27: =IF(AM3="","",AL27) | AN27: =IF(AN3="","",AM27) | ... AS27: =IF(AS3="","",AR27)
A28: BUZZ＃１ | B28: プライズ | C28: 366 | D28: =IF(D3="","",C28) -> 366 | E28: 367 | F28: =IF(F3="","",E28) -> 367 | G28: =IF(G3="","",F28) -> 367 | H28: 369 | I28: =IF(I3="","",H28) -> 369 | J28: =IF(J3="","",I28) -> 369 | K28: 371 | L28: =IF(L3="","",K28) -> 371 | M28: =IF(M3="","",L28) -> 371 | N28: =IF(N3="","",M28) -> 371 | O28: 374 | P28: =IF(P3="","",O28) -> 374 | Q28: =IF(Q3="","",P28) -> 374 | R28: 375 | S28: =IF(S3="","",R28) -> 375 | T28: =IF(T3="","",S28) -> 375 | U28: =IF(U3="","",T28) -> 375 | V28: =IF(V3="","",U28) -> 375 | W28: =IF(W3="","",V28) -> 375 | X28: =IF(X3="","",W28) -> 375 | Y28: 376 | Z28: =IF(Z3="","",Y28) -> 376 | AA28: =IF(AA3="","",Z28) -> 376 | AB28: =IF(AB3="","",AA28) -> 376 | AC28: 377 | AD28: =IF(AD3="","",AC28) -> 377 | AE28: =IF(AE3="","",AD28) -> 377 | AF28: 378 | AG28: =IF(AG3="","",AF28) | AH28: =IF(AH3="","",AG28) | AI28: =IF(AI3="","",AH28) | AJ28: =IF(AJ3="","",AI28) | AK28: =IF(AK3="","",AJ28) | AL28: =IF(AL3="","",AK28) | AM28: =IF(AM3="","",AL28) | AN28: =IF(AN3="","",AM28) | ... AS28: =IF(AS3="","",AR28)
A29: 3 | B29: 投入残 | C29: 29 | D29: =IF(D27="","",(C29+C30)) -> 29 | E29: 28 | F29: =IF(F27="","",(E29+E30)) -> 9 | G29: =IF(G27="","",(F29+F30)) -> 9 | H29: 7 | I29: =IF(I27="","",(H29+H30)) -> 10 | J29: =IF(J27="","",(I29+I30)) -> 10 | K29: 8 | L29: =IF(L27="","",(K29+K30)) -> 10 | M29: =IF(M27="","",(L29+L30)) -> 10 | N29: =IF(N27="","",(M29+M30)) -> 10 | O29: 7 | P29: =IF(P27="","",(O29+O30)) -> 9 | Q29: =IF(Q27="","",(P29+P30)) -> 9 | R29: =IF(R27="","",(Q29+Q30)) -> 9 | S29: =IF(S27="","",(R29+R30)) -> 9 | T29: =IF(T27="","",(S29+S30)) -> 9 | U29: =IF(U27="","",(T29+T30)) -> 9 | V29: =IF(V27="","",(U29+U30)) -> 9 | W29: =IF(W27="","",(V29+V30)) -> 9 | X29: =IF(X27="","",(W29+W30)) -> 9 | Y29: 8 | Z29: =IF(Z27="","",(Y29+Y30)) -> 9 | AA29: =IF(AA27="","",(Z29+Z30)) -> 9 | AB29: =IF(AB27="","",(AA29+AA30)) -> 9 | AC29: 8 | AD29: =IF(AD27="","",(AC29+AC30)) -> 8 | AE29: =IF(AE27="","",(AD29+AD30)) -> 8 | AF29: 7 | AG29: =IF(AG27="","",(AF29+AF30)) | AH29: =IF(AH27="","",(AG29+AG30)) | AI29: =IF(AI27="","",(AH29+AH30)) | AJ29: =IF(AJ27="","",(AI29+AI30)) | AK29: =IF(AK27="","",(AJ29+AJ30)) | AL29: =IF(AL27="","",(AK29+AK30)) | AM29: =IF(AM27="","",(AL29+AL30)) | AN29: =IF(AN27="","",(AM29+AM30)) | ... AS29: =IF(AS27="","",(AR29+AR30))
B30: 補充 | E30: -19 | H30: 3 | K30: 2 | O30: 2 | Y30: 1 | AF30: 1
B31: 単価 | C31: 450 | D31: =IF(D27="","",C31) -> 450 | E31: =IF(E27="","",D31) -> 450 | F31: =IF(F27="","",E31) -> 450 | G31: =IF(G27="","",F31) -> 450 | H31: =IF(H27="","",G31) -> 450 | I31: =IF(I27="","",H31) -> 450 | J31: =IF(J27="","",I31) -> 450 | K31: =IF(K27="","",J31) -> 450 | ... AS31: =IF(AS27="","",AR31)
A32: 月間予想 | B32: 景品名 | C32: アングリー | D32: =IF(D27="","",C32) -> アングリー | E32: たまごっちマスコット | F32: =IF(F27="","",E32) -> たまごっちマスコット | G32: =IF(G27="","",F32) -> たまごっちマスコット | H32: =IF(H27="","",G32) -> たまごっちマスコット | I32: =IF(I27="","",H32) -> たまごっちマスコット | J32: =IF(J27="","",I32) -> たまごっちマスコット | K32: =IF(K27="","",J32) -> たまごっちマスコット | L32: =IF(L27="","",K32) -> たまごっちマスコット | M32: =IF(M27="","",L32) -> たまごっちマスコット | ... AS32: =IF(AS27="","",AR32)
A33: =AVERAGE(C34:AS34)*30*100 -> 124400 | B33: 設定
A34: =SUM(C34:AS34) -> 1244 | B34: 百差 | C34: 0 | D34: =IF(D27="","",D27-C27) -> 0 | E34: =IF(E27="","",E27-D27) -> 14 | F34: =IF(F27="","",F27-E27) -> 0 | G34: =IF(G27="","",G27-F27) -> 0 | H34: =IF(H27="","",H27-G27) -> 93 | I34: =IF(I27="","",I27-H27) -> 0 | J34: =IF(J27="","",J27-I27) -> 0 | K34: =IF(K27="","",K27-J27) -> 115 | ... AS34: =IF(AS27="","",AS27-AR27)
A35: =SUM(C35:AS35) -> 12 | B35: P差 | C35: 0 | D35: =IF(D28="","",D28-C28) -> 0 | E35: =IF(E28="","",E28-D28) -> 1 | F35: =IF(F28="","",F28-E28) -> 0 | G35: =IF(G28="","",G28-F28) -> 0 | H35: =IF(H28="","",H28-G28) -> 2 | I35: =IF(I28="","",I28-H28) -> 0 | J35: =IF(J28="","",J28-I28) -> 0 | K35: =IF(K28="","",K28-J28) -> 2 | ... AS35: =IF(AS28="","",AS28-AR28)
A36: =SUM(C36:AS36) -> 11 | B36: 払出 | C36: 0 | D36: =IF(D29="","",C29+C30-D29) -> 0 | E36: =IF(E29="","",D29+D30-E29) -> 1 | F36: =IF(F29="","",E29+E30-F29) -> 0 | G36: =IF(G29="","",F29+F30-G29) -> 0 | H36: =IF(H29="","",G29+G30-H29) -> 2 | I36: =IF(I29="","",H29+H30-I29) -> 0 | J36: =IF(J29="","",I29+I30-J29) -> 0 | K36: =IF(K29="","",J29+J30-K29) -> 2 | ... AS36: =IF(AS29="","",AR29+AR30-AS29)
A37: =SUM(C37:AS37) -> 4950 | B37: 払出額 | C37: 0 | D37: =IF(D27="","",D36*D31) -> 0 | E37: =IF(E27="","",E36*E31) -> 450 | F37: =IF(F27="","",F36*F31) -> 0 | G37: =IF(G27="","",G36*G31) -> 0 | H37: =IF(H27="","",H36*H31) -> 900 | I37: =IF(I27="","",I36*I31) -> 0 | J37: =IF(J27="","",J36*J31) -> 0 | K37: =IF(K27="","",K36*K31) -> 900 | ... AS37: =IF(AS27="","",AS36*AS31)
A38: =IF(A37="","",A37/(A34*100)) -> 0.039790997 | B38: 原価率 | D38: =IF(D37="","",IF(D37=0,"",D37/(D34*100))) | E38: =IF(E37="","",IF(E37=0,"",E37/(E34*100))) -> 0.32142857 | F38: =IF(F37="","",IF(F37=0,"",F37/(F34*100))) | G38: =IF(G37="","",IF(G37=0,"",G37/(G34*100))) | H38: =IF(H37="","",IF(H37=0,"",H37/(H34*100))) -> 0.096774194 | I38: =IF(I37="","",IF(I37=0,"",I37/(I34*100))) | J38: =IF(J37="","",IF(J37=0,"",J37/(J34*100))) | K38: =IF(K37="","",IF(K37=0,"",K37/(K34*100))) -> 0.07826087 | ... AS38: =IF(AS37="","",IF(AS37=0,"",AS37/(AS34*100)))
A39: 鹿屋 | B39: 100円 | C39: 8984 | D39: =IF(D3="","",C39) -> 8984 | E39: 9026 | F39: =IF(F3="","",E39) -> 9026 | G39: =IF(G3="","",F39) -> 9026 | H39: 9037 | I39: =IF(I3="","",H39) -> 9037 | J39: =IF(J3="","",I39) -> 9037 | K39: 9161 | L39: =IF(L3="","",K39) -> 9161 | M39: =IF(M3="","",L39) -> 9161 | N39: =IF(N3="","",M39) -> 9161 | O39: 9191 | P39: =IF(P3="","",O39) -> 9191 | Q39: =IF(Q3="","",P39) -> 9191 | R39: 9247 | S39: =IF(S3="","",R39) -> 9247 | T39: =IF(T3="","",S39) -> 9247 | U39: =IF(U3="","",T39) -> 9247 | V39: 9261 | W39: =IF(W3="","",V39) -> 9261 | X39: =IF(X3="","",W39) -> 9261 | Y39: 9379 | Z39: =IF(Z3="","",Y39) -> 9379 | AA39: =IF(AA3="","",Z39) -> 9379 | AB39: =IF(AB3="","",AA39) -> 9379 | AC39: 9398 | AD39: =IF(AD3="","",AC39) -> 9398 | AE39: =IF(AE3="","",AD39) -> 9398 | AF39: 9469 | AG39: =IF(AG3="","",AF39) | AH39: =IF(AH3="","",AG39) | AI39: =IF(AI3="","",AH39) | AJ39: =IF(AJ3="","",AI39) | AK39: =IF(AK3="","",AJ39) | AL39: =IF(AL3="","",AK39) | AM39: =IF(AM3="","",AL39) | AN39: =IF(AN3="","",AM39) | ... AS39: =IF(AS3="","",AR39)
A40: BUZZ＃１ | B40: プライズ | C40: 520 | D40: =IF(D3="","",C40) -> 520 | E40: 525 | F40: =IF(F3="","",E40) -> 525 | G40: =IF(G3="","",F40) -> 525 | H40: 526 | I40: =IF(I3="","",H40) -> 526 | J40: =IF(J3="","",I40) -> 526 | K40: 534 | L40: =IF(L3="","",K40) -> 534 | M40: =IF(M3="","",L40) -> 534 | N40: =IF(N3="","",M40) -> 534 | O40: 538 | P40: =IF(P3="","",O40) -> 538 | Q40: =IF(Q3="","",P40) -> 538 | R40: 543 | S40: =IF(S3="","",R40) -> 543 | T40: =IF(T3="","",S40) -> 543 | U40: =IF(U3="","",T40) -> 543 | V40: 547 | W40: =IF(W3="","",V40) -> 547 | X40: =IF(X3="","",W40) -> 547 | Y40: 550 | Z40: =IF(Z3="","",Y40) -> 550 | AA40: =IF(AA3="","",Z40) -> 550 | AB40: =IF(AB3="","",AA40) -> 550 | AC40: 553 | AD40: =IF(AD3="","",AC40) -> 553 | AE40: =IF(AE3="","",AD40) -> 553 | AF40: 556 | AG40: =IF(AG3="","",AF40) | AH40: =IF(AH3="","",AG40) | AI40: =IF(AI3="","",AH40) | AJ40: =IF(AJ3="","",AI40) | AK40: =IF(AK3="","",AJ40) | AL40: =IF(AL3="","",AK40) | AM40: =IF(AM3="","",AL40) | AN40: =IF(AN3="","",AM40) | ... AS40: =IF(AS3="","",AR40)
A41: 4 | B41: 投入残 | C41: 57 | D41: =IF(D39="","",(C41+C42)) -> 57 | E41: 52 | F41: =IF(F39="","",(E41+E42)) -> 72 | G41: =IF(G39="","",(F41+F42)) -> 72 | H41: 71 | I41: =IF(I39="","",(H41+H42)) -> 71 | J41: =IF(J39="","",(I41+I42)) -> 71 | K41: 63 | L41: =IF(L39="","",(K41+K42)) -> 103 | M41: =IF(M39="","",(L41+L42)) -> 103 | N41: =IF(N39="","",(M41+M42)) -> 103 | O41: 99 | P41: =IF(P39="","",(O41+O42)) -> 99 | Q41: =IF(Q39="","",(P41+P42)) -> 99 | R41: 94 | S41: =IF(S39="","",(R41+R42)) -> 94 | T41: =IF(T39="","",(S41+S42)) -> 94 | U41: =IF(U39="","",(T41+T42)) -> 94 | V41: 90 | W41: =IF(W39="","",(V41+V42)) -> 90 | X41: =IF(X39="","",(W41+W42)) -> 90 | Y41: 87 | Z41: =IF(Z39="","",(Y41+Y42)) -> 87 | AA41: =IF(AA39="","",(Z41+Z42)) -> 87 | AB41: =IF(AB39="","",(AA41+AA42)) -> 87 | AC41: 84 | AD41: =IF(AD39="","",(AC41+AC42)) -> 84 | AE41: =IF(AE39="","",(AD41+AD42)) -> 84 | AF41: 81 | AG41: =IF(AG39="","",(AF41+AF42)) | AH41: =IF(AH39="","",(AG41+AG42)) | AI41: =IF(AI39="","",(AH41+AH42)) | AJ41: =IF(AJ39="","",(AI41+AI42)) | AK41: =IF(AK39="","",(AJ41+AJ42)) | AL41: =IF(AL39="","",(AK41+AK42)) | AM41: =IF(AM39="","",(AL41+AL42)) | AN41: =IF(AN39="","",(AM41+AM42)) | ... AS41: =IF(AS39="","",(AR41+AR42))
B42: 補充 | E42: 20 | K42: 40
B43: 単価 | C43: 150 | D43: =IF(D39="","",C43) -> 150 | E43: =IF(E39="","",D43) -> 150 | F43: =IF(F39="","",E43) -> 150 | G43: =IF(G39="","",F43) -> 150 | H43: =IF(H39="","",G43) -> 150 | I43: =IF(I39="","",H43) -> 150 | J43: =IF(J39="","",I43) -> 150 | K43: =IF(K39="","",J43) -> 150 | ... AS43: =IF(AS39="","",AR43)
A44: 月間予想 | B44: 景品名 | C44: AIモンスター | D44: =IF(D39="","",C44) -> AIモンスター | E44: =IF(E39="","",D44) -> AIモンスター | F44: =IF(F39="","",E44) -> AIモンスター | G44: =IF(G39="","",F44) -> AIモンスター | H44: =IF(H39="","",G44) -> AIモンスター | I44: =IF(I39="","",H44) -> AIモンスター | J44: =IF(J39="","",I44) -> AIモンスター | K44: =IF(K39="","",J44) -> AIモンスター | ... AS44: =IF(AS39="","",AR44)
A45: =AVERAGE(C46:AS46)*30*100 -> 48500 | B45: 設定
A46: =SUM(C46:AS46) -> 485 | B46: 百差 | C46: 0 | D46: =IF(D39="","",D39-C39) -> 0 | E46: =IF(E39="","",E39-D39) -> 42 | F46: =IF(F39="","",F39-E39) -> 0 | G46: =IF(G39="","",G39-F39) -> 0 | H46: =IF(H39="","",H39-G39) -> 11 | I46: =IF(I39="","",I39-H39) -> 0 | J46: =IF(J39="","",J39-I39) -> 0 | K46: =IF(K39="","",K39-J39) -> 124 | ... AS46: =IF(AS39="","",AS39-AR39)
A47: =SUM(C47:AS47) -> 36 | B47: P差 | C47: 0 | D47: =IF(D40="","",D40-C40) -> 0 | E47: =IF(E40="","",E40-D40) -> 5 | F47: =IF(F40="","",F40-E40) -> 0 | G47: =IF(G40="","",G40-F40) -> 0 | H47: =IF(H40="","",H40-G40) -> 1 | I47: =IF(I40="","",I40-H40) -> 0 | J47: =IF(J40="","",J40-I40) -> 0 | K47: =IF(K40="","",K40-J40) -> 8 | ... AS47: =IF(AS40="","",AS40-AR40)
A48: =SUM(C48:AS48) -> 36 | B48: 払出 | C48: 0 | D48: =IF(D41="","",C41+C42-D41) -> 0 | E48: =IF(E41="","",D41+D42-E41) -> 5 | F48: =IF(F41="","",E41+E42-F41) -> 0 | G48: =IF(G41="","",F41+F42-G41) -> 0 | H48: =IF(H41="","",G41+G42-H41) -> 1 | I48: =IF(I41="","",H41+H42-I41) -> 0 | J48: =IF(J41="","",I41+I42-J41) -> 0 | K48: =IF(K41="","",J41+J42-K41) -> 8 | ... AS48: =IF(AS41="","",AR41+AR42-AS41)
A49: =SUM(C49:AS49) -> 5400 | B49: 払出額 | C49: 0 | D49: =IF(D39="","",D48*D43) -> 0 | E49: =IF(E39="","",E48*E43) -> 750 | F49: =IF(F39="","",F48*F43) -> 0 | G49: =IF(G39="","",G48*G43) -> 0 | H49: =IF(H39="","",H48*H43) -> 150 | I49: =IF(I39="","",I48*I43) -> 0 | J49: =IF(J39="","",J48*J43) -> 0 | K49: =IF(K39="","",K48*K43) -> 1200 | ... AS49: =IF(AS39="","",AS48*AS43)
A50: =IF(A49="","",A49/(A46*100)) -> 0.11134021 | B50: 原価率 | D50: =IF(D49="","",IF(D49=0,"",D49/(D46*100))) | E50: =IF(E49="","",IF(E49=0,"",E49/(E46*100))) -> 0.17857143 | F50: =IF(F49="","",IF(F49=0,"",F49/(F46*100))) | G50: =IF(G49="","",IF(G49=0,"",G49/(G46*100))) | H50: =IF(H49="","",IF(H49=0,"",H49/(H46*100))) -> 0.13636364 | I50: =IF(I49="","",IF(I49=0,"",I49/(I46*100))) | J50: =IF(J49="","",IF(J49=0,"",J49/(J46*100))) | K50: =IF(K49="","",IF(K49=0,"",K49/(K46*100))) -> 0.096774194 | ... AS50: =IF(AS49="","",IF(AS49=0,"",AS49/(AS46*100)))
A51: 鹿屋 | B51: 100円 | C51: 13131 | D51: =IF(D$3="","",C51) -> 13131 | E51: 13191 | F51: =IF(F$3="","",E51) -> 13191 | G51: =IF(G$3="","",F51) -> 13191 | H51: 13201 | I51: =IF(I$3="","",H51) -> 13201 | J51: =IF(J$3="","",I51) -> 13201 | K51: 13288 | L51: =IF(L$3="","",K51) -> 13288 | M51: =IF(M$3="","",L51) -> 13288 | N51: =IF(N$3="","",M51) -> 13288 | O51: 13324 | P51: =IF(P$3="","",O51) -> 13324 | Q51: =IF(Q$3="","",P51) -> 13324 | R51: 13436 | S51: =IF(S$3="","",R51) -> 13436 | T51: =IF(T$3="","",S51) -> 13436 | U51: =IF(U$3="","",T51) -> 13436 | V51: 13456 | W51: =IF(W$3="","",V51) -> 13456 | X51: =IF(X$3="","",W51) -> 13456 | Y51: 13496 | Z51: =IF(Z$3="","",Y51) -> 13496 | AA51: =IF(AA$3="","",Z51) -> 13496 | AB51: =IF(AB$3="","",AA51) -> 13496 | AC51: 13510 | AD51: =IF(AD$3="","",AC51) -> 13510 | AE51: =IF(AE$3="","",AD51) -> 13510 | AF51: 13557 | AG51: =IF(AG$3="","",AF51) | AH51: =IF(AH$3="","",AG51) | AI51: =IF(AI$3="","",AH51) | AJ51: =IF(AJ$3="","",AI51) | AK51: =IF(AK$3="","",AJ51) | AL51: =IF(AL$3="","",AK51) | AM51: =IF(AM$3="","",AL51) | AN51: =IF(AN$3="","",AM51) | ... AS51: =IF(AS$3="","",AR51)
A52: BUZZ＃2 | B52: プライズ | C52: 318 | D52: =IF(D$3="","",C52) -> 318 | E52: 319 | F52: =IF(F$3="","",E52) -> 319 | G52: =IF(G$3="","",F52) -> 319 | H52: =IF(H$3="","",G52) -> 319 | I52: =IF(I$3="","",H52) -> 319 | J52: =IF(J$3="","",I52) -> 319 | K52: =IF(K$3="","",J52) -> 319 | L52: =IF(L$3="","",K52) -> 319 | M52: =IF(M$3="","",L52) -> 319 | N52: =IF(N$3="","",M52) -> 319 | O52: 320 | P52: =IF(P$3="","",O52) -> 320 | Q52: =IF(Q$3="","",P52) -> 320 | R52: 322 | S52: =IF(S$3="","",R52) -> 322 | T52: =IF(T$3="","",S52) -> 322 | U52: =IF(U$3="","",T52) -> 322 | V52: =IF(V$3="","",U52) -> 322 | W52: =IF(W$3="","",V52) -> 322 | X52: =IF(X$3="","",W52) -> 322 | Y52: =IF(Y$3="","",X52) -> 322 | Z52: =IF(Z$3="","",Y52) -> 322 | ... AB52: =IF(AB$3="","",AA52) -> 322 | AC52: 323 | AD52: =IF(AD$3="","",AC52) -> 323 | AE52: =IF(AE$3="","",AD52) -> 323 | AF52: 325 | AG52: =IF(AG$3="","",AF52) | AH52: =IF(AH$3="","",AG52) | AI52: =IF(AI$3="","",AH52) | AJ52: =IF(AJ$3="","",AI52) | AK52: =IF(AK$3="","",AJ52) | AL52: =IF(AL$3="","",AK52) | AM52: =IF(AM$3="","",AL52) | AN52: =IF(AN$3="","",AM52) | ... AS52: =IF(AS$3="","",AR52)
A53: 1 | B53: 投入残 | C53: 8 | D53: =IF(D$3="","",(C53+C54)) -> 8 | E53: 6 | F53: =IF(F$3="","",(E53+E54)) -> 9 | G53: =IF(G$3="","",(F53+F54)) -> 9 | H53: =IF(H$3="","",(G53+G54)) -> 9 | I53: =IF(I$3="","",(H53+H54)) -> 9 | J53: =IF(J$3="","",(I53+I54)) -> 9 | K53: =IF(K$3="","",(J53+J54)) -> 9 | L53: =IF(L$3="","",(K53+K54)) -> 9 | M53: =IF(M$3="","",(L53+L54)) -> 9 | N53: =IF(N$3="","",(M53+M54)) -> 9 | O53: 8 | P53: =IF(P$3="","",(O53+O54)) -> 8 | Q53: =IF(Q$3="","",(P53+P54)) -> 8 | R53: 6 | S53: =IF(S$3="","",(R53+R54)) -> 6 | T53: =IF(T$3="","",(S53+S54)) -> 6 | U53: =IF(U$3="","",(T53+T54)) -> 6 | V53: =IF(V$3="","",(U53+U54)) -> 6 | W53: =IF(W$3="","",(V53+V54)) -> 6 | X53: =IF(X$3="","",(W53+W54)) -> 6 | Y53: =IF(Y$3="","",(X53+X54)) -> 6 | Z53: =IF(Z$3="","",(Y53+Y54)) -> 6 | ... AB53: =IF(AB$3="","",(AA53+AA54)) -> 6 | AC53: 5 | AD53: =IF(AD$3="","",(AC53+AC54)) -> 5 | AE53: =IF(AE$3="","",(AD53+AD54)) -> 5 | AF53: 3 | AG53: =IF(AG$3="","",(AF53+AF54)) | AH53: =IF(AH$3="","",(AG53+AG54)) | AI53: =IF(AI$3="","",(AH53+AH54)) | AJ53: =IF(AJ$3="","",(AI53+AI54)) | AK53: =IF(AK$3="","",(AJ53+AJ54)) | AL53: =IF(AL$3="","",(AK53+AK54)) | AM53: =IF(AM$3="","",(AL53+AL54)) | AN53: =IF(AN$3="","",(AM53+AM54)) | ... AS53: =IF(AS$3="","",(AR53+AR54))
A54: 機械合計 | B54: 補充 | E54: 3
A55: =+(A58+A70+A82+A94)*100 -> 189400 | B55: 単価 | C55: 750 | D55: =IF(D$3="","",C55) -> 750 | E55: =IF(E$3="","",D55) -> 750 | F55: =IF(F$3="","",E55) -> 750 | G55: =IF(G$3="","",F55) -> 750 | H55: =IF(H$3="","",G55) -> 750 | I55: =IF(I$3="","",H55) -> 750 | J55: =IF(J$3="","",I55) -> 750 | K55: =IF(K$3="","",J55) -> 750 | ... AS55: =IF(AS$3="","",AR55)
A56: 月間予想 | B56: 景品名 | C56: モンチッチキーケース | D56: =IF(D$3="","",C56) -> モンチッチキーケース | E56: =IF(E$3="","",D56) -> モンチッチキーケース | F56: =IF(F$3="","",E56) -> モンチッチキーケース | G56: =IF(G$3="","",F56) -> モンチッチキーケース | H56: =IF(H$3="","",G56) -> モンチッチキーケース | I56: =IF(I$3="","",H56) -> モンチッチキーケース | J56: =IF(J$3="","",I56) -> モンチッチキーケース | K56: =IF(K$3="","",J56) -> モンチッチキーケース | ... AS56: =IF(AS$3="","",AR56)
A57: =AVERAGE(C58:AS58)*30*100 -> 42600 | B57: 設定
A58: =SUM(C58:AS58) -> 426 | B58: 百差 | C58: 0 | D58: =IF(D$3="","",D51-C51) -> 0 | E58: =IF(E$3="","",E51-D51) -> 60 | F58: =IF(F$3="","",F51-E51) -> 0 | G58: =IF(G$3="","",G51-F51) -> 0 | H58: =IF(H$3="","",H51-G51) -> 10 | I58: =IF(I$3="","",I51-H51) -> 0 | J58: =IF(J$3="","",J51-I51) -> 0 | K58: =IF(K$3="","",K51-J51) -> 87 | ... AS58: =IF(AS$3="","",AS51-AR51)
A59: =SUM(C59:AS59) -> 7 | B59: P差 | C59: 0 | D59: =IF(D$3="","",D52-C52) -> 0 | E59: =IF(E$3="","",E52-D52) -> 1 | F59: =IF(F$3="","",F52-E52) -> 0 | G59: =IF(G$3="","",G52-F52) -> 0 | H59: =IF(H$3="","",H52-G52) -> 0 | I59: =IF(I$3="","",I52-H52) -> 0 | J59: =IF(J$3="","",J52-I52) -> 0 | K59: =IF(K$3="","",K52-J52) -> 0 | ... AS59: =IF(AS$3="","",AS52-AR52)
A60: =SUM(C60:AS60) -> 8 | B60: 払出 | C60: 0 | D60: =IF(D$3="","",C53+C54-D53) -> 0 | E60: =IF(E$3="","",D53+D54-E53) -> 2 | F60: =IF(F$3="","",E53+E54-F53) -> 0 | G60: =IF(G$3="","",F53+F54-G53) -> 0 | H60: =IF(H$3="","",G53+G54-H53) -> 0 | I60: =IF(I$3="","",H53+H54-I53) -> 0 | J60: =IF(J$3="","",I53+I54-J53) -> 0 | K60: =IF(K$3="","",J53+J54-K53) -> 0 | ... AS60: =IF(AS$3="","",AR53+AR54-AS53)
A61: =SUM(C61:AS61) -> 6000 | B61: 払出額 | C61: 0 | D61: =IF(D$3="","",D60*D55) -> 0 | E61: =IF(E$3="","",E60*E55) -> 1500 | F61: =IF(F$3="","",F60*F55) -> 0 | G61: =IF(G$3="","",G60*G55) -> 0 | H61: =IF(H$3="","",H60*H55) -> 0 | I61: =IF(I$3="","",I60*I55) -> 0 | J61: =IF(J$3="","",J60*J55) -> 0 | K61: =IF(K$3="","",K60*K55) -> 0 | ... AS61: =IF(AS$3="","",AS60*AS55)
A62: =IF(A61="","",A61/(A58*100)) -> 0.14084507 | B62: 原価率 | D62: =IF(D$3="","",IF(D61=0,"",D61/(D58*100))) | E62: =IF(E$3="","",IF(E61=0,"",E61/(E58*100))) -> 0.25 | F62: =IF(F$3="","",IF(F61=0,"",F61/(F58*100))) | G62: =IF(G$3="","",IF(G61=0,"",G61/(G58*100))) | H62: =IF(H$3="","",IF(H61=0,"",H61/(H58*100))) | I62: =IF(I$3="","",IF(I61=0,"",I61/(I58*100))) | J62: =IF(J$3="","",IF(J61=0,"",J61/(J58*100))) | K62: =IF(K$3="","",IF(K61=0,"",K61/(K58*100))) | ... AS62: =IF(AS$3="","",IF(AS61=0,"",AS61/(AS58*100)))
A63: 鹿屋 | B63: 100円 | C63: 13723 | D63: =IF(D$3="","",C63) -> 13723 | E63: 13747 | F63: =IF(F$3="","",E63) -> 13747 | G63: =IF(G$3="","",F63) -> 13747 | H63: 13761 | I63: =IF(I$3="","",H63) -> 13761 | J63: =IF(J$3="","",I63) -> 13761 | K63: 13798 | L63: =IF(L$3="","",K63) -> 13798 | M63: =IF(M$3="","",L63) -> 13798 | N63: =IF(N$3="","",M63) -> 13798 | O63: 13824 | P63: =IF(P$3="","",O63) -> 13824 | Q63: =IF(Q$3="","",P63) -> 13824 | R63: 13848 | S63: =IF(S$3="","",R63) -> 13848 | T63: =IF(T$3="","",S63) -> 13848 | U63: =IF(U$3="","",T63) -> 13848 | V63: 13870 | W63: =IF(W$3="","",V63) -> 13870 | X63: =IF(X$3="","",W63) -> 13870 | Y63: 13912 | Z63: =IF(Z$3="","",Y63) -> 13912 | AA63: =IF(AA$3="","",Z63) -> 13912 | AB63: =IF(AB$3="","",AA63) -> 13912 | AC63: 13930 | AD63: =IF(AD$3="","",AC63) -> 13930 | AE63: =IF(AE$3="","",AD63) -> 13930 | AF63: 13959 | AG63: =IF(AG$3="","",AF63) | AH63: =IF(AH$3="","",AG63) | AI63: =IF(AI$3="","",AH63) | AJ63: =IF(AJ$3="","",AI63) | AK63: =IF(AK$3="","",AJ63) | AL63: =IF(AL$3="","",AK63) | AM63: =IF(AM$3="","",AL63) | AN63: =IF(AN$3="","",AM63) | ... AS63: =IF(AS$3="","",AR63)
A64: BUZZ＃2 | B64: プライズ | C64: 358 | D64: =IF(D$3="","",C64) -> 358 | E64: 360 | F64: =IF(F$3="","",E64) -> 360 | G64: =IF(G$3="","",F64) -> 360 | H64: 363 | I64: =IF(I$3="","",H64) -> 363 | J64: =IF(J$3="","",I64) -> 363 | K64: =IF(K$3="","",J64) -> 363 | L64: =IF(L$3="","",K64) -> 363 | M64: =IF(M$3="","",L64) -> 363 | N64: =IF(N$3="","",M64) -> 363 | O64: 372 | P64: =IF(P$3="","",O64) -> 372 | Q64: =IF(Q$3="","",P64) -> 372 | R64: =IF(R$3="","",Q64) -> 372 | S64: =IF(S$3="","",R64) -> 372 | T64: =IF(T$3="","",S64) -> 372 | U64: =IF(U$3="","",T64) -> 372 | V64: =IF(V$3="","",U64) -> 372 | W64: =IF(W$3="","",V64) -> 372 | X64: =IF(X$3="","",W64) -> 372 | Y64: 375 | Z64: =IF(Z$3="","",Y64) -> 375 | AA64: =IF(AA$3="","",Z64) -> 375 | AB64: =IF(AB$3="","",AA64) -> 375 | AC64: =IF(AC$3="","",AB64) -> 375 | AD64: =IF(AD$3="","",AC64) -> 375 | AE64: =IF(AE$3="","",AD64) -> 375 | AF64: 377 | AG64: =IF(AG$3="","",AF64) | AH64: =IF(AH$3="","",AG64) | AI64: =IF(AI$3="","",AH64) | AJ64: =IF(AJ$3="","",AI64) | AK64: =IF(AK$3="","",AJ64) | AL64: =IF(AL$3="","",AK64) | AM64: =IF(AM$3="","",AL64) | AN64: =IF(AN$3="","",AM64) | ... AS64: =IF(AS$3="","",AR64)
A65: 2 | B65: 投入残 | C65: 7 | D65: =IF(D$3="","",(C65+C66)) -> 7 | E65: 4 | F65: =IF(F$3="","",(E65+E66)) -> 7 | G65: =IF(G$3="","",(F65+F66)) -> 7 | H65: 3 | I65: =IF(I$3="","",(H65+H66)) -> 3 | J65: =IF(J$3="","",(I65+I66)) -> 3 | K65: 2 | L65: =IF(L$3="","",(K65+K66)) -> 10 | M65: =IF(M$3="","",(L65+L66)) -> 10 | N65: =IF(N$3="","",(M65+M66)) -> 10 | O65: 5 | P65: =IF(P$3="","",(O65+O66)) -> 9 | Q65: =IF(Q$3="","",(P65+P66)) -> 9 | R65: =IF(R$3="","",(Q65+Q66)) -> 9 | S65: =IF(S$3="","",(R65+R66)) -> 9 | T65: =IF(T$3="","",(S65+S66)) -> 9 | U65: =IF(U$3="","",(T65+T66)) -> 9 | V65: =IF(V$3="","",(U65+U66)) -> 9 | W65: =IF(W$3="","",(V65+V66)) -> 9 | X65: =IF(X$3="","",(W65+W66)) -> 9 | Y65: 3 | Z65: =IF(Z$3="","",(Y65+Y66)) -> 8 | AA65: =IF(AA$3="","",(Z65+Z66)) -> 8 | AB65: =IF(AB$3="","",(AA65+AA66)) -> 8 | AC65: =IF(AC$3="","",(AB65+AB66)) -> 8 | AD65: =IF(AD$3="","",(AC65+AC66)) -> 8 | AE65: =IF(AE$3="","",(AD65+AD66)) -> 8 | AF65: 4 | AG65: =IF(AG$3="","",(AF65+AF66)) | AH65: =IF(AH$3="","",(AG65+AG66)) | AI65: =IF(AI$3="","",(AH65+AH66)) | AJ65: =IF(AJ$3="","",(AI65+AI66)) | AK65: =IF(AK$3="","",(AJ65+AJ66)) | AL65: =IF(AL$3="","",(AK65+AK66)) | AM65: =IF(AM$3="","",(AL65+AL66)) | AN65: =IF(AN$3="","",(AM65+AM66)) | ... AS65: =IF(AS$3="","",(AR65+AR66))
B66: 補充 | E66: 3 | K66: 8 | O66: 4 | Y66: 5 | AF66: 4
B67: 単価 | C67: 800 | D67: =IF(D$3="","",C67) -> 800 | E67: =IF(E$3="","",D67) -> 800 | F67: =IF(F$3="","",E67) -> 800 | G67: =IF(G$3="","",F67) -> 800 | H67: =IF(H$3="","",G67) -> 800 | I67: =IF(I$3="","",H67) -> 800 | J67: =IF(J$3="","",I67) -> 800 | K67: =IF(K$3="","",J67) -> 800 | ... AS67: =IF(AS$3="","",AR67)
A68: 月間予想 | B68: 景品名 | C68: 柴犬たまご | D68: =IF(D$3="","",C68) -> 柴犬たまご | E68: =IF(E$3="","",D68) -> 柴犬たまご | F68: =IF(F$3="","",E68) -> 柴犬たまご | G68: =IF(G$3="","",F68) -> 柴犬たまご | H68: =IF(H$3="","",G68) -> 柴犬たまご | I68: =IF(I$3="","",H68) -> 柴犬たまご | J68: =IF(J$3="","",I68) -> 柴犬たまご | K68: =IF(K$3="","",J68) -> 柴犬たまご | ... AS68: =IF(AS$3="","",AR68)
A69: =AVERAGE(C70:AS70)*30*100 -> 23600 | B69: 設定
A70: =SUM(C70:AS70) -> 236 | B70: 百差 | C70: 0 | D70: =IF(D$3="","",D63-C63) -> 0 | E70: =IF(E$3="","",E63-D63) -> 24 | F70: =IF(F$3="","",F63-E63) -> 0 | G70: =IF(G$3="","",G63-F63) -> 0 | H70: =IF(H$3="","",H63-G63) -> 14 | I70: =IF(I$3="","",I63-H63) -> 0 | J70: =IF(J$3="","",J63-I63) -> 0 | K70: =IF(K$3="","",K63-J63) -> 37 | ... AS70: =IF(AS$3="","",AS63-AR63)
A71: =SUM(C71:AS71) -> 19 | B71: P差 | C71: 0 | D71: =IF(D$3="","",D64-C64) -> 0 | E71: =IF(E$3="","",E64-D64) -> 2 | F71: =IF(F$3="","",F64-E64) -> 0 | G71: =IF(G$3="","",G64-F64) -> 0 | H71: =IF(H$3="","",H64-G64) -> 3 | I71: =IF(I$3="","",I64-H64) -> 0 | J71: =IF(J$3="","",J64-I64) -> 0 | K71: =IF(K$3="","",K64-J64) -> 0 | ... AS71: =IF(AS$3="","",AS64-AR64)
A72: =SUM(C72:AS72) -> 23 | B72: 払出 | C72: 0 | D72: =IF(D$3="","",C65+C66-D65) -> 0 | E72: =IF(E$3="","",D65+D66-E65) -> 3 | F72: =IF(F$3="","",E65+E66-F65) -> 0 | G72: =IF(G$3="","",F65+F66-G65) -> 0 | H72: =IF(H$3="","",G65+G66-H65) -> 4 | I72: =IF(I$3="","",H65+H66-I65) -> 0 | J72: =IF(J$3="","",I65+I66-J65) -> 0 | K72: =IF(K$3="","",J65+J66-K65) -> 1 | ... AS72: =IF(AS$3="","",AR65+AR66-AS65)
A73: =SUM(C73:AS73) -> 18400 | B73: 払出額 | C73: 0 | D73: =IF(D$3="","",D72*D67) -> 0 | E73: =IF(E$3="","",E72*E67) -> 2400 | F73: =IF(F$3="","",F72*F67) -> 0 | G73: =IF(G$3="","",G72*G67) -> 0 | H73: =IF(H$3="","",H72*H67) -> 3200 | I73: =IF(I$3="","",I72*I67) -> 0 | J73: =IF(J$3="","",J72*J67) -> 0 | K73: =IF(K$3="","",K72*K67) -> 800 | ... AS73: =IF(AS$3="","",AS72*AS67)
A74: =IF(A73="","",A73/(A70*100)) -> 0.77966102 | B74: 原価率 | D74: =IF(D$3="","",IF(D73=0,"",D73/(D70*100))) | E74: =IF(E$3="","",IF(E73=0,"",E73/(E70*100))) -> 1 | F74: =IF(F$3="","",IF(F73=0,"",F73/(F70*100))) | G74: =IF(G$3="","",IF(G73=0,"",G73/(G70*100))) | H74: =IF(H$3="","",IF(H73=0,"",H73/(H70*100))) -> 2.2857143 | I74: =IF(I$3="","",IF(I73=0,"",I73/(I70*100))) | J74: =IF(J$3="","",IF(J73=0,"",J73/(J70*100))) | K74: =IF(K$3="","",IF(K73=0,"",K73/(K70*100))) -> 0.21621622 | ... AS74: =IF(AS$3="","",IF(AS73=0,"",AS73/(AS70*100)))
A75: 鹿屋 | B75: 100円 | C75: 10537 | D75: =IF(D$3="","",C75) -> 10537 | E75: 10574 | F75: =IF(F$3="","",E75) -> 10574 | G75: =IF(G$3="","",F75) -> 10574 | H75: 10598 | I75: =IF(I$3="","",H75) -> 10598 | J75: =IF(J$3="","",I75) -> 10598 | K75: 10771 | L75: =IF(L$3="","",K75) -> 10771 | M75: =IF(M$3="","",L75) -> 10771 | N75: =IF(N$3="","",M75) -> 10771 | O75: 10822 | P75: =IF(P$3="","",O75) -> 10822 | Q75: =IF(Q$3="","",P75) -> 10822 | R75: 10903 | S75: =IF(S$3="","",R75) -> 10903 | T75: =IF(T$3="","",S75) -> 10903 | U75: =IF(U$3="","",T75) -> 10903 | V75: 10941 | W75: =IF(W$3="","",V75) -> 10941 | X75: =IF(X$3="","",W75) -> 10941 | Y75: 11060 | Z75: =IF(Z$3="","",Y75) -> 11060 | AA75: =IF(AA$3="","",Z75) -> 11060 | AB75: =IF(AB$3="","",AA75) -> 11060 | AC75: 11120 | AD75: =IF(AD$3="","",AC75) -> 11120 | AE75: =IF(AE$3="","",AD75) -> 11120 | AF75: 11238 | AG75: =IF(AG$3="","",AF75) | AH75: =IF(AH$3="","",AG75) | AI75: =IF(AI$3="","",AH75) | AJ75: =IF(AJ$3="","",AI75) | AK75: =IF(AK$3="","",AJ75) | AL75: =IF(AL$3="","",AK75) | AM75: =IF(AM$3="","",AL75) | AN75: =IF(AN$3="","",AM75) | ... AS75: =IF(AS$3="","",AR75)
A76: BUZZ＃2 | B76: プライズ | C76: 660 | D76: =IF(D$3="","",C76) -> 660 | E76: 661 | F76: =IF(F$3="","",E76) -> 661 | G76: =IF(G$3="","",F76) -> 661 | H76: =IF(H$3="","",G76) -> 661 | I76: =IF(I$3="","",H76) -> 661 | J76: =IF(J$3="","",I76) -> 661 | K76: 665 | L76: =IF(L$3="","",K76) -> 665 | M76: =IF(M$3="","",L76) -> 665 | N76: =IF(N$3="","",M76) -> 665 | O76: 666 | P76: =IF(P$3="","",O76) -> 666 | Q76: =IF(Q$3="","",P76) -> 666 | R76: 667 | S76: =IF(S$3="","",R76) -> 667 | T76: =IF(T$3="","",S76) -> 667 | U76: =IF(U$3="","",T76) -> 667 | V76: =IF(V$3="","",U76) -> 667 | W76: =IF(W$3="","",V76) -> 667 | X76: =IF(X$3="","",W76) -> 667 | Y76: =IF(Y$3="","",X76) -> 667 | Z76: =IF(Z$3="","",Y76) -> 667 | ... AE76: =IF(AE$3="","",AD76) -> 667 | AF76: 668 | AG76: =IF(AG$3="","",AF76) | AH76: =IF(AH$3="","",AG76) | AI76: =IF(AI$3="","",AH76) | AJ76: =IF(AJ$3="","",AI76) | AK76: =IF(AK$3="","",AJ76) | AL76: =IF(AL$3="","",AK76) | AM76: =IF(AM$3="","",AL76) | AN76: =IF(AN$3="","",AM76) | ... AS76: =IF(AS$3="","",AR76)
A77: 3 | B77: 投入残 | C77: 28 | D77: =IF(D$3="","",(C77+C78)) -> 28 | E77: 27 | F77: =IF(F$3="","",(E77+E78)) -> 30 | G77: =IF(G$3="","",(F77+F78)) -> 30 | H77: =IF(H$3="","",(G77+G78)) -> 30 | I77: =IF(I$3="","",(H77+H78)) -> 4 | J77: =IF(J$3="","",(I77+I78)) -> 4 | K77: 1 | L77: =IF(L$3="","",(K77+K78)) -> 3 | M77: =IF(M$3="","",(L77+L78)) -> 3 | N77: =IF(N$3="","",(M77+M78)) -> 3 | O77: 2 | P77: =IF(P$3="","",(O77+O78)) -> 2 | Q77: =IF(Q$3="","",(P77+P78)) -> 2 | R77: 1 | S77: =IF(S$3="","",(R77+R78)) -> 3 | T77: =IF(T$3="","",(S77+S78)) -> 3 | U77: =IF(U$3="","",(T77+T78)) -> 3 | V77: =IF(V$3="","",(U77+U78)) -> 3 | W77: =IF(W$3="","",(V77+V78)) -> 3 | X77: =IF(X$3="","",(W77+W78)) -> 3 | Y77: =IF(Y$3="","",(X77+X78)) -> 3 | Z77: =IF(Z$3="","",(Y77+Y78)) -> 3 | ... AE77: =IF(AE$3="","",(AD77+AD78)) -> 3 | AF77: 0 | AG77: =IF(AG$3="","",(AF77+AF78)) | AH77: =IF(AH$3="","",(AG77+AG78)) | AI77: =IF(AI$3="","",(AH77+AH78)) | AJ77: =IF(AJ$3="","",(AI77+AI78)) | AK77: =IF(AK$3="","",(AJ77+AJ78)) | AL77: =IF(AL$3="","",(AK77+AK78)) | AM77: =IF(AM$3="","",(AL77+AL78)) | AN77: =IF(AN$3="","",(AM77+AM78)) | ... AS77: =IF(AS$3="","",(AR77+AR78))
B78: 補充 | E78: 3 | H78: -26 | K78: 2 | R78: 2 | AF78: 72
B79: 単価 | C79: 150 | D79: =IF(D$3="","",C79) -> 150 | E79: =IF(E$3="","",D79) -> 150 | F79: =IF(F$3="","",E79) -> 150 | G79: =IF(G$3="","",F79) -> 150 | H79: =IF(H$3="","",G79) -> 150 | I79: =IF(I$3="","",H79) -> 150 | J79: =IF(J$3="","",I79) -> 150 | K79: =IF(K$3="","",J79) -> 150 | ... AS79: =IF(AS$3="","",AR79)
A80: 月間予想 | B80: 景品名 | C80: ラブブKH | D80: =IF(D$3="","",C80) -> ラブブKH | E80: =IF(E$3="","",D80) -> ラブブKH | F80: =IF(F$3="","",E80) -> ラブブKH | G80: =IF(G$3="","",F80) -> ラブブKH | H80: パステルケーキ | I80: =IF(I$3="","",H80) -> パステルケーキ | J80: =IF(J$3="","",I80) -> パステルケーキ | K80: =IF(K$3="","",J80) -> パステルケーキ | L80: =IF(L$3="","",K80) -> パステルケーキ | M80: =IF(M$3="","",L80) -> パステルケーキ | N80: =IF(N$3="","",M80) -> パステルケーキ | O80: =IF(O$3="","",N80) -> パステルケーキ | P80: =IF(P$3="","",O80) -> パステルケーキ | ... AE80: =IF(AE$3="","",AD80) -> パステルケーキ | AF80: ラブブ風キーホルダー | AG80: =IF(AG$3="","",AF80) | AH80: =IF(AH$3="","",AG80) | AI80: =IF(AI$3="","",AH80) | AJ80: =IF(AJ$3="","",AI80) | AK80: =IF(AK$3="","",AJ80) | AL80: =IF(AL$3="","",AK80) | AM80: =IF(AM$3="","",AL80) | AN80: =IF(AN$3="","",AM80) | ... AS80: =IF(AS$3="","",AR80)
A81: =AVERAGE(C82:AS82)*30*100 -> 70100 | B81: 設定
A82: =SUM(C82:AS82) -> 701 | B82: 百差 | C82: 0 | D82: =IF(D$3="","",D75-C75) -> 0 | E82: =IF(E$3="","",E75-D75) -> 37 | F82: =IF(F$3="","",F75-E75) -> 0 | G82: =IF(G$3="","",G75-F75) -> 0 | H82: =IF(H$3="","",H75-G75) -> 24 | I82: =IF(I$3="","",I75-H75) -> 0 | J82: =IF(J$3="","",J75-I75) -> 0 | K82: =IF(K$3="","",K75-J75) -> 173 | ... AS82: =IF(AS$3="","",AS75-AR75)
A83: =SUM(C83:AS83) -> 8 | B83: P差 | C83: 0 | D83: =IF(D$3="","",D76-C76) -> 0 | E83: =IF(E$3="","",E76-D76) -> 1 | F83: =IF(F$3="","",F76-E76) -> 0 | G83: =IF(G$3="","",G76-F76) -> 0 | H83: =IF(H$3="","",H76-G76) -> 0 | I83: =IF(I$3="","",I76-H76) -> 0 | J83: =IF(J$3="","",J76-I76) -> 0 | K83: =IF(K$3="","",K76-J76) -> 4 | ... AS83: =IF(AS$3="","",AS76-AR76)
A84: =SUM(C84:AS84) -> 9 | B84: 払出 | C84: 0 | D84: =IF(D$3="","",C77+C78-D77) -> 0 | E84: =IF(E$3="","",D77+D78-E77) -> 1 | F84: =IF(F$3="","",E77+E78-F77) -> 0 | G84: =IF(G$3="","",F77+F78-G77) -> 0 | H84: =IF(H$3="","",G77+G78-H77) -> 0 | I84: =IF(I$3="","",H77+H78-I77) -> 0 | J84: =IF(J$3="","",I77+I78-J77) -> 0 | K84: =IF(K$3="","",J77+J78-K77) -> 3 | ... AS84: =IF(AS$3="","",AR77+AR78-AS77)
A85: =SUM(C85:AS85) -> 1350 | B85: 払出額 | C85: 0 | D85: =IF(D$3="","",D84*D79) -> 0 | E85: =IF(E$3="","",E84*E79) -> 150 | F85: =IF(F$3="","",F84*F79) -> 0 | G85: =IF(G$3="","",G84*G79) -> 0 | H85: =IF(H$3="","",H84*H79) -> 0 | I85: =IF(I$3="","",I84*I79) -> 0 | J85: =IF(J$3="","",J84*J79) -> 0 | K85: =IF(K$3="","",K84*K79) -> 450 | ... AS85: =IF(AS$3="","",AS84*AS79)
A86: =IF(A85="","",A85/(A82*100)) -> 0.019258203 | B86: 原価率 | D86: =IF(D$3="","",IF(D85=0,"",D85/(D82*100))) | E86: =IF(E$3="","",IF(E85=0,"",E85/(E82*100))) -> 0.040540541 | F86: =IF(F$3="","",IF(F85=0,"",F85/(F82*100))) | G86: =IF(G$3="","",IF(G85=0,"",G85/(G82*100))) | H86: =IF(H$3="","",IF(H85=0,"",H85/(H82*100))) | I86: =IF(I$3="","",IF(I85=0,"",I85/(I82*100))) | J86: =IF(J$3="","",IF(J85=0,"",J85/(J82*100))) | K86: =IF(K$3="","",IF(K85=0,"",K85/(K82*100))) -> 0.026011561 | ... AS86: =IF(AS$3="","",IF(AS85=0,"",AS85/(AS82*100)))
A87: 鹿屋 | B87: 100円 | C87: 17202 | D87: =IF(D$3="","",C87) -> 17202 | E87: 17279 | F87: =IF(F$3="","",E87) -> 17279 | G87: =IF(G$3="","",F87) -> 17279 | H87: 17296 | I87: =IF(I$3="","",H87) -> 17296 | J87: =IF(J$3="","",I87) -> 17296 | K87: 17440 | L87: =IF(L$3="","",K87) -> 17440 | M87: =IF(M$3="","",L87) -> 17440 | N87: =IF(N$3="","",M87) -> 17440 | O87: 17464 | P87: =IF(P$3="","",O87) -> 17464 | Q87: =IF(Q$3="","",P87) -> 17464 | R87: 17499 | S87: =IF(S$3="","",R87) -> 17499 | T87: =IF(T$3="","",S87) -> 17499 | U87: =IF(U$3="","",T87) -> 17499 | V87: 17553 | W87: =IF(W$3="","",V87) -> 17553 | X87: =IF(X$3="","",W87) -> 17553 | Y87: 17631 | Z87: =IF(Z$3="","",Y87) -> 17631 | AA87: =IF(AA$3="","",Z87) -> 17631 | AB87: =IF(AB$3="","",AA87) -> 17631 | AC87: 17648 | AD87: =IF(AD$3="","",AC87) -> 17648 | AE87: =IF(AE$3="","",AD87) -> 17648 | AF87: 17733 | AG87: =IF(AG$3="","",AF87) | AH87: =IF(AH$3="","",AG87) | AI87: =IF(AI$3="","",AH87) | AJ87: =IF(AJ$3="","",AI87) | AK87: =IF(AK$3="","",AJ87) | AL87: =IF(AL$3="","",AK87) | AM87: =IF(AM$3="","",AL87) | AN87: =IF(AN$3="","",AM87) | ... AS87: =IF(AS$3="","",AR87)
A88: BUZZ＃2 | B88: プライズ | C88: 616 | D88: =IF(D$3="","",C88) -> 616 | E88: =IF(E$3="","",D88) -> 616 | F88: =IF(F$3="","",E88) -> 616 | G88: =IF(G$3="","",F88) -> 616 | H88: 617 | I88: =IF(I$3="","",H88) -> 617 | J88: =IF(J$3="","",I88) -> 617 | K88: 619 | L88: =IF(L$3="","",K88) -> 619 | M88: =IF(M$3="","",L88) -> 619 | N88: =IF(N$3="","",M88) -> 619 | O88: 620 | P88: =IF(P$3="","",O88) -> 620 | Q88: =IF(Q$3="","",P88) -> 620 | R88: 621 | S88: =IF(S$3="","",R88) -> 621 | T88: =IF(T$3="","",S88) -> 621 | U88: =IF(U$3="","",T88) -> 621 | V88: 622 | W88: =IF(W$3="","",V88) -> 622 | X88: =IF(X$3="","",W88) -> 622 | Y88: =IF(Y$3="","",X88) -> 622 | Z88: =IF(Z$3="","",Y88) -> 622 | AA88: =IF(AA$3="","",Z88) -> 622 | AB88: =IF(AB$3="","",AA88) -> 622 | AC88: =IF(AC$3="","",AB88) -> 622 | AD88: =IF(AD$3="","",AC88) -> 622 | AE88: =IF(AE$3="","",AD88) -> 622 | AF88: 624 | AG88: =IF(AG$3="","",AF88) | AH88: =IF(AH$3="","",AG88) | AI88: =IF(AI$3="","",AH88) | AJ88: =IF(AJ$3="","",AI88) | AK88: =IF(AK$3="","",AJ88) | AL88: =IF(AL$3="","",AK88) | AM88: =IF(AM$3="","",AL88) | AN88: =IF(AN$3="","",AM88) | ... AS88: =IF(AS$3="","",AR88)
A89: 4 | B89: 投入残 | C89: 7 | D89: =IF(D$3="","",(C89+C90)) -> 7 | E89: =IF(E$3="","",(D89+D90)) -> 7 | F89: =IF(F$3="","",(E89+E90)) -> 7 | G89: =IF(G$3="","",(F89+F90)) -> 7 | H89: 6 | I89: =IF(I$3="","",(H89+H90)) -> 6 | J89: =IF(J$3="","",(I89+I90)) -> 6 | K89: 4 | L89: =IF(L$3="","",(K89+K90)) -> 13 | M89: =IF(M$3="","",(L89+L90)) -> 13 | N89: =IF(N$3="","",(M89+M90)) -> 13 | O89: 12 | P89: =IF(P$3="","",(O89+O90)) -> 12 | Q89: =IF(Q$3="","",(P89+P90)) -> 12 | R89: 11 | S89: =IF(S$3="","",(R89+R90)) -> 11 | T89: =IF(T$3="","",(S89+S90)) -> 11 | U89: =IF(U$3="","",(T89+T90)) -> 11 | V89: =IF(V$3="","",(U89+U90)) -> 11 | W89: =IF(W$3="","",(V89+V90)) -> 11 | X89: =IF(X$3="","",(W89+W90)) -> 11 | Y89: =IF(Y$3="","",(X89+X90)) -> 11 | Z89: =IF(Z$3="","",(Y89+Y90)) -> 11 | ... AE89: =IF(AE$3="","",(AD89+AD90)) -> 11 | AF89: 9 | AG89: =IF(AG$3="","",(AF89+AF90)) | AH89: =IF(AH$3="","",(AG89+AG90)) | AI89: =IF(AI$3="","",(AH89+AH90)) | AJ89: =IF(AJ$3="","",(AI89+AI90)) | AK89: =IF(AK$3="","",(AJ89+AJ90)) | AL89: =IF(AL$3="","",(AK89+AK90)) | AM89: =IF(AM$3="","",(AL89+AL90)) | AN89: =IF(AN$3="","",(AM89+AM90)) | ... AS89: =IF(AS$3="","",(AR89+AR90))
B90: 補充 | K90: 9 | AF90: 15
B91: 単価 | C91: 400 | D91: =IF(D$3="","",C91) -> 400 | E91: =IF(E$3="","",D91) -> 400 | F91: =IF(F$3="","",E91) -> 400 | G91: =IF(G$3="","",F91) -> 400 | H91: =IF(H$3="","",G91) -> 400 | I91: =IF(I$3="","",H91) -> 400 | J91: =IF(J$3="","",I91) -> 400 | K91: =IF(K$3="","",J91) -> 400 | ... AS91: =IF(AS$3="","",AR91)
A92: 月間予想 | B92: 景品名 | C92: ラブブMC | D92: =IF(D$3="","",C92) -> ラブブMC | E92: =IF(E$3="","",D92) -> ラブブMC | F92: =IF(F$3="","",E92) -> ラブブMC | G92: =IF(G$3="","",F92) -> ラブブMC | H92: =IF(H$3="","",G92) -> ラブブMC | I92: =IF(I$3="","",H92) -> ラブブMC | J92: =IF(J$3="","",I92) -> ラブブMC | K92: =IF(K$3="","",J92) -> ラブブMC | ... AS92: =IF(AS$3="","",AR92)
A93: =AVERAGE(C94:AS94)*30*100 -> 53100 | B93: 設定
A94: =SUM(C94:AS94) -> 531 | B94: 百差 | C94: 0 | D94: =IF(D$3="","",D87-C87) -> 0 | E94: =IF(E$3="","",E87-D87) -> 77 | F94: =IF(F$3="","",F87-E87) -> 0 | G94: =IF(G$3="","",G87-F87) -> 0 | H94: =IF(H$3="","",H87-G87) -> 17 | I94: =IF(I$3="","",I87-H87) -> 0 | J94: =IF(J$3="","",J87-I87) -> 0 | K94: =IF(K$3="","",K87-J87) -> 144 | ... AS94: =IF(AS$3="","",AS87-AR87)
A95: =SUM(C95:AS95) -> 8 | B95: P差 | C95: 0 | D95: =IF(D$3="","",D88-C88) -> 0 | E95: =IF(E$3="","",E88-D88) -> 0 | F95: =IF(F$3="","",F88-E88) -> 0 | G95: =IF(G$3="","",G88-F88) -> 0 | H95: =IF(H$3="","",H88-G88) -> 1 | I95: =IF(I$3="","",I88-H88) -> 0 | J95: =IF(J$3="","",J88-I88) -> 0 | K95: =IF(K$3="","",K88-J88) -> 2 | ... AS95: =IF(AS$3="","",AS88-AR88)
A96: =SUM(C96:AS96) -> 7 | B96: 払出 | C96: 0 | D96: =IF(D$3="","",C89+C90-D89) -> 0 | E96: =IF(E$3="","",D89+D90-E89) -> 0 | F96: =IF(F$3="","",E89+E90-F89) -> 0 | G96: =IF(G$3="","",F89+F90-G89) -> 0 | H96: =IF(H$3="","",G89+G90-H89) -> 1 | I96: =IF(I$3="","",H89+H90-I89) -> 0 | J96: =IF(J$3="","",I89+I90-J89) -> 0 | K96: =IF(K$3="","",J89+J90-K89) -> 2 | ... AS96: =IF(AS$3="","",AR89+AR90-AS89)
A97: =SUM(C97:AS97) -> 2800 | B97: 払出額 | C97: 0 | D97: =IF(D$3="","",D96*D91) -> 0 | E97: =IF(E$3="","",E96*E91) -> 0 | F97: =IF(F$3="","",F96*F91) -> 0 | G97: =IF(G$3="","",G96*G91) -> 0 | H97: =IF(H$3="","",H96*H91) -> 400 | I97: =IF(I$3="","",I96*I91) -> 0 | J97: =IF(J$3="","",J96*J91) -> 0 | K97: =IF(K$3="","",K96*K91) -> 800 | ... AS97: =IF(AS$3="","",AS96*AS91)
A98: =IF(A97="","",A97/(A94*100)) -> 0.052730697 | B98: 原価率 | D98: =IF(D$3="","",IF(D97=0,"",D97/(D94*100))) | E98: =IF(E$3="","",IF(E97=0,"",E97/(E94*100))) | F98: =IF(F$3="","",IF(F97=0,"",F97/(F94*100))) | G98: =IF(G$3="","",IF(G97=0,"",G97/(G94*100))) | H98: =IF(H$3="","",IF(H97=0,"",H97/(H94*100))) -> 0.23529412 | I98: =IF(I$3="","",IF(I97=0,"",I97/(I94*100))) | J98: =IF(J$3="","",IF(J97=0,"",J97/(J94*100))) | K98: =IF(K$3="","",IF(K97=0,"",K97/(K94*100))) -> 0.055555556 | ... AS98: =IF(AS$3="","",IF(AS97=0,"",AS97/(AS94*100)))
A99: 鹿屋 | B99: 100円 | C99: 2459 | D99: =IF(D$3="","",C99) -> 2459 | E99: 2503 | F99: =IF(F$3="","",E99) -> 2503 | G99: =IF(G$3="","",F99) -> 2503 | H99: 2517 | I99: =IF(I$3="","",H99) -> 2517 | J99: =IF(J$3="","",I99) -> 2517 | K99: 2546 | L99: =IF(L$3="","",K99) -> 2546 | M99: =IF(M$3="","",L99) -> 2546 | N99: =IF(N$3="","",M99) -> 2546 | O99: 2563 | P99: =IF(P$3="","",O99) -> 2563 | Q99: =IF(Q$3="","",P99) -> 2563 | R99: 2646 | S99: =IF(S$3="","",R99) -> 2646 | T99: =IF(T$3="","",S99) -> 2646 | U99: =IF(U$3="","",T99) -> 2646 | V99: 2668 | W99: =IF(W$3="","",V99) -> 2668 | X99: =IF(X$3="","",W99) -> 2668 | Y99: 2678 | Z99: =IF(Z$3="","",Y99) -> 2678 | AA99: =IF(AA$3="","",Z99) -> 2678 | AB99: =IF(AB$3="","",AA99) -> 2678 | AC99: 2729 | AD99: =IF(AD$3="","",AC99) -> 2729 | AE99: =IF(AE$3="","",AD99) -> 2729 | AF99: 2754 | AG99: =IF(AG$3="","",AF99) | AH99: =IF(AH$3="","",AG99) | AI99: =IF(AI$3="","",AH99) | AJ99: =IF(AJ$3="","",AI99) | AK99: =IF(AK$3="","",AJ99) | AL99: =IF(AL$3="","",AK99) | AM99: =IF(AM$3="","",AL99) | AN99: =IF(AN$3="","",AM99) | ... AS99: =IF(AS$3="","",AR99)
A100: BUZZ＃3 | B100: プライズ | C100: 45 | D100: =IF(D$3="","",C100) -> 45 | E100: =IF(E$3="","",D100) -> 45 | F100: =IF(F$3="","",E100) -> 45 | G100: =IF(G$3="","",F100) -> 45 | H100: 47 | I100: =IF(I$3="","",H100) -> 47 | J100: =IF(J$3="","",I100) -> 47 | K100: =IF(K$3="","",J100) -> 47 | L100: =IF(L$3="","",K100) -> 47 | M100: =IF(M$3="","",L100) -> 47 | N100: =IF(N$3="","",M100) -> 47 | O100: =IF(O$3="","",N100) -> 47 | P100: =IF(P$3="","",O100) -> 47 | Q100: =IF(Q$3="","",P100) -> 47 | R100: 48 | S100: =IF(S$3="","",R100) -> 48 | T100: =IF(T$3="","",S100) -> 48 | U100: =IF(U$3="","",T100) -> 48 | V100: =IF(V$3="","",U100) -> 48 | W100: =IF(W$3="","",V100) -> 48 | X100: =IF(X$3="","",W100) -> 48 | Y100: =IF(Y$3="","",X100) -> 48 | Z100: =IF(Z$3="","",Y100) -> 48 | ... AB100: =IF(AB$3="","",AA100) -> 48 | AC100: 50 | AD100: =IF(AD$3="","",AC100) -> 50 | AE100: =IF(AE$3="","",AD100) -> 50 | AF100: =IF(AF$3="","",AE100) -> 50 | AG100: =IF(AG$3="","",AF100) | AH100: =IF(AH$3="","",AG100) | AI100: =IF(AI$3="","",AH100) | AJ100: =IF(AJ$3="","",AI100) | AK100: =IF(AK$3="","",AJ100) | ... AS100: =IF(AS$3="","",AR100)
...

Sheet 都城
A1: =SUM(A57,A69,A81,A93,A9,A21,A33,A45,A201,A213,A225,A237,A105,A117,A129,A141,A153,A165,A177,A189,A249,A261) -> 1286700 | B1: 日付 | C1: 46067 | D1: =C1+1 -> 46068 | E1: =D1+1 -> 46069 | F1: =E1+1 -> 46070 | G1: =F1+1 -> 46071 | H1: =G1+1 -> 46072 | I1: =H1+1 -> 46073 | J1: =I1+1 -> 46074 | K1: =J1+1 -> 46075 | ... AS1: =AR1+1 -> 46109
B2: =SUM(C2:AO2) -> 12867 | C2: 0 | D2: =SUM(D10,D22,D34,D46,D58,D70,D82,D94,D106,D118,D130,D142,D154,D166,D178,D190,D202,D214,D226,D238) -> 0 | E2: =SUM(E10,E22,E34,E46,E58,E70,E82,E94,E106,E118,E130,E142,E154,E166,E178,E190,E202,E214,E226,E238) -> 1637 | F2: =SUM(F10,F22,F34,F46,F58,F70,F82,F94,F106,F118,F130,F142,F154,F166,F178,F190,F202,F214,F226,F238) -> 0 | G2: =SUM(G10,G22,G34,G46,G58,G70,G82,G94,G106,G118,G130,G142,G154,G166,G178,G190,G202,G214,G226,G238) -> 0 | H2: =SUM(H10,H22,H34,H46,H58,H70,H82,H94,H106,H118,H130,H142,H154,H166,H178,H190,H202,H214,H226,H238) -> 1202 | I2: =SUM(I10,I22,I34,I46,I58,I70,I82,I94,I106,I118,I130,I142,I154,I166,I178,I190,I202,I214,I226,I238) -> 0 | J2: =SUM(J10,J22,J34,J46,J58,J70,J82,J94,J106,J118,J130,J142,J154,J166,J178,J190,J202,J214,J226,J238) -> 0 | K2: =SUM(K10,K22,K34,K46,K58,K70,K82,K94,K106,K118,K130,K142,K154,K166,K178,K190,K202,K214,K226,K238) -> 1841 | ... AS2: =SUM(AS10,AS22,AS34,AS46,AS58,AS70,AS82,AS94,AS106,AS118,AS130,AS142,AS154,AS166,AS178,AS190,AS202,AS214,AS226,AS238) -> 0
A3: 都城 | B3: 100円 | C3: 3545 | D3: 3545 | E3: 3590 | F3: 3590 | G3: 3590 | H3: 3618 | I3: 3618 | J3: 3618 | K3: 3631 | L3: 3631 | M3: 3631 | N3: 3631 | O3: 3757 | P3: 3757 | Q3: 3757 | R3: 3771 | S3: 3771 | T3: 3771 | U3: 3771 | V3: 3810 | W3: 3810 | X3: 3810 | Y3: 3819 | Z3: 3819 | AA3: 3819 | AB3: 3819 | AC3: 3874 | AD3: 3874 | AE3: 3874 | AF3: 3917
A4: BUZZ＃１ | B4: プライズ | C4: 81 | D4: =IF(D3="","",C4) -> 81 | E4: 82 | F4: =IF(F3="","",E4) -> 82 | G4: =IF(G3="","",F4) -> 82 | H4: =IF(H3="","",G4) -> 82 | I4: =IF(I3="","",H4) -> 82 | J4: =IF(J3="","",I4) -> 82 | K4: =IF(K3="","",J4) -> 82 | L4: =IF(L3="","",K4) -> 82 | M4: =IF(M3="","",L4) -> 82 | N4: =IF(N3="","",M4) -> 82 | O4: 84 | P4: =IF(P3="","",O4) -> 84 | Q4: =IF(Q3="","",P4) -> 84 | R4: =IF(R3="","",Q4) -> 84 | S4: =IF(S3="","",R4) -> 84 | T4: =IF(T3="","",S4) -> 84 | U4: =IF(U3="","",T4) -> 84 | V4: 85 | W4: =IF(W3="","",V4) -> 85 | X4: =IF(X3="","",W4) -> 85 | Y4: =IF(Y3="","",X4) -> 85 | Z4: =IF(Z3="","",Y4) -> 85 | AA4: =IF(AA3="","",Z4) -> 85 | AB4: =IF(AB3="","",AA4) -> 85 | AC4: 86 | AD4: =IF(AD3="","",AC4) -> 86 | AE4: =IF(AE3="","",AD4) -> 86 | AF4: =IF(AF3="","",AE4) -> 86 | AG4: =IF(AG3="","",AF4) | AH4: =IF(AH3="","",AG4) | AI4: =IF(AI3="","",AH4) | AJ4: =IF(AJ3="","",AI4) | AK4: =IF(AK3="","",AJ4) | ... AS4: =IF(AS3="","",AR4)
A5: 1 | B5: 投入残 | C5: 4 | D5: =IF(D3="","",(C5+C6)) -> 4 | E5: =IF(E3="","",(D5+D6)) -> 4 | F5: =IF(F3="","",(E5+E6)) -> 4 | G5: =IF(G3="","",(F5+F6)) -> 4 | H5: =IF(H3="","",(G5+G6)) -> 4 | I5: =IF(I3="","",(H5+H6)) -> 4 | J5: =IF(J3="","",(I5+I6)) -> 4 | K5: =IF(K3="","",(J5+J6)) -> 4 | ... N5: =IF(N3="","",(M5+M6)) -> 4 | O5: 2 | P5: =IF(P3="","",(O5+O6)) -> 3 | Q5: =IF(Q3="","",(P5+P6)) -> 3 | R5: =IF(R3="","",(Q5+Q6)) -> 3 | S5: =IF(S3="","",(R5+R6)) -> 3 | T5: =IF(T3="","",(S5+S6)) -> 3 | U5: =IF(U3="","",(T5+T6)) -> 3 | V5: =IF(V3="","",(U5+U6)) -> 3 | W5: =IF(W3="","",(V5+V6)) -> 3 | ... AB5: =IF(AB3="","",(AA5+AA6)) -> 3 | AC5: 2 | AD5: =IF(AD3="","",(AC5+AC6)) -> 4 | AE5: =IF(AE3="","",(AD5+AD6)) -> 4 | AF5: =IF(AF3="","",(AE5+AE6)) -> 4 | AG5: =IF(AG3="","",(AF5+AF6)) | AH5: =IF(AH3="","",(AG5+AG6)) | AI5: =IF(AI3="","",(AH5+AH6)) | AJ5: =IF(AJ3="","",(AI5+AI6)) | AK5: =IF(AK3="","",(AJ5+AJ6)) | ... AS5: =IF(AS3="","",(AR5+AR6))
A6: 機械合計 | B6: 補充 | O6: 1 | AC6: 2
A7: =+(A10+A22+A34+A46)*100 -> 176500 | B7: 単価 | C7: 500 | D7: =IF(D3="","",C7) -> 500 | E7: =IF(E3="","",D7) -> 500 | F7: =IF(F3="","",E7) -> 500 | G7: =IF(G3="","",F7) -> 500 | H7: =IF(H3="","",G7) -> 500 | I7: =IF(I3="","",H7) -> 500 | J7: =IF(J3="","",I7) -> 500 | K7: =IF(K3="","",J7) -> 500 | ... AS7: =IF(AS3="","",AR7)
A8: 月間予想 | B8: 景品名 | C8: サンリオフェイスポーチ | D8: =IF(D3="","",C8) -> サンリオフェイスポーチ | E8: =IF(E3="","",D8) -> サンリオフェイスポーチ | F8: =IF(F3="","",E8) -> サンリオフェイスポーチ | G8: =IF(G3="","",F8) -> サンリオフェイスポーチ | H8: =IF(H3="","",G8) -> サンリオフェイスポーチ | I8: =IF(I3="","",H8) -> サンリオフェイスポーチ | J8: =IF(J3="","",I8) -> サンリオフェイスポーチ | K8: =IF(K3="","",J8) -> サンリオフェイスポーチ | ... AS8: =IF(AS3="","",AR8)
A9: =AVERAGE(C10:AS10)*30*100 -> 37200 | B9: 設定
A10: =SUM(C10:AS10) -> 372 | B10: 百差 | C10: 0 | D10: =IF(D3="","",D3-C3) -> 0 | E10: =IF(E3="","",E3-D3) -> 45 | F10: =IF(F3="","",F3-E3) -> 0 | G10: =IF(G3="","",G3-F3) -> 0 | H10: =IF(H3="","",H3-G3) -> 28 | I10: =IF(I3="","",I3-H3) -> 0 | J10: =IF(J3="","",J3-I3) -> 0 | K10: =IF(K3="","",K3-J3) -> 13 | ... AS10: =IF(AS3="","",AS3-AR3)
A11: =SUM(C11:AS11) -> 5 | B11: P差 | C11: 0 | D11: =IF(D4="","",D4-C4) -> 0 | E11: =IF(E4="","",E4-D4) -> 1 | F11: =IF(F4="","",F4-E4) -> 0 | G11: =IF(G4="","",G4-F4) -> 0 | H11: =IF(H4="","",H4-G4) -> 0 | I11: =IF(I4="","",I4-H4) -> 0 | J11: =IF(J4="","",J4-I4) -> 0 | K11: =IF(K4="","",K4-J4) -> 0 | ... AS11: =IF(AS4="","",AS4-AR4)
A12: =SUM(C12:AS12) -> 3 | B12: 払出 | C12: 0 | D12: =IF(D5="","",C5+C6-D5) -> 0 | E12: =IF(E5="","",D5+D6-E5) -> 0 | F12: =IF(F5="","",E5+E6-F5) -> 0 | G12: =IF(G5="","",F5+F6-G5) -> 0 | H12: =IF(H5="","",G5+G6-H5) -> 0 | I12: =IF(I5="","",H5+H6-I5) -> 0 | J12: =IF(J5="","",I5+I6-J5) -> 0 | K12: =IF(K5="","",J5+J6-K5) -> 0 | ... AS12: =IF(AS5="","",AR5+AR6-AS5)
A13: =SUM(C13:AS13) -> 1500 | B13: 払出額 | C13: 0 | D13: =IF(D3="","",D12*D7) -> 0 | E13: =IF(E3="","",E12*E7) -> 0 | F13: =IF(F3="","",F12*F7) -> 0 | G13: =IF(G3="","",G12*G7) -> 0 | H13: =IF(H3="","",H12*H7) -> 0 | I13: =IF(I3="","",I12*I7) -> 0 | J13: =IF(J3="","",J12*J7) -> 0 | K13: =IF(K3="","",K12*K7) -> 0 | ... AS13: =IF(AS3="","",AS12*AS7)
A14: =IF(A13="","",A13/(A10*100)) -> 0.040322581 | B14: 原価率 | D14: =IF(D13="","",IF(D13=0,"",D13/(D10*100))) | E14: =IF(E13="","",IF(E13=0,"",E13/(E10*100))) | F14: =IF(F13="","",IF(F13=0,"",F13/(F10*100))) | G14: =IF(G13="","",IF(G13=0,"",G13/(G10*100))) | H14: =IF(H13="","",IF(H13=0,"",H13/(H10*100))) | I14: =IF(I13="","",IF(I13=0,"",I13/(I10*100))) | J14: =IF(J13="","",IF(J13=0,"",J13/(J10*100))) | K14: =IF(K13="","",IF(K13=0,"",K13/(K10*100))) | ... AS14: =IF(AS13="","",IF(AS13=0,"",AS13/(AS10*100)))
A15: 都城 | B15: 100円 | C15: 5792 | D15: =IF(D3="","",C15) -> 5792 | E15: 5830 | F15: =IF(F3="","",E15) -> 5830 | G15: =IF(G3="","",F15) -> 5830 | H15: 5875 | I15: =IF(I3="","",H15) -> 5875 | J15: =IF(J3="","",I15) -> 5875 | K15: 5966 | L15: =IF(L3="","",K15) -> 5966 | M15: =IF(M3="","",L15) -> 5966 | N15: =IF(N3="","",M15) -> 5966 | O15: 6041 | P15: =IF(P3="","",O15) -> 6041 | Q15: =IF(Q3="","",P15) -> 6041 | R15: 6131 | S15: =IF(S3="","",R15) -> 6131 | T15: =IF(T3="","",S15) -> 6131 | U15: =IF(U3="","",T15) -> 6131 | V15: 6150 | W15: =IF(W3="","",V15) -> 6150 | X15: =IF(X3="","",W15) -> 6150 | Y15: 6230 | Z15: =IF(Z3="","",Y15) -> 6230 | AA15: =IF(AA3="","",Z15) -> 6230 | AB15: =IF(AB3="","",AA15) -> 6230 | AC15: 6317 | AD15: =IF(AD3="","",AC15) -> 6317 | AE15: =IF(AE3="","",AD15) -> 6317 | AF15: 6378 | AG15: =IF(AG3="","",AF15) | AH15: =IF(AH3="","",AG15) | AI15: =IF(AI3="","",AH15) | AJ15: =IF(AJ3="","",AI15) | AK15: =IF(AK3="","",AJ15) | AL15: =IF(AL3="","",AK15) | AM15: =IF(AM3="","",AL15) | AN15: =IF(AN3="","",AM15) | ... AS15: =IF(AS3="","",AR15)
A16: BUZZ＃１ | B16: プライズ | C16: 80 | D16: =IF(D3="","",C16) -> 80 | E16: 81 | F16: =IF(F3="","",E16) -> 81 | G16: =IF(G3="","",F16) -> 81 | H16: 82 | I16: =IF(I3="","",H16) -> 82 | J16: =IF(J3="","",I16) -> 82 | K16: 83 | L16: =IF(L3="","",K16) -> 83 | M16: =IF(M3="","",L16) -> 83 | N16: =IF(N3="","",M16) -> 83 | O16: 84 | P16: =IF(P3="","",O16) -> 84 | Q16: =IF(Q3="","",P16) -> 84 | R16: =IF(R3="","",Q16) -> 84 | S16: =IF(S3="","",R16) -> 84 | T16: =IF(T3="","",S16) -> 84 | U16: =IF(U3="","",T16) -> 84 | V16: =IF(V3="","",U16) -> 84 | W16: =IF(W3="","",V16) -> 84 | X16: =IF(X3="","",W16) -> 84 | Y16: 85 | Z16: =IF(Z3="","",Y16) -> 85 | AA16: =IF(AA3="","",Z16) -> 85 | AB16: =IF(AB3="","",AA16) -> 85 | AC16: 86 | AD16: =IF(AD3="","",AC16) -> 86 | AE16: =IF(AE3="","",AD16) -> 86 | AF16: 87 | AG16: =IF(AG3="","",AF16) | AH16: =IF(AH3="","",AG16) | AI16: =IF(AI3="","",AH16) | AJ16: =IF(AJ3="","",AI16) | AK16: =IF(AK3="","",AJ16) | AL16: =IF(AL3="","",AK16) | AM16: =IF(AM3="","",AL16) | AN16: =IF(AN3="","",AM16) | ... AS16: =IF(AS3="","",AR16)
A17: 2 | B17: 投入残 | C17: 5 | D17: =IF(D15="","",(C17+C18)) -> 5 | E17: =IF(E15="","",(D17+D18)) -> 5 | F17: =IF(F15="","",(E17+E18)) -> 5 | G17: =IF(G15="","",(F17+F18)) -> 5 | H17: 4 | I17: =IF(I15="","",(H17+H18)) -> 5 | J17: =IF(J15="","",(I17+I18)) -> 5 | K17: 4 | L17: =IF(L15="","",(K17+K18)) -> 7 | M17: =IF(M15="","",(L17+L18)) -> 7 | N17: =IF(N15="","",(M17+M18)) -> 7 | O17: 6 | P17: =IF(P15="","",(O17+O18)) -> 7 | Q17: =IF(Q15="","",(P17+P18)) -> 7 | R17: =IF(R15="","",(Q17+Q18)) -> 7 | S17: =IF(S15="","",(R17+R18)) -> 7 | T17: =IF(T15="","",(S17+S18)) -> 7 | U17: =IF(U15="","",(T17+T18)) -> 7 | V17: =IF(V15="","",(U17+U18)) -> 7 | W17: =IF(W15="","",(V17+V18)) -> 7 | ... AE17: =IF(AE15="","",(AD17+AD18)) -> 7 | AF17: 5 | AG17: =IF(AG15="","",(AF17+AF18)) | AH17: =IF(AH15="","",(AG17+AG18)) | AI17: =IF(AI15="","",(AH17+AH18)) | AJ17: =IF(AJ15="","",(AI17+AI18)) | AK17: =IF(AK15="","",(AJ17+AJ18)) | AL17: =IF(AL15="","",(AK17+AK18)) | AM17: =IF(AM15="","",(AL17+AL18)) | AN17: =IF(AN15="","",(AM17+AM18)) | ... AS17: =IF(AS15="","",(AR17+AR18))
B18: 補充 | H18: 1 | K18: 3 | O18: 1
B19: 単価 | C19: 800 | D19: =IF(D15="","",C19) -> 800 | E19: =IF(E15="","",D19) -> 800 | F19: =IF(F15="","",E19) -> 800 | G19: =IF(G15="","",F19) -> 800 | H19: =IF(H15="","",G19) -> 800 | I19: =IF(I15="","",H19) -> 800 | J19: =IF(J15="","",I19) -> 800 | K19: =IF(K15="","",J19) -> 800 | ... AS19: =IF(AS15="","",AR19)
A20: 月間予想 | B20: 景品名 | C20: ミニデジタルカメラ | D20: =IF(D15="","",C20) -> ミニデジタルカメラ | E20: =IF(E15="","",D20) -> ミニデジタルカメラ | F20: =IF(F15="","",E20) -> ミニデジタルカメラ | G20: =IF(G15="","",F20) -> ミニデジタルカメラ | H20: =IF(H15="","",G20) -> ミニデジタルカメラ | I20: =IF(I15="","",H20) -> ミニデジタルカメラ | J20: =IF(J15="","",I20) -> ミニデジタルカメラ | K20: =IF(K15="","",J20) -> ミニデジタルカメラ | ... AS20: =IF(AS15="","",AR20)
A21: =AVERAGE(C22:AS22)*30*100 -> 58600 | B21: 設定
A22: =SUM(C22:AS22) -> 586 | B22: 百差 | C22: 0 | D22: =IF(D15="","",D15-C15) -> 0 | E22: =IF(E15="","",E15-D15) -> 38 | F22: =IF(F15="","",F15-E15) -> 0 | G22: =IF(G15="","",G15-F15) -> 0 | H22: =IF(H15="","",H15-G15) -> 45 | I22: =IF(I15="","",I15-H15) -> 0 | J22: =IF(J15="","",J15-I15) -> 0 | K22: =IF(K15="","",K15-J15) -> 91 | ... AS22: =IF(AS15="","",AS15-AR15)
A23: =SUM(C23:AS23) -> 7 | B23: P差 | C23: 0 | D23: =IF(D16="","",D16-C16) -> 0 | E23: =IF(E16="","",E16-D16) -> 1 | F23: =IF(F16="","",F16-E16) -> 0 | G23: =IF(G16="","",G16-F16) -> 0 | H23: =IF(H16="","",H16-G16) -> 1 | I23: =IF(I16="","",I16-H16) -> 0 | J23: =IF(J16="","",J16-I16) -> 0 | K23: =IF(K16="","",K16-J16) -> 1 | ... AS23: =IF(AS16="","",AS16-AR16)
A24: =SUM(C24:AS24) -> 5 | B24: 払出 | C24: 0 | D24: =IF(D17="","",C17+C18-D17) -> 0 | E24: =IF(E17="","",D17+D18-E17) -> 0 | F24: =IF(F17="","",E17+E18-F17) -> 0 | G24: =IF(G17="","",F17+F18-G17) -> 0 | H24: =IF(H17="","",G17+G18-H17) -> 1 | I24: =IF(I17="","",H17+H18-I17) -> 0 | J24: =IF(J17="","",I17+I18-J17) -> 0 | K24: =IF(K17="","",J17+J18-K17) -> 1 | ... AS24: =IF(AS17="","",AR17+AR18-AS17)
A25: =SUM(C25:AS25) -> 4000 | B25: 払出額 | C25: 0 | D25: =IF(D15="","",D24*D19) -> 0 | E25: =IF(E15="","",E24*E19) -> 0 | F25: =IF(F15="","",F24*F19) -> 0 | G25: =IF(G15="","",G24*G19) -> 0 | H25: =IF(H15="","",H24*H19) -> 800 | I25: =IF(I15="","",I24*I19) -> 0 | J25: =IF(J15="","",J24*J19) -> 0 | K25: =IF(K15="","",K24*K19) -> 800 | ... AS25: =IF(AS15="","",AS24*AS19)
A26: =IF(A25="","",A25/(A22*100)) -> 0.068259386 | B26: 原価率 | D26: =IF(D25="","",IF(D25=0,"",D25/(D22*100))) | E26: =IF(E25="","",IF(E25=0,"",E25/(E22*100))) | F26: =IF(F25="","",IF(F25=0,"",F25/(F22*100))) | G26: =IF(G25="","",IF(G25=0,"",G25/(G22*100))) | H26: =IF(H25="","",IF(H25=0,"",H25/(H22*100))) -> 0.17777778 | I26: =IF(I25="","",IF(I25=0,"",I25/(I22*100))) | J26: =IF(J25="","",IF(J25=0,"",J25/(J22*100))) | K26: =IF(K25="","",IF(K25=0,"",K25/(K22*100))) -> 0.087912088 | ... AS26: =IF(AS25="","",IF(AS25=0,"",AS25/(AS22*100)))
A27: 都城 | B27: 100円 | C27: 6425 | D27: =IF(D3="","",C27) -> 6425 | E27: 6514 | F27: =IF(F3="","",E27) -> 6514 | G27: =IF(G3="","",F27) -> 6514 | H27: 6531 | I27: =IF(I3="","",H27) -> 6531 | J27: =IF(J3="","",I27) -> 6531 | K27: 6601 | L27: =IF(L3="","",K27) -> 6601 | M27: =IF(M3="","",L27) -> 6601 | N27: =IF(N3="","",M27) -> 6601 | O27: 6627 | P27: =IF(P3="","",O27) -> 6627 | Q27: =IF(Q3="","",P27) -> 6627 | R27: 6719 | S27: =IF(S3="","",R27) -> 6719 | T27: =IF(T3="","",S27) -> 6719 | U27: =IF(U3="","",T27) -> 6719 | V27: 6773 | W27: =IF(W3="","",V27) -> 6773 | X27: =IF(X3="","",W27) -> 6773 | Y27: 6803 | Z27: =IF(Z3="","",Y27) -> 6803 | AA27: =IF(AA3="","",Z27) -> 6803 | AB27: =IF(AB3="","",AA27) -> 6803 | AC27: 6840 | AD27: =IF(AD3="","",AC27) -> 6840 | AE27: =IF(AE3="","",AD27) -> 6840 | AF27: 6908 | AG27: =IF(AG3="","",AF27) | AH27: =IF(AH3="","",AG27) | AI27: =IF(AI3="","",AH27) | AJ27: =IF(AJ3="","",AI27) | AK27: =IF(AK3="","",AJ27) | AL27: =IF(AL3="","",AK27) | AM27: =IF(AM3="","",AL27) | AN27: =IF(AN3="","",AM27) | ... AS27: =IF(AS3="","",AR27)
A28: BUZZ＃１ | B28: プライズ | C28: 236 | D28: =IF(D3="","",C28) -> 236 | E28: 237 | F28: =IF(F3="","",E28) -> 237 | G28: =IF(G3="","",F28) -> 237 | H28: =IF(H3="","",G28) -> 237 | I28: =IF(I3="","",H28) -> 237 | J28: =IF(J3="","",I28) -> 237 | K28: 238 | L28: =IF(L3="","",K28) -> 238 | M28: =IF(M3="","",L28) -> 238 | N28: =IF(N3="","",M28) -> 238 | O28: =IF(O3="","",N28) -> 238 | P28: =IF(P3="","",O28) -> 238 | Q28: =IF(Q3="","",P28) -> 238 | R28: 240 | S28: =IF(S3="","",R28) -> 240 | T28: =IF(T3="","",S28) -> 240 | U28: =IF(U3="","",T28) -> 240 | V28: =IF(V3="","",U28) -> 240 | W28: =IF(W3="","",V28) -> 240 | X28: =IF(X3="","",W28) -> 240 | Y28: 241 | Z28: =IF(Z3="","",Y28) -> 241 | AA28: =IF(AA3="","",Z28) -> 241 | AB28: =IF(AB3="","",AA28) -> 241 | AC28: =IF(AC3="","",AB28) -> 241 | AD28: =IF(AD3="","",AC28) -> 241 | AE28: =IF(AE3="","",AD28) -> 241 | AF28: 242 | AG28: =IF(AG3="","",AF28) | AH28: =IF(AH3="","",AG28) | AI28: =IF(AI3="","",AH28) | AJ28: =IF(AJ3="","",AI28) | AK28: =IF(AK3="","",AJ28) | AL28: =IF(AL3="","",AK28) | AM28: =IF(AM3="","",AL28) | AN28: =IF(AN3="","",AM28) | ... AS28: =IF(AS3="","",AR28)
A29: 3 | B29: 投入残 | C29: 11 | D29: =IF(D27="","",(C29+C30)) -> 11 | E29: 10 | F29: =IF(F27="","",(E29+E30)) -> 10 | G29: =IF(G27="","",(F29+F30)) -> 10 | H29: =IF(H27="","",(G29+G30)) -> 10 | I29: =IF(I27="","",(H29+H30)) -> 10 | J29: =IF(J27="","",(I29+I30)) -> 10 | K29: 9 | L29: =IF(L27="","",(K29+K30)) -> 9 | M29: =IF(M27="","",(L29+L30)) -> 9 | N29: =IF(N27="","",(M29+M30)) -> 9 | O29: =IF(O27="","",(N29+N30)) -> 9 | P29: =IF(P27="","",(O29+O30)) -> 9 | Q29: =IF(Q27="","",(P29+P30)) -> 9 | R29: 7 | S29: =IF(S27="","",(R29+R30)) -> 7 | T29: =IF(T27="","",(S29+S30)) -> 7 | U29: =IF(U27="","",(T29+T30)) -> 7 | V29: =IF(V27="","",(U29+U30)) -> 7 | W29: =IF(W27="","",(V29+V30)) -> 8 | X29: =IF(X27="","",(W29+W30)) -> 8 | Y29: =IF(Y27="","",(X29+X30)) -> 8 | Z29: =IF(Z27="","",(Y29+Y30)) -> 8 | ... AE29: =IF(AE27="","",(AD29+AD30)) -> 9 | AF29: 8 | AG29: =IF(AG27="","",(AF29+AF30)) | AH29: =IF(AH27="","",(AG29+AG30)) | AI29: =IF(AI27="","",(AH29+AH30)) | AJ29: =IF(AJ27="","",(AI29+AI30)) | AK29: =IF(AK27="","",(AJ29+AJ30)) | AL29: =IF(AL27="","",(AK29+AK30)) | AM29: =IF(AM27="","",(AL29+AL30)) | AN29: =IF(AN27="","",(AM29+AM30)) | ... AS29: =IF(AS27="","",(AR29+AR30))
B30: 補充 | V30: 1 | AC30: 1
B31: 単価 | C31: 175 | D31: =IF(D27="","",C31) -> 175 | E31: =IF(E27="","",D31) -> 175 | F31: =IF(F27="","",E31) -> 175 | G31: =IF(G27="","",F31) -> 175 | H31: =IF(H27="","",G31) -> 175 | I31: =IF(I27="","",H31) -> 175 | J31: =IF(J27="","",I31) -> 175 | K31: =IF(K27="","",J31) -> 175 | ... AS31: =IF(AS27="","",AR31)
A32: 月間予想 | B32: 景品名 | C32: スライム | D32: =IF(D27="","",C32) -> スライム | E32: =IF(E27="","",D32) -> スライム | F32: =IF(F27="","",E32) -> スライム | G32: =IF(G27="","",F32) -> スライム | H32: =IF(H27="","",G32) -> スライム | I32: =IF(I27="","",H32) -> スライム | J32: =IF(J27="","",I32) -> スライム | K32: =IF(K27="","",J32) -> スライム | ... AS32: =IF(AS27="","",AR32)
A33: =AVERAGE(C34:AS34)*30*100 -> 48300 | B33: 設定
A34: =SUM(C34:AS34) -> 483 | B34: 百差 | C34: 0 | D34: =IF(D27="","",D27-C27) -> 0 | E34: =IF(E27="","",E27-D27) -> 89 | F34: =IF(F27="","",F27-E27) -> 0 | G34: =IF(G27="","",G27-F27) -> 0 | H34: =IF(H27="","",H27-G27) -> 17 | I34: =IF(I27="","",I27-H27) -> 0 | J34: =IF(J27="","",J27-I27) -> 0 | K34: =IF(K27="","",K27-J27) -> 70 | ... AS34: =IF(AS27="","",AS27-AR27)
A35: =SUM(C35:AS35) -> 6 | B35: P差 | C35: 0 | D35: =IF(D28="","",D28-C28) -> 0 | E35: =IF(E28="","",E28-D28) -> 1 | F35: =IF(F28="","",F28-E28) -> 0 | G35: =IF(G28="","",G28-F28) -> 0 | H35: =IF(H28="","",H28-G28) -> 0 | I35: =IF(I28="","",I28-H28) -> 0 | J35: =IF(J28="","",J28-I28) -> 0 | K35: =IF(K28="","",K28-J28) -> 1 | ... AS35: =IF(AS28="","",AS28-AR28)
A36: =SUM(C36:AS36) -> 5 | B36: 払出 | C36: 0 | D36: =IF(D29="","",C29+C30-D29) -> 0 | E36: =IF(E29="","",D29+D30-E29) -> 1 | F36: =IF(F29="","",E29+E30-F29) -> 0 | G36: =IF(G29="","",F29+F30-G29) -> 0 | H36: =IF(H29="","",G29+G30-H29) -> 0 | I36: =IF(I29="","",H29+H30-I29) -> 0 | J36: =IF(J29="","",I29+I30-J29) -> 0 | K36: =IF(K29="","",J29+J30-K29) -> 1 | ... AS36: =IF(AS29="","",AR29+AR30-AS29)
A37: =SUM(C37:AS37) -> 875 | B37: 払出額 | C37: 0 | D37: =IF(D27="","",D36*D31) -> 0 | E37: =IF(E27="","",E36*E31) -> 175 | F37: =IF(F27="","",F36*F31) -> 0 | G37: =IF(G27="","",G36*G31) -> 0 | H37: =IF(H27="","",H36*H31) -> 0 | I37: =IF(I27="","",I36*I31) -> 0 | J37: =IF(J27="","",J36*J31) -> 0 | K37: =IF(K27="","",K36*K31) -> 175 | ... AS37: =IF(AS27="","",AS36*AS31)
A38: =IF(A37="","",A37/(A34*100)) -> 0.018115942 | B38: 原価率 | D38: =IF(D37="","",IF(D37=0,"",D37/(D34*100))) | E38: =IF(E37="","",IF(E37=0,"",E37/(E34*100))) -> 0.019662921 | F38: =IF(F37="","",IF(F37=0,"",F37/(F34*100))) | G38: =IF(G37="","",IF(G37=0,"",G37/(G34*100))) | H38: =IF(H37="","",IF(H37=0,"",H37/(H34*100))) | I38: =IF(I37="","",IF(I37=0,"",I37/(I34*100))) | J38: =IF(J37="","",IF(J37=0,"",J37/(J34*100))) | K38: =IF(K37="","",IF(K37=0,"",K37/(K34*100))) -> 0.025 | ... AS38: =IF(AS37="","",IF(AS37=0,"",AS37/(AS34*100)))
A39: 都城 | B39: 100円 | C39: 3171 | D39: =IF(D3="","",C39) -> 3171 | E39: 3209 | F39: =IF(F3="","",E39) -> 3209 | G39: =IF(G3="","",F39) -> 3209 | H39: 3214 | I39: =IF(I3="","",H39) -> 3214 | J39: =IF(J3="","",I39) -> 3214 | K39: 3244 | L39: =IF(L3="","",K39) -> 3244 | M39: =IF(M3="","",L39) -> 3244 | N39: =IF(N3="","",M39) -> 3244 | O39: 3268 | P39: =IF(P3="","",O39) -> 3268 | Q39: =IF(Q3="","",P39) -> 3268 | R39: 3351 | S39: =IF(S3="","",R39) -> 3351 | T39: =IF(T3="","",S39) -> 3351 | U39: =IF(U3="","",T39) -> 3351 | V39: 3386 | W39: =IF(W3="","",V39) -> 3386 | X39: =IF(X3="","",W39) -> 3386 | Y39: 3413 | Z39: =IF(Z3="","",Y39) -> 3413 | AA39: =IF(AA3="","",Z39) -> 3413 | AB39: =IF(AB3="","",AA39) -> 3413 | AC39: 3452 | AD39: =IF(AD3="","",AC39) -> 3452 | AE39: =IF(AE3="","",AD39) -> 3452 | AF39: 3495 | AG39: =IF(AG3="","",AF39) | AH39: =IF(AH3="","",AG39) | AI39: =IF(AI3="","",AH39) | AJ39: =IF(AJ3="","",AI39) | AK39: =IF(AK3="","",AJ39) | AL39: =IF(AL3="","",AK39) | AM39: =IF(AM3="","",AL39) | AN39: =IF(AN3="","",AM39) | ... AS39: =IF(AS3="","",AR39)
A40: BUZZ＃１ | B40: プライズ | C40: 61 | D40: =IF(D3="","",C40) -> 61 | E40: 64 | F40: =IF(F3="","",E40) -> 64 | G40: =IF(G3="","",F40) -> 64 | H40: =IF(H3="","",G40) -> 64 | I40: =IF(I3="","",H40) -> 64 | J40: =IF(J3="","",I40) -> 64 | K40: 65 | L40: =IF(L3="","",K40) -> 65 | M40: =IF(M3="","",L40) -> 65 | N40: =IF(N3="","",M40) -> 65 | O40: 66 | P40: =IF(P3="","",O40) -> 66 | Q40: =IF(Q3="","",P40) -> 66 | R40: 67 | S40: =IF(S3="","",R40) -> 67 | T40: =IF(T3="","",S40) -> 67 | U40: =IF(U3="","",T40) -> 67 | V40: 68 | W40: =IF(W3="","",V40) -> 68 | X40: =IF(X3="","",W40) -> 68 | Y40: 69 | Z40: =IF(Z3="","",Y40) -> 69 | AA40: =IF(AA3="","",Z40) -> 69 | AB40: =IF(AB3="","",AA40) -> 69 | AC40: 70 | AD40: =IF(AD3="","",AC40) -> 70 | AE40: =IF(AE3="","",AD40) -> 70 | AF40: 73 | AG40: =IF(AG3="","",AF40) | AH40: =IF(AH3="","",AG40) | AI40: =IF(AI3="","",AH40) | AJ40: =IF(AJ3="","",AI40) | AK40: =IF(AK3="","",AJ40) | AL40: =IF(AL3="","",AK40) | AM40: =IF(AM3="","",AL40) | AN40: =IF(AN3="","",AM40) | ... AS40: =IF(AS3="","",AR40)
A41: 4 | B41: 投入残 | C41: 51 | D41: =IF(D39="","",(C41+C42)) -> 51 | E41: 48 | F41: =IF(F39="","",(E41+E42)) -> 48 | G41: =IF(G39="","",(F41+F42)) -> 48 | H41: =IF(H39="","",(G41+G42)) -> 48 | I41: =IF(I39="","",(H41+H42)) -> 48 | J41: =IF(J39="","",(I41+I42)) -> 48 | K41: 47 | L41: =IF(L39="","",(K41+K42)) -> 97 | M41: =IF(M39="","",(L41+L42)) -> 97 | N41: =IF(N39="","",(M41+M42)) -> 97 | O41: =IF(O39="","",(N41+N42)) -> 97 | P41: =IF(P39="","",(O41+O42)) -> 97 | Q41: =IF(Q39="","",(P41+P42)) -> 97 | R41: 96 | S41: =IF(S39="","",(R41+R42)) -> 96 | T41: =IF(T39="","",(S41+S42)) -> 96 | U41: =IF(U39="","",(T41+T42)) -> 96 | V41: 95 | W41: =IF(W39="","",(V41+V42)) -> 95 | X41: =IF(X39="","",(W41+W42)) -> 95 | Y41: 94 | Z41: =IF(Z39="","",(Y41+Y42)) -> 94 | AA41: =IF(AA39="","",(Z41+Z42)) -> 94 | AB41: =IF(AB39="","",(AA41+AA42)) -> 94 | AC41: =IF(AC39="","",(AB41+AB42)) -> 94 | AD41: =IF(AD39="","",(AC41+AC42)) -> 94 | AE41: =IF(AE39="","",(AD41+AD42)) -> 94 | AF41: 91 | AG41: =IF(AG39="","",(AF41+AF42)) | AH41: =IF(AH39="","",(AG41+AG42)) | AI41: =IF(AI39="","",(AH41+AH42)) | AJ41: =IF(AJ39="","",(AI41+AI42)) | AK41: =IF(AK39="","",(AJ41+AJ42)) | AL41: =IF(AL39="","",(AK41+AK42)) | AM41: =IF(AM39="","",(AL41+AL42)) | AN41: =IF(AN39="","",(AM41+AM42)) | ... AS41: =IF(AS39="","",(AR41+AR42))
B42: 補充 | K42: 50
B43: 単価 | C43: 100 | D43: =IF(D39="","",C43) -> 100 | E43: =IF(E39="","",D43) -> 100 | F43: =IF(F39="","",E43) -> 100 | G43: =IF(G39="","",F43) -> 100 | H43: =IF(H39="","",G43) -> 100 | I43: =IF(I39="","",H43) -> 100 | J43: =IF(J39="","",I43) -> 100 | K43: =IF(K39="","",J43) -> 100 | ... AS43: =IF(AS39="","",AR43)
A44: 月間予想 | B44: 景品名 | C44: アングリー | D44: =IF(D39="","",C44) -> アングリー | E44: =IF(E39="","",D44) -> アングリー | F44: =IF(F39="","",E44) -> アングリー | G44: =IF(G39="","",F44) -> アングリー | H44: =IF(H39="","",G44) -> アングリー | I44: =IF(I39="","",H44) -> アングリー | J44: =IF(J39="","",I44) -> アングリー | K44: =IF(K39="","",J44) -> アングリー | ... AS44: =IF(AS39="","",AR44)
A45: =AVERAGE(C46:AS46)*30*100 -> 32400 | B45: 設定
A46: =SUM(C46:AS46) -> 324 | B46: 百差 | C46: 0 | D46: =IF(D39="","",D39-C39) -> 0 | E46: =IF(E39="","",E39-D39) -> 38 | F46: =IF(F39="","",F39-E39) -> 0 | G46: =IF(G39="","",G39-F39) -> 0 | H46: =IF(H39="","",H39-G39) -> 5 | I46: =IF(I39="","",I39-H39) -> 0 | J46: =IF(J39="","",J39-I39) -> 0 | K46: =IF(K39="","",K39-J39) -> 30 | ... AS46: =IF(AS39="","",AS39-AR39)
A47: =SUM(C47:AS47) -> 12 | B47: P差 | C47: 0 | D47: =IF(D40="","",D40-C40) -> 0 | E47: =IF(E40="","",E40-D40) -> 3 | F47: =IF(F40="","",F40-E40) -> 0 | G47: =IF(G40="","",G40-F40) -> 0 | H47: =IF(H40="","",H40-G40) -> 0 | I47: =IF(I40="","",I40-H40) -> 0 | J47: =IF(J40="","",J40-I40) -> 0 | K47: =IF(K40="","",K40-J40) -> 1 | ... AS47: =IF(AS40="","",AS40-AR40)
A48: =SUM(C48:AS48) -> 10 | B48: 払出 | C48: 0 | D48: =IF(D41="","",C41+C42-D41) -> 0 | E48: =IF(E41="","",D41+D42-E41) -> 3 | F48: =IF(F41="","",E41+E42-F41) -> 0 | G48: =IF(G41="","",F41+F42-G41) -> 0 | H48: =IF(H41="","",G41+G42-H41) -> 0 | I48: =IF(I41="","",H41+H42-I41) -> 0 | J48: =IF(J41="","",I41+I42-J41) -> 0 | K48: =IF(K41="","",J41+J42-K41) -> 1 | ... AS48: =IF(AS41="","",AR41+AR42-AS41)
A49: =SUM(C49:AS49) -> 1000 | B49: 払出額 | C49: 0 | D49: =IF(D39="","",D48*D43) -> 0 | E49: =IF(E39="","",E48*E43) -> 300 | F49: =IF(F39="","",F48*F43) -> 0 | G49: =IF(G39="","",G48*G43) -> 0 | H49: =IF(H39="","",H48*H43) -> 0 | I49: =IF(I39="","",I48*I43) -> 0 | J49: =IF(J39="","",J48*J43) -> 0 | K49: =IF(K39="","",K48*K43) -> 100 | ... AS49: =IF(AS39="","",AS48*AS43)
A50: =IF(A49="","",A49/(A46*100)) -> 0.030864198 | B50: 原価率 | D50: =IF(D49="","",IF(D49=0,"",D49/(D46*100))) | E50: =IF(E49="","",IF(E49=0,"",E49/(E46*100))) -> 0.078947368 | F50: =IF(F49="","",IF(F49=0,"",F49/(F46*100))) | G50: =IF(G49="","",IF(G49=0,"",G49/(G46*100))) | H50: =IF(H49="","",IF(H49=0,"",H49/(H46*100))) | I50: =IF(I49="","",IF(I49=0,"",I49/(I46*100))) | J50: =IF(J49="","",IF(J49=0,"",J49/(J46*100))) | K50: =IF(K49="","",IF(K49=0,"",K49/(K46*100))) -> 0.033333333 | ... AS50: =IF(AS49="","",IF(AS49=0,"",AS49/(AS46*100)))
A51: 都城 | B51: 100円 | C51: 3134 | D51: =IF(D$3="","",C51) -> 3134 | E51: 3225 | F51: =IF(F$3="","",E51) -> 3225 | G51: =IF(G$3="","",F51) -> 3225 | H51: 3260 | I51: =IF(I$3="","",H51) -> 3260 | J51: =IF(J$3="","",I51) -> 3260 | K51: 3338 | L51: =IF(L$3="","",K51) -> 3338 | M51: =IF(M$3="","",L51) -> 3338 | N51: =IF(N$3="","",M51) -> 3338 | O51: 3352 | P51: =IF(P$3="","",O51) -> 3352 | Q51: =IF(Q$3="","",P51) -> 3352 | R51: 3429 | S51: =IF(S$3="","",R51) -> 3429 | T51: =IF(T$3="","",S51) -> 3429 | U51: =IF(U$3="","",T51) -> 3429 | V51: 3447 | W51: =IF(W$3="","",V51) -> 3447 | X51: =IF(X$3="","",W51) -> 3447 | Y51: 3455 | Z51: =IF(Z$3="","",Y51) -> 3455 | AA51: =IF(AA$3="","",Z51) -> 3455 | AB51: =IF(AB$3="","",AA51) -> 3455 | AC51: 3466 | AD51: =IF(AD$3="","",AC51) -> 3466 | AE51: =IF(AE$3="","",AD51) -> 3466 | AF51: 3500 | AG51: =IF(AG$3="","",AF51) | AH51: =IF(AH$3="","",AG51) | AI51: =IF(AI$3="","",AH51) | AJ51: =IF(AJ$3="","",AI51) | AK51: =IF(AK$3="","",AJ51) | AL51: =IF(AL$3="","",AK51) | AM51: =IF(AM$3="","",AL51) | AN51: =IF(AN$3="","",AM51) | ... AS51: =IF(AS$3="","",AR51)
A52: BUZZ＃2 | B52: プライズ | C52: 89 | D52: =IF(D$3="","",C52) -> 89 | E52: 90 | F52: =IF(F$3="","",E52) -> 90 | G52: =IF(G$3="","",F52) -> 90 | H52: 91 | I52: =IF(I$3="","",H52) -> 91 | J52: =IF(J$3="","",I52) -> 91 | K52: 93 | L52: =IF(L$3="","",K52) -> 93 | M52: =IF(M$3="","",L52) -> 93 | N52: =IF(N$3="","",M52) -> 93 | O52: =IF(O$3="","",N52) -> 93 | P52: =IF(P$3="","",O52) -> 93 | Q52: =IF(Q$3="","",P52) -> 93 | R52: 95 | S52: =IF(S$3="","",R52) -> 95 | T52: =IF(T$3="","",S52) -> 95 | U52: =IF(U$3="","",T52) -> 95 | V52: 96 | W52: =IF(W$3="","",V52) -> 96 | X52: =IF(X$3="","",W52) -> 96 | Y52: =IF(Y$3="","",X52) -> 96 | Z52: =IF(Z$3="","",Y52) -> 96 | AA52: =IF(AA$3="","",Z52) -> 96 | AB52: =IF(AB$3="","",AA52) -> 96 | AC52: =IF(AC$3="","",AB52) -> 96 | AD52: =IF(AD$3="","",AC52) -> 96 | AE52: =IF(AE$3="","",AD52) -> 96 | AF52: 98 | AG52: =IF(AG$3="","",AF52) | AH52: =IF(AH$3="","",AG52) | AI52: =IF(AI$3="","",AH52) | AJ52: =IF(AJ$3="","",AI52) | AK52: =IF(AK$3="","",AJ52) | AL52: =IF(AL$3="","",AK52) | AM52: =IF(AM$3="","",AL52) | AN52: =IF(AN$3="","",AM52) | ... AS52: =IF(AS$3="","",AR52)
A53: 1 | B53: 投入残 | C53: 13 | D53: =IF(D$3="","",(C53+C54)) -> 13 | E53: 12 | F53: =IF(F$3="","",(E53+E54)) -> 12 | G53: =IF(G$3="","",(F53+F54)) -> 12 | H53: 11 | I53: =IF(I$3="","",(H53+H54)) -> 11 | J53: =IF(J$3="","",(I53+I54)) -> 11 | K53: 9 | L53: =IF(L$3="","",(K53+K54)) -> 9 | M53: =IF(M$3="","",(L53+L54)) -> 9 | N53: =IF(N$3="","",(M53+M54)) -> 9 | O53: =IF(O$3="","",(N53+N54)) -> 9 | P53: =IF(P$3="","",(O53+O54)) -> 9 | Q53: =IF(Q$3="","",(P53+P54)) -> 9 | R53: 7 | S53: =IF(S$3="","",(R53+R54)) -> 20 | T53: =IF(T$3="","",(S53+S54)) -> 20 | U53: =IF(U$3="","",(T53+T54)) -> 20 | V53: =IF(V$3="","",(U53+U54)) -> 20 | W53: =IF(W$3="","",(V53+V54)) -> 20 | X53: =IF(X$3="","",(W53+W54)) -> 20 | Y53: =IF(Y$3="","",(X53+X54)) -> 20 | Z53: =IF(Z$3="","",(Y53+Y54)) -> 20 | ... AE53: =IF(AE$3="","",(AD53+AD54)) -> 20 | AF53: 17 | AG53: =IF(AG$3="","",(AF53+AF54)) | AH53: =IF(AH$3="","",(AG53+AG54)) | AI53: =IF(AI$3="","",(AH53+AH54)) | AJ53: =IF(AJ$3="","",(AI53+AI54)) | AK53: =IF(AK$3="","",(AJ53+AJ54)) | AL53: =IF(AL$3="","",(AK53+AK54)) | AM53: =IF(AM$3="","",(AL53+AL54)) | AN53: =IF(AN$3="","",(AM53+AM54)) | ... AS53: =IF(AS$3="","",(AR53+AR54))
A54: 機械合計 | B54: 補充 | R54: 13 | AF54: 3
A55: =+(A58+A70+A82+A94)*100 -> 122100 | B55: 単価 | C55: 250 | D55: =IF(D$3="","",C55) -> 250 | E55: =IF(E$3="","",D55) -> 250 | F55: =IF(F$3="","",E55) -> 250 | G55: =IF(G$3="","",F55) -> 250 | H55: =IF(H$3="","",G55) -> 250 | I55: =IF(I$3="","",H55) -> 250 | J55: =IF(J$3="","",I55) -> 250 | K55: =IF(K$3="","",J55) -> 250 | ... AS55: =IF(AS$3="","",AR55)
A56: 月間予想 | B56: 景品名 | C56: 電ブル | D56: =IF(D$3="","",C56) -> 電ブル | E56: =IF(E$3="","",D56) -> 電ブル | F56: =IF(F$3="","",E56) -> 電ブル | G56: =IF(G$3="","",F56) -> 電ブル | H56: =IF(H$3="","",G56) -> 電ブル | I56: =IF(I$3="","",H56) -> 電ブル | J56: =IF(J$3="","",I56) -> 電ブル | K56: =IF(K$3="","",J56) -> 電ブル | ... AS56: =IF(AS$3="","",AR56)
A57: =AVERAGE(C58:AS58)*30*100 -> 36600 | B57: 設定
A58: =SUM(C58:AS58) -> 366 | B58: 百差 | C58: 0 | D58: =IF(D$3="","",D51-C51) -> 0 | E58: =IF(E$3="","",E51-D51) -> 91 | F58: =IF(F$3="","",F51-E51) -> 0 | G58: =IF(G$3="","",G51-F51) -> 0 | H58: =IF(H$3="","",H51-G51) -> 35 | I58: =IF(I$3="","",I51-H51) -> 0 | J58: =IF(J$3="","",J51-I51) -> 0 | K58: =IF(K$3="","",K51-J51) -> 78 | ... AS58: =IF(AS$3="","",AS51-AR51)
A59: =SUM(C59:AS59) -> 9 | B59: P差 | C59: 0 | D59: =IF(D$3="","",D52-C52) -> 0 | E59: =IF(E$3="","",E52-D52) -> 1 | F59: =IF(F$3="","",F52-E52) -> 0 | G59: =IF(G$3="","",G52-F52) -> 0 | H59: =IF(H$3="","",H52-G52) -> 1 | I59: =IF(I$3="","",I52-H52) -> 0 | J59: =IF(J$3="","",J52-I52) -> 0 | K59: =IF(K$3="","",K52-J52) -> 2 | ... AS59: =IF(AS$3="","",AS52-AR52)
A60: =SUM(C60:AS60) -> 9 | B60: 払出 | C60: 0 | D60: =IF(D$3="","",C53+C54-D53) -> 0 | E60: =IF(E$3="","",D53+D54-E53) -> 1 | F60: =IF(F$3="","",E53+E54-F53) -> 0 | G60: =IF(G$3="","",F53+F54-G53) -> 0 | H60: =IF(H$3="","",G53+G54-H53) -> 1 | I60: =IF(I$3="","",H53+H54-I53) -> 0 | J60: =IF(J$3="","",I53+I54-J53) -> 0 | K60: =IF(K$3="","",J53+J54-K53) -> 2 | ... AS60: =IF(AS$3="","",AR53+AR54-AS53)
A61: =SUM(C61:AS61) -> 2250 | B61: 払出額 | C61: 0 | D61: =IF(D$3="","",D60*D55) -> 0 | E61: =IF(E$3="","",E60*E55) -> 250 | F61: =IF(F$3="","",F60*F55) -> 0 | G61: =IF(G$3="","",G60*G55) -> 0 | H61: =IF(H$3="","",H60*H55) -> 250 | I61: =IF(I$3="","",I60*I55) -> 0 | J61: =IF(J$3="","",J60*J55) -> 0 | K61: =IF(K$3="","",K60*K55) -> 500 | ... AS61: =IF(AS$3="","",AS60*AS55)
A62: =IF(A61="","",A61/(A58*100)) -> 0.06147541 | B62: 原価率 | D62: =IF(D$3="","",IF(D61=0,"",D61/(D58*100))) | E62: =IF(E$3="","",IF(E61=0,"",E61/(E58*100))) -> 0.027472527 | F62: =IF(F$3="","",IF(F61=0,"",F61/(F58*100))) | G62: =IF(G$3="","",IF(G61=0,"",G61/(G58*100))) | H62: =IF(H$3="","",IF(H61=0,"",H61/(H58*100))) -> 0.071428571 | I62: =IF(I$3="","",IF(I61=0,"",I61/(I58*100))) | J62: =IF(J$3="","",IF(J61=0,"",J61/(J58*100))) | K62: =IF(K$3="","",IF(K61=0,"",K61/(K58*100))) -> 0.064102564 | ... AS62: =IF(AS$3="","",IF(AS61=0,"",AS61/(AS58*100)))
A63: 都城 | B63: 100円 | C63: 3015 | D63: =IF(D$3="","",C63) -> 3015 | E63: 3035 | F63: =IF(F$3="","",E63) -> 3035 | G63: =IF(G$3="","",F63) -> 3035 | H63: 3052 | I63: =IF(I$3="","",H63) -> 3052 | J63: =IF(J$3="","",I63) -> 3052 | K63: 3083 | L63: =IF(L$3="","",K63) -> 3083 | M63: =IF(M$3="","",L63) -> 3083 | N63: =IF(N$3="","",M63) -> 3083 | O63: 3129 | P63: =IF(P$3="","",O63) -> 3129 | Q63: =IF(Q$3="","",P63) -> 3129 | R63: 3147 | S63: =IF(S$3="","",R63) -> 3147 | T63: =IF(T$3="","",S63) -> 3147 | U63: =IF(U$3="","",T63) -> 3147 | V63: 3179 | W63: =IF(W$3="","",V63) -> 3179 | X63: =IF(X$3="","",W63) -> 3179 | Y63: 3191 | Z63: =IF(Z$3="","",Y63) -> 3191 | AA63: =IF(AA$3="","",Z63) -> 3191 | AB63: =IF(AB$3="","",AA63) -> 3191 | AC63: 3198 | AD63: =IF(AD$3="","",AC63) -> 3198 | AE63: =IF(AE$3="","",AD63) -> 3198 | AF63: 3225 | AG63: =IF(AG$3="","",AF63) | AH63: =IF(AH$3="","",AG63) | AI63: =IF(AI$3="","",AH63) | AJ63: =IF(AJ$3="","",AI63) | AK63: =IF(AK$3="","",AJ63) | AL63: =IF(AL$3="","",AK63) | AM63: =IF(AM$3="","",AL63) | AN63: =IF(AN$3="","",AM63) | ... AS63: =IF(AS$3="","",AR63)
A64: BUZZ＃2 | B64: プライズ | C64: 64 | D64: =IF(D$3="","",C64) -> 64 | E64: =IF(E$3="","",D64) -> 64 | F64: =IF(F$3="","",E64) -> 64 | G64: =IF(G$3="","",F64) -> 64 | H64: 65 | I64: =IF(I$3="","",H64) -> 65 | J64: =IF(J$3="","",I64) -> 65 | K64: =IF(K$3="","",J64) -> 65 | L64: =IF(L$3="","",K64) -> 65 | M64: =IF(M$3="","",L64) -> 65 | N64: =IF(N$3="","",M64) -> 65 | O64: 66 | P64: =IF(P$3="","",O64) -> 66 | Q64: =IF(Q$3="","",P64) -> 66 | R64: =IF(R$3="","",Q64) -> 66 | S64: =IF(S$3="","",R64) -> 66 | T64: =IF(T$3="","",S64) -> 66 | U64: =IF(U$3="","",T64) -> 66 | V64: 67 | W64: =IF(W$3="","",V64) -> 67 | X64: =IF(X$3="","",W64) -> 67 | Y64: =IF(Y$3="","",X64) -> 67 | Z64: =IF(Z$3="","",Y64) -> 67 | AA64: =IF(AA$3="","",Z64) -> 67 | AB64: =IF(AB$3="","",AA64) -> 67 | AC64: =IF(AC$3="","",AB64) -> 67 | AD64: =IF(AD$3="","",AC64) -> 67 | ... AS64: =IF(AS$3="","",AR64)
A65: 2 | B65: 投入残 | C65: 7 | D65: =IF(D$3="","",(C65+C66)) -> 7 | E65: =IF(E$3="","",(D65+D66)) -> 7 | F65: =IF(F$3="","",(E65+E66)) -> 7 | G65: =IF(G$3="","",(F65+F66)) -> 7 | H65: =IF(H$3="","",(G65+G66)) -> 7 | I65: =IF(I$3="","",(H65+H66)) -> 7 | J65: =IF(J$3="","",(I65+I66)) -> 7 | K65: =IF(K$3="","",(J65+J66)) -> 7 | ... N65: =IF(N$3="","",(M65+M66)) -> 7 | O65: 6 | P65: =IF(P$3="","",(O65+O66)) -> 7 | Q65: =IF(Q$3="","",(P65+P66)) -> 7 | R65: =IF(R$3="","",(Q65+Q66)) -> 7 | S65: =IF(S$3="","",(R65+R66)) -> 7 | T65: =IF(T$3="","",(S65+S66)) -> 7 | U65: =IF(U$3="","",(T65+T66)) -> 7 | V65: =IF(V$3="","",(U65+U66)) -> 7 | W65: =IF(W$3="","",(V65+V66)) -> 7 | ... AS65: =IF(AS$3="","",(AR65+AR66))
B66: 補充 | O66: 1
B67: 単価 | C67: 750 | D67: =IF(D$3="","",C67) -> 750 | E67: =IF(E$3="","",D67) -> 750 | F67: =IF(F$3="","",E67) -> 750 | G67: =IF(G$3="","",F67) -> 750 | H67: =IF(H$3="","",G67) -> 750 | I67: =IF(I$3="","",H67) -> 750 | J67: =IF(J$3="","",I67) -> 750 | K67: =IF(K$3="","",J67) -> 750 | ... AS67: =IF(AS$3="","",AR67)
A68: 月間予想 | B68: 景品名 | C68: PRO4イヤホン | D68: =IF(D$3="","",C68) -> PRO4イヤホン | E68: =IF(E$3="","",D68) -> PRO4イヤホン | F68: =IF(F$3="","",E68) -> PRO4イヤホン | G68: =IF(G$3="","",F68) -> PRO4イヤホン | H68: =IF(H$3="","",G68) -> PRO4イヤホン | I68: =IF(I$3="","",H68) -> PRO4イヤホン | J68: =IF(J$3="","",I68) -> PRO4イヤホン | K68: =IF(K$3="","",J68) -> PRO4イヤホン | ... AS68: =IF(AS$3="","",AR68)
A69: =AVERAGE(C70:AS70)*30*100 -> 21000 | B69: 設定
A70: =SUM(C70:AS70) -> 210 | B70: 百差 | C70: 0 | D70: =IF(D$3="","",D63-C63) -> 0 | E70: =IF(E$3="","",E63-D63) -> 20 | F70: =IF(F$3="","",F63-E63) -> 0 | G70: =IF(G$3="","",G63-F63) -> 0 | H70: =IF(H$3="","",H63-G63) -> 17 | I70: =IF(I$3="","",I63-H63) -> 0 | J70: =IF(J$3="","",J63-I63) -> 0 | K70: =IF(K$3="","",K63-J63) -> 31 | ... AS70: =IF(AS$3="","",AS63-AR63)
A71: =SUM(C71:AS71) -> 3 | B71: P差 | C71: 0 | D71: =IF(D$3="","",D64-C64) -> 0 | E71: =IF(E$3="","",E64-D64) -> 0 | F71: =IF(F$3="","",F64-E64) -> 0 | G71: =IF(G$3="","",G64-F64) -> 0 | H71: =IF(H$3="","",H64-G64) -> 1 | I71: =IF(I$3="","",I64-H64) -> 0 | J71: =IF(J$3="","",J64-I64) -> 0 | K71: =IF(K$3="","",K64-J64) -> 0 | ... AS71: =IF(AS$3="","",AS64-AR64)
A72: =SUM(C72:AS72) -> 1 | B72: 払出 | C72: 0 | D72: =IF(D$3="","",C65+C66-D65) -> 0 | E72: =IF(E$3="","",D65+D66-E65) -> 0 | F72: =IF(F$3="","",E65+E66-F65) -> 0 | G72: =IF(G$3="","",F65+F66-G65) -> 0 | H72: =IF(H$3="","",G65+G66-H65) -> 0 | I72: =IF(I$3="","",H65+H66-I65) -> 0 | J72: =IF(J$3="","",I65+I66-J65) -> 0 | K72: =IF(K$3="","",J65+J66-K65) -> 0 | ... AS72: =IF(AS$3="","",AR65+AR66-AS65)
A73: =SUM(C73:AS73) -> 750 | B73: 払出額 | C73: 0 | D73: =IF(D$3="","",D72*D67) -> 0 | E73: =IF(E$3="","",E72*E67) -> 0 | F73: =IF(F$3="","",F72*F67) -> 0 | G73: =IF(G$3="","",G72*G67) -> 0 | H73: =IF(H$3="","",H72*H67) -> 0 | I73: =IF(I$3="","",I72*I67) -> 0 | J73: =IF(J$3="","",J72*J67) -> 0 | K73: =IF(K$3="","",K72*K67) -> 0 | ... AS73: =IF(AS$3="","",AS72*AS67)
A74: =IF(A73="","",A73/(A70*100)) -> 0.035714286 | B74: 原価率 | D74: =IF(D$3="","",IF(D73=0,"",D73/(D70*100))) | E74: =IF(E$3="","",IF(E73=0,"",E73/(E70*100))) | F74: =IF(F$3="","",IF(F73=0,"",F73/(F70*100))) | G74: =IF(G$3="","",IF(G73=0,"",G73/(G70*100))) | H74: =IF(H$3="","",IF(H73=0,"",H73/(H70*100))) | I74: =IF(I$3="","",IF(I73=0,"",I73/(I70*100))) | J74: =IF(J$3="","",IF(J73=0,"",J73/(J70*100))) | K74: =IF(K$3="","",IF(K73=0,"",K73/(K70*100))) | ... AS74: =IF(AS$3="","",IF(AS73=0,"",AS73/(AS70*100)))
A75: 都城 | B75: 100円 | C75: 3512 | D75: =IF(D$3="","",C75) -> 3512 | E75: 3573 | F75: =IF(F$3="","",E75) -> 3573 | G75: =IF(G$3="","",F75) -> 3573 | H75: 3579 | I75: =IF(I$3="","",H75) -> 3579 | J75: =IF(J$3="","",I75) -> 3579 | K75: 3660 | L75: =IF(L$3="","",K75) -> 3660 | M75: =IF(M$3="","",L75) -> 3660 | N75: =IF(N$3="","",M75) -> 3660 | O75: 3671 | P75: =IF(P$3="","",O75) -> 3671 | Q75: =IF(Q$3="","",P75) -> 3671 | R75: 3711 | S75: =IF(S$3="","",R75) -> 3711 | T75: =IF(T$3="","",S75) -> 3711 | U75: =IF(U$3="","",T75) -> 3711 | V75: 3721 | W75: =IF(W$3="","",V75) -> 3721 | X75: =IF(X$3="","",W75) -> 3721 | Y75: 3748 | Z75: =IF(Z$3="","",Y75) -> 3748 | AA75: =IF(AA$3="","",Z75) -> 3748 | AB75: =IF(AB$3="","",AA75) -> 3748 | AC75: 3773 | AD75: =IF(AD$3="","",AC75) -> 3773 | AE75: =IF(AE$3="","",AD75) -> 3773 | AF75: 3805 | AG75: =IF(AG$3="","",AF75) | AH75: =IF(AH$3="","",AG75) | AI75: =IF(AI$3="","",AH75) | AJ75: =IF(AJ$3="","",AI75) | AK75: =IF(AK$3="","",AJ75) | AL75: =IF(AL$3="","",AK75) | AM75: =IF(AM$3="","",AL75) | AN75: =IF(AN$3="","",AM75) | ... AS75: =IF(AS$3="","",AR75)
A76: BUZZ＃2 | B76: プライズ | C76: 145 | D76: =IF(D$3="","",C76) -> 145 | E76: 146 | F76: =IF(F$3="","",E76) -> 146 | G76: =IF(G$3="","",F76) -> 146 | H76: 148 | I76: =IF(I$3="","",H76) -> 148 | J76: =IF(J$3="","",I76) -> 148 | K76: 150 | L76: =IF(L$3="","",K76) -> 150 | M76: =IF(M$3="","",L76) -> 150 | N76: =IF(N$3="","",M76) -> 150 | O76: =IF(O$3="","",N76) -> 150 | P76: =IF(P$3="","",O76) -> 150 | Q76: =IF(Q$3="","",P76) -> 150 | R76: 151 | S76: =IF(S$3="","",R76) -> 151 | T76: =IF(T$3="","",S76) -> 151 | U76: =IF(U$3="","",T76) -> 151 | V76: 153 | W76: =IF(W$3="","",V76) -> 153 | X76: =IF(X$3="","",W76) -> 153 | Y76: 158 | Z76: =IF(Z$3="","",Y76) -> 158 | AA76: =IF(AA$3="","",Z76) -> 158 | AB76: =IF(AB$3="","",AA76) -> 158 | AC76: =IF(AC$3="","",AB76) -> 158 | AD76: =IF(AD$3="","",AC76) -> 158 | AE76: =IF(AE$3="","",AD76) -> 158 | AF76: 161 | AG76: =IF(AG$3="","",AF76) | AH76: =IF(AH$3="","",AG76) | AI76: =IF(AI$3="","",AH76) | AJ76: =IF(AJ$3="","",AI76) | AK76: =IF(AK$3="","",AJ76) | AL76: =IF(AL$3="","",AK76) | AM76: =IF(AM$3="","",AL76) | AN76: =IF(AN$3="","",AM76) | ... AS76: =IF(AS$3="","",AR76)
A77: 3 | B77: 投入残 | C77: 5 | D77: =IF(D$3="","",(C77+C78)) -> 5 | E77: =IF(E$3="","",(D77+D78)) -> 5 | F77: =IF(F$3="","",(E77+E78)) -> 5 | G77: =IF(G$3="","",(F77+F78)) -> 5 | H77: =IF(H$3="","",(G77+G78)) -> 5 | I77: =IF(I$3="","",(H77+H78)) -> 5 | J77: =IF(J$3="","",(I77+I78)) -> 5 | K77: 3 | L77: =IF(L$3="","",(K77+K78)) -> 5 | M77: =IF(M$3="","",(L77+L78)) -> 5 | N77: =IF(N$3="","",(M77+M78)) -> 5 | O77: =IF(O$3="","",(N77+N78)) -> 5 | P77: =IF(P$3="","",(O77+O78)) -> 5 | Q77: =IF(Q$3="","",(P77+P78)) -> 5 | R77: =IF(R$3="","",(Q77+Q78)) -> 5 | S77: =IF(S$3="","",(R77+R78)) -> 5 | ... X77: =IF(X$3="","",(W77+W78)) -> 5 | Y77: 4 | Z77: =IF(Z$3="","",(Y77+Y78)) -> 4 | AA77: =IF(AA$3="","",(Z77+Z78)) -> 4 | AB77: =IF(AB$3="","",(AA77+AA78)) -> 4 | AC77: =IF(AC$3="","",(AB77+AB78)) -> 4 | AD77: =IF(AD$3="","",(AC77+AC78)) -> 4 | AE77: =IF(AE$3="","",(AD77+AD78)) -> 4 | AF77: 3 | AG77: =IF(AG$3="","",(AF77+AF78)) | AH77: =IF(AH$3="","",(AG77+AG78)) | AI77: =IF(AI$3="","",(AH77+AH78)) | AJ77: =IF(AJ$3="","",(AI77+AI78)) | AK77: =IF(AK$3="","",(AJ77+AJ78)) | AL77: =IF(AL$3="","",(AK77+AK78)) | AM77: =IF(AM$3="","",(AL77+AL78)) | AN77: =IF(AN$3="","",(AM77+AM78)) | ... AS77: =IF(AS$3="","",(AR77+AR78))
B78: 補充 | K78: 2
B79: 単価 | C79: 400 | D79: =IF(D$3="","",C79) -> 400 | E79: =IF(E$3="","",D79) -> 400 | F79: =IF(F$3="","",E79) -> 400 | G79: =IF(G$3="","",F79) -> 400 | H79: =IF(H$3="","",G79) -> 400 | I79: =IF(I$3="","",H79) -> 400 | J79: =IF(J$3="","",I79) -> 400 | K79: =IF(K$3="","",J79) -> 400 | ... AS79: =IF(AS$3="","",AR79)
A80: 月間予想 | B80: 景品名 | C80: ゲームアーク | D80: =IF(D$3="","",C80) -> ゲームアーク | E80: =IF(E$3="","",D80) -> ゲームアーク | F80: =IF(F$3="","",E80) -> ゲームアーク | G80: =IF(G$3="","",F80) -> ゲームアーク | H80: =IF(H$3="","",G80) -> ゲームアーク | I80: =IF(I$3="","",H80) -> ゲームアーク | J80: =IF(J$3="","",I80) -> ゲームアーク | K80: =IF(K$3="","",J80) -> ゲームアーク | ... AS80: =IF(AS$3="","",AR80)
A81: =AVERAGE(C82:AS82)*30*100 -> 29300 | B81: 設定
A82: =SUM(C82:AS82) -> 293 | B82: 百差 | C82: 0 | D82: =IF(D$3="","",D75-C75) -> 0 | E82: =IF(E$3="","",E75-D75) -> 61 | F82: =IF(F$3="","",F75-E75) -> 0 | G82: =IF(G$3="","",G75-F75) -> 0 | H82: =IF(H$3="","",H75-G75) -> 6 | I82: =IF(I$3="","",I75-H75) -> 0 | J82: =IF(J$3="","",J75-I75) -> 0 | K82: =IF(K$3="","",K75-J75) -> 81 | ... AS82: =IF(AS$3="","",AS75-AR75)
A83: =SUM(C83:AS83) -> 16 | B83: P差 | C83: 0 | D83: =IF(D$3="","",D76-C76) -> 0 | E83: =IF(E$3="","",E76-D76) -> 1 | F83: =IF(F$3="","",F76-E76) -> 0 | G83: =IF(G$3="","",G76-F76) -> 0 | H83: =IF(H$3="","",H76-G76) -> 2 | I83: =IF(I$3="","",I76-H76) -> 0 | J83: =IF(J$3="","",J76-I76) -> 0 | K83: =IF(K$3="","",K76-J76) -> 2 | ... AS83: =IF(AS$3="","",AS76-AR76)
A84: =SUM(C84:AS84) -> 4 | B84: 払出 | C84: 0 | D84: =IF(D$3="","",C77+C78-D77) -> 0 | E84: =IF(E$3="","",D77+D78-E77) -> 0 | F84: =IF(F$3="","",E77+E78-F77) -> 0 | G84: =IF(G$3="","",F77+F78-G77) -> 0 | H84: =IF(H$3="","",G77+G78-H77) -> 0 | I84: =IF(I$3="","",H77+H78-I77) -> 0 | J84: =IF(J$3="","",I77+I78-J77) -> 0 | K84: =IF(K$3="","",J77+J78-K77) -> 2 | ... AS84: =IF(AS$3="","",AR77+AR78-AS77)
A85: =SUM(C85:AS85) -> 1600 | B85: 払出額 | C85: 0 | D85: =IF(D$3="","",D84*D79) -> 0 | E85: =IF(E$3="","",E84*E79) -> 0 | F85: =IF(F$3="","",F84*F79) -> 0 | G85: =IF(G$3="","",G84*G79) -> 0 | H85: =IF(H$3="","",H84*H79) -> 0 | I85: =IF(I$3="","",I84*I79) -> 0 | J85: =IF(J$3="","",J84*J79) -> 0 | K85: =IF(K$3="","",K84*K79) -> 800 | ... AS85: =IF(AS$3="","",AS84*AS79)
A86: =IF(A85="","",A85/(A82*100)) -> 0.054607509 | B86: 原価率 | D86: =IF(D$3="","",IF(D85=0,"",D85/(D82*100))) | E86: =IF(E$3="","",IF(E85=0,"",E85/(E82*100))) | F86: =IF(F$3="","",IF(F85=0,"",F85/(F82*100))) | G86: =IF(G$3="","",IF(G85=0,"",G85/(G82*100))) | H86: =IF(H$3="","",IF(H85=0,"",H85/(H82*100))) | I86: =IF(I$3="","",IF(I85=0,"",I85/(I82*100))) | J86: =IF(J$3="","",IF(J85=0,"",J85/(J82*100))) | K86: =IF(K$3="","",IF(K85=0,"",K85/(K82*100))) -> 0.098765432 | ... AS86: =IF(AS$3="","",IF(AS85=0,"",AS85/(AS82*100)))
A87: 都城 | B87: 100円 | C87: 2652 | D87: =IF(D$3="","",C87) -> 2652 | E87: 2726 | F87: =IF(F$3="","",E87) -> 2726 | G87: =IF(G$3="","",F87) -> 2726 | H87: 2760 | I87: =IF(I$3="","",H87) -> 2760 | J87: =IF(J$3="","",I87) -> 2760 | K87: 2851 | L87: =IF(L$3="","",K87) -> 2851 | M87: =IF(M$3="","",L87) -> 2851 | N87: =IF(N$3="","",M87) -> 2851 | O87: 2878 | P87: =IF(P$3="","",O87) -> 2878 | Q87: =IF(Q$3="","",P87) -> 2878 | R87: 2904 | S87: =IF(S$3="","",R87) -> 2904 | T87: =IF(T$3="","",S87) -> 2904 | U87: =IF(U$3="","",T87) -> 2904 | V87: 2907 | W87: =IF(W$3="","",V87) -> 2907 | X87: =IF(X$3="","",W87) -> 2907 | Y87: 2937 | Z87: =IF(Z$3="","",Y87) -> 2937 | AA87: =IF(AA$3="","",Z87) -> 2937 | AB87: =IF(AB$3="","",AA87) -> 2937 | AC87: 2956 | AD87: =IF(AD$3="","",AC87) -> 2956 | AE87: =IF(AE$3="","",AD87) -> 2956 | AF87: 3004 | AG87: =IF(AG$3="","",AF87) | AH87: =IF(AH$3="","",AG87) | AI87: =IF(AI$3="","",AH87) | AJ87: =IF(AJ$3="","",AI87) | AK87: =IF(AK$3="","",AJ87) | AL87: =IF(AL$3="","",AK87) | AM87: =IF(AM$3="","",AL87) | AN87: =IF(AN$3="","",AM87) | ... AS87: =IF(AS$3="","",AR87)
A88: BUZZ＃2 | B88: プライズ | C88: 104 | D88: =IF(D$3="","",C88) -> 104 | E88: =IF(E$3="","",D88) -> 104 | F88: =IF(F$3="","",E88) -> 104 | G88: =IF(G$3="","",F88) -> 104 | H88: =IF(H$3="","",G88) -> 104 | I88: =IF(I$3="","",H88) -> 104 | J88: =IF(J$3="","",I88) -> 104 | K88: =IF(K$3="","",J88) -> 104 | ... Q88: =IF(Q$3="","",P88) -> 104 | R88: 105 | S88: =IF(S$3="","",R88) -> 105 | T88: =IF(T$3="","",S88) -> 105 | U88: =IF(U$3="","",T88) -> 105 | V88: =IF(V$3="","",U88) -> 105 | W88: =IF(W$3="","",V88) -> 105 | X88: =IF(X$3="","",W88) -> 105 | Y88: 107 | Z88: =IF(Z$3="","",Y88) -> 107 | AA88: =IF(AA$3="","",Z88) -> 107 | AB88: =IF(AB$3="","",AA88) -> 107 | AC88: =IF(AC$3="","",AB88) -> 107 | AD88: =IF(AD$3="","",AC88) -> 107 | AE88: =IF(AE$3="","",AD88) -> 107 | AF88: 108 | AG88: =IF(AG$3="","",AF88) | AH88: =IF(AH$3="","",AG88) | AI88: =IF(AI$3="","",AH88) | AJ88: =IF(AJ$3="","",AI88) | AK88: =IF(AK$3="","",AJ88) | AL88: =IF(AL$3="","",AK88) | AM88: =IF(AM$3="","",AL88) | AN88: =IF(AN$3="","",AM88) | ... AS88: =IF(AS$3="","",AR88)
A89: 4 | B89: 投入残 | C89: 5 | D89: =IF(D$3="","",(C89+C90)) -> 5 | E89: =IF(E$3="","",(D89+D90)) -> 5 | F89: =IF(F$3="","",(E89+E90)) -> 5 | G89: =IF(G$3="","",(F89+F90)) -> 5 | H89: =IF(H$3="","",(G89+G90)) -> 5 | I89: =IF(I$3="","",(H89+H90)) -> 5 | J89: =IF(J$3="","",(I89+I90)) -> 5 | K89: =IF(K$3="","",(J89+J90)) -> 5 | ... Q89: =IF(Q$3="","",(P89+P90)) -> 5 | R89: 4 | S89: =IF(S$3="","",(R89+R90)) -> 6 | T89: =IF(T$3="","",(S89+S90)) -> 6 | U89: =IF(U$3="","",(T89+T90)) -> 6 | V89: =IF(V$3="","",(U89+U90)) -> 6 | W89: =IF(W$3="","",(V89+V90)) -> 6 | X89: =IF(X$3="","",(W89+W90)) -> 6 | Y89: =IF(Y$3="","",(X89+X90)) -> 6 | Z89: =IF(Z$3="","",(Y89+Y90)) -> 6 | ... AE89: =IF(AE$3="","",(AD89+AD90)) -> 6 | AF89: 5 | AG89: =IF(AG$3="","",(AF89+AF90)) | AH89: =IF(AH$3="","",(AG89+AG90)) | AI89: =IF(AI$3="","",(AH89+AH90)) | AJ89: =IF(AJ$3="","",(AI89+AI90)) | AK89: =IF(AK$3="","",(AJ89+AJ90)) | AL89: =IF(AL$3="","",(AK89+AK90)) | AM89: =IF(AM$3="","",(AL89+AL90)) | AN89: =IF(AN$3="","",(AM89+AM90)) | ... AS89: =IF(AS$3="","",(AR89+AR90))
B90: 補充 | R90: 2 | AF90: 1
B91: 単価 | C91: 750 | D91: =IF(D$3="","",C91) -> 750 | E91: =IF(E$3="","",D91) -> 750 | F91: =IF(F$3="","",E91) -> 750 | G91: =IF(G$3="","",F91) -> 750 | H91: =IF(H$3="","",G91) -> 750 | I91: =IF(I$3="","",H91) -> 750 | J91: =IF(J$3="","",I91) -> 750 | K91: =IF(K$3="","",J91) -> 750 | ... AS91: =IF(AS$3="","",AR91)
A92: 月間予想 | B92: 景品名 | C92: サンリオヒョウ柄キーケース | D92: =IF(D$3="","",C92) -> サンリオヒョウ柄キーケース | E92: =IF(E$3="","",D92) -> サンリオヒョウ柄キーケース | F92: =IF(F$3="","",E92) -> サンリオヒョウ柄キーケース | G92: =IF(G$3="","",F92) -> サンリオヒョウ柄キーケース | H92: =IF(H$3="","",G92) -> サンリオヒョウ柄キーケース | I92: =IF(I$3="","",H92) -> サンリオヒョウ柄キーケース | J92: =IF(J$3="","",I92) -> サンリオヒョウ柄キーケース | K92: =IF(K$3="","",J92) -> サンリオヒョウ柄キーケース | ... AS92: =IF(AS$3="","",AR92)
A93: =AVERAGE(C94:AS94)*30*100 -> 35200 | B93: 設定
A94: =SUM(C94:AS94) -> 352 | B94: 百差 | C94: 0 | D94: =IF(D$3="","",D87-C87) -> 0 | E94: =IF(E$3="","",E87-D87) -> 74 | F94: =IF(F$3="","",F87-E87) -> 0 | G94: =IF(G$3="","",G87-F87) -> 0 | H94: =IF(H$3="","",H87-G87) -> 34 | I94: =IF(I$3="","",I87-H87) -> 0 | J94: =IF(J$3="","",J87-I87) -> 0 | K94: =IF(K$3="","",K87-J87) -> 91 | ... AS94: =IF(AS$3="","",AS87-AR87)
A95: =SUM(C95:AS95) -> 4 | B95: P差 | C95: 0 | D95: =IF(D$3="","",D88-C88) -> 0 | E95: =IF(E$3="","",E88-D88) -> 0 | F95: =IF(F$3="","",F88-E88) -> 0 | G95: =IF(G$3="","",G88-F88) -> 0 | H95: =IF(H$3="","",H88-G88) -> 0 | I95: =IF(I$3="","",I88-H88) -> 0 | J95: =IF(J$3="","",J88-I88) -> 0 | K95: =IF(K$3="","",K88-J88) -> 0 | ... AS95: =IF(AS$3="","",AS88-AR88)
A96: =SUM(C96:AS96) -> 2 | B96: 払出 | C96: 0 | D96: =IF(D$3="","",C89+C90-D89) -> 0 | E96: =IF(E$3="","",D89+D90-E89) -> 0 | F96: =IF(F$3="","",E89+E90-F89) -> 0 | G96: =IF(G$3="","",F89+F90-G89) -> 0 | H96: =IF(H$3="","",G89+G90-H89) -> 0 | I96: =IF(I$3="","",H89+H90-I89) -> 0 | J96: =IF(J$3="","",I89+I90-J89) -> 0 | K96: =IF(K$3="","",J89+J90-K89) -> 0 | ... AS96: =IF(AS$3="","",AR89+AR90-AS89)
A97: =SUM(C97:AS97) -> 1500 | B97: 払出額 | C97: 0 | D97: =IF(D$3="","",D96*D91) -> 0 | E97: =IF(E$3="","",E96*E91) -> 0 | F97: =IF(F$3="","",F96*F91) -> 0 | G97: =IF(G$3="","",G96*G91) -> 0 | H97: =IF(H$3="","",H96*H91) -> 0 | I97: =IF(I$3="","",I96*I91) -> 0 | J97: =IF(J$3="","",J96*J91) -> 0 | K97: =IF(K$3="","",K96*K91) -> 0 | ... AS97: =IF(AS$3="","",AS96*AS91)
A98: =IF(A97="","",A97/(A94*100)) -> 0.042613636 | B98: 原価率 | D98: =IF(D$3="","",IF(D97=0,"",D97/(D94*100))) | E98: =IF(E$3="","",IF(E97=0,"",E97/(E94*100))) | F98: =IF(F$3="","",IF(F97=0,"",F97/(F94*100))) | G98: =IF(G$3="","",IF(G97=0,"",G97/(G94*100))) | H98: =IF(H$3="","",IF(H97=0,"",H97/(H94*100))) | I98: =IF(I$3="","",IF(I97=0,"",I97/(I94*100))) | J98: =IF(J$3="","",IF(J97=0,"",J97/(J94*100))) | K98: =IF(K$3="","",IF(K97=0,"",K97/(K94*100))) | ... AS98: =IF(AS$3="","",IF(AS97=0,"",AS97/(AS94*100)))
A99: 都城 | B99: 100円 | C99: 2788 | D99: =IF(D$3="","",C99) -> 2788 | E99: 2828 | F99: =IF(F$3="","",E99) -> 2828 | G99: =IF(G$3="","",F99) -> 2828 | H99: 2853 | I99: =IF(I$3="","",H99) -> 2853 | J99: =IF(J$3="","",I99) -> 2853 | K99: 2885 | L99: =IF(L$3="","",K99) -> 2885 | M99: =IF(M$3="","",L99) -> 2885 | N99: =IF(N$3="","",M99) -> 2885 | O99: 2923 | P99: =IF(P$3="","",O99) -> 2923 | Q99: =IF(Q$3="","",P99) -> 2923 | R99: 2963 | S99: =IF(S$3="","",R99) -> 2963 | T99: =IF(T$3="","",S99) -> 2963 | U99: =IF(U$3="","",T99) -> 2963 | V99: 2981 | W99: =IF(W$3="","",V99) -> 2981 | X99: =IF(X$3="","",W99) -> 2981 | Y99: 3004 | Z99: =IF(Z$3="","",Y99) -> 3004 | AA99: =IF(AA$3="","",Z99) -> 3004 | AB99: =IF(AB$3="","",AA99) -> 3004 | AC99: 3031 | AD99: =IF(AD$3="","",AC99) -> 3031 | AE99: =IF(AE$3="","",AD99) -> 3031 | AF99: 3081 | AG99: =IF(AG$3="","",AF99) | AH99: =IF(AH$3="","",AG99) | AI99: =IF(AI$3="","",AH99) | AJ99: =IF(AJ$3="","",AI99) | AK99: =IF(AK$3="","",AJ99) | AL99: =IF(AL$3="","",AK99) | AM99: =IF(AM$3="","",AL99) | AN99: =IF(AN$3="","",AM99) | ... AS99: =IF(AS$3="","",AR99)
A100: BUZZ＃3 | B100: プライズ | C100: 93 | D100: =IF(D$3="","",C100) -> 93 | E100: =IF(E$3="","",D100) -> 93 | F100: =IF(F$3="","",E100) -> 93 | G100: =IF(G$3="","",F100) -> 93 | H100: 94 | I100: =IF(I$3="","",H100) -> 94 | J100: =IF(J$3="","",I100) -> 94 | K100: =IF(K$3="","",J100) -> 94 | L100: =IF(L$3="","",K100) -> 94 | M100: =IF(M$3="","",L100) -> 94 | N100: =IF(N$3="","",M100) -> 94 | O100: 95 | P100: =IF(P$3="","",O100) -> 95 | Q100: =IF(Q$3="","",P100) -> 95 | R100: =IF(R$3="","",Q100) -> 95 | S100: =IF(S$3="","",R100) -> 95 | T100: =IF(T$3="","",S100) -> 95 | U100: =IF(U$3="","",T100) -> 95 | V100: =IF(V$3="","",U100) -> 95 | W100: =IF(W$3="","",V100) -> 95 | X100: =IF(X$3="","",W100) -> 95 | Y100: 96 | Z100: =IF(Z$3="","",Y100) -> 96 | AA100: =IF(AA$3="","",Z100) -> 96 | AB100: =IF(AB$3="","",AA100) -> 96 | AC100: 98 | AD100: =IF(AD$3="","",AC100) -> 98 | AE100: =IF(AE$3="","",AD100) -> 98 | AF100: 105 | AG100: =IF(AG$3="","",AF100) | AH100: =IF(AH$3="","",AG100) | AI100: =IF(AI$3="","",AH100) | AJ100: =IF(AJ$3="","",AI100) | AK100: =IF(AK$3="","",AJ100) | AL100: =IF(AL$3="","",AK100) | AM100: =IF(AM$3="","",AL100) | AN100: =IF(AN$3="","",AM100) | ... AS100: =IF(AS$3="","",AR100)
...

Sheet 霧島
A1: =SUM(A9,A45,A57,A69,A81,A93,A105,A117,A129,A153,A141,A165,A177,A189,A201,A213,A225,A33,A21,A237,A249) -> 1211709.7 | B1: 日付 | C1: 46066 | D1: =C1+1 -> 46067 | E1: =D1+1 -> 46068 | F1: =E1+1 -> 46069 | G1: =F1+1 -> 46070 | H1: =G1+1 -> 46071 | I1: =H1+1 -> 46072 | J1: =I1+1 -> 46073 | K1: =J1+1 -> 46074 | ... AS1: =AR1+1 -> 46108
B2: =SUM(C2:AO2) -> 12521 | C2: 0 | D2: =SUM(D10,D250,D238,D22,D34,D226,D214,D202,D190,D178,D166,D154,D142,D130,D118,,D106,D94,D82,D70,D58,D46) -> 0 | E2: =SUM(E10,E250,E238,E22,E34,E226,E214,E202,E190,E178,E166,E154,E142,E130,E118,,E106,E94,E82,E70,E58,E46) -> 0 | F2: =SUM(F10,F250,F238,F22,F34,F226,F214,F202,F190,F178,F166,F154,F142,F130,F118,,F106,F94,F82,F70,F58,F46) -> 1684 | G2: =SUM(G10,G250,G238,G22,G34,G226,G214,G202,G190,G178,G166,G154,G142,G130,G118,,G106,G94,G82,G70,G58,G46) -> 0 | H2: =SUM(H10,H250,H238,H22,H34,H226,H214,H202,H190,H178,H166,H154,H142,H130,H118,,H106,H94,H82,H70,H58,H46) -> 0 | I2: =SUM(I10,I250,I238,I22,I34,I226,I214,I202,I190,I178,I166,I154,I142,I130,I118,,I106,I94,I82,I70,I58,I46) -> 1003 | J2: =SUM(J10,J250,J238,J22,J34,J226,J214,J202,J190,J178,J166,J154,J142,J130,J118,,J106,J94,J82,J70,J58,J46) -> 0 | K2: =SUM(K10,K250,K238,K22,K34,K226,K214,K202,K190,K178,K166,K154,K142,K130,K118,,K106,K94,K82,K70,K58,K46) -> 0 | ... AS2: =SUM(AS10,AS250,AS238,AS22,AS34,AS226,AS214,AS202,AS190,AS178,AS166,AS154,AS142,AS130,AS118,,AS106,AS94,AS82,AS70,AS58,AS46) -> 0
A3: 霧島 | B3: 100円 | C3: 21752 | D3: 21752 | E3: 21752 | F3: 21846 | G3: 21846 | H3: 21846 | I3: 21903 | J3: 21903 | K3: 21903 | L3: 22061 | M3: 22061 | N3: 22061 | O3: 22061 | P3: 22096 | Q3: 22096 | R3: 22096 | S3: 22229 | T3: 22229 | U3: 22229 | V3: 22229 | W3: 22279 | X3: 22279 | Y3: 22279 | Z3: 22361 | AA3: 22361 | AB3: 22361 | AC3: 22361 | AD3: 22456 | AE3: 22456 | AF3: 22456 | AG3: 22531
A4: BUZZミニ | B4: プライズ | C4: 349 | D4: =IF(D$3="","",C4) -> 349 | E4: =IF(E$3="","",D4) -> 349 | F4: 350 | G4: =IF(G$3="","",F4) -> 350 | H4: =IF(H$3="","",G4) -> 350 | I4: 352 | J4: =IF(J$3="","",I4) -> 352 | K4: =IF(K$3="","",J4) -> 352 | L4: 357 | M4: =IF(M$3="","",L4) -> 357 | N4: =IF(N$3="","",M4) -> 357 | O4: =IF(O$3="","",N4) -> 357 | P4: =IF(P$3="","",O4) -> 357 | Q4: =IF(Q$3="","",P4) -> 357 | R4: =IF(R$3="","",Q4) -> 357 | S4: 360 | T4: =IF(T$3="","",S4) -> 360 | U4: =IF(U$3="","",T4) -> 360 | V4: =IF(V$3="","",U4) -> 360 | W4: 363 | X4: =IF(X$3="","",W4) -> 363 | Y4: =IF(Y$3="","",X4) -> 363 | Z4: 364 | AA4: =IF(AA$3="","",Z4) -> 364 | AB4: =IF(AB$3="","",AA4) -> 364 | AC4: =IF(AC$3="","",AB4) -> 364 | AD4: 365 | AE4: =IF(AE$3="","",AD4) -> 365 | AF4: =IF(AF$3="","",AE4) -> 365 | AG4: 366 | AH4: =IF(AH$3="","",AG4) | AI4: =IF(AI$3="","",AH4) | AJ4: =IF(AJ$3="","",AI4) | AK4: =IF(AK$3="","",AJ4) | AL4: =IF(AL$3="","",AK4) | AM4: =IF(AM$3="","",AL4) | AN4: =IF(AN$3="","",AM4) | AO4: =IF(AO$3="","",AN4) | ... AS4: =IF(AS$3="","",AR4)
B5: 投入残 | C5: 19 | D5: =IF(D3="","",(C5+C6)) -> 19 | E5: =IF(E3="","",(D5+D6)) -> 19 | F5: 18 | G5: =IF(G3="","",(F5+F6)) -> 18 | H5: =IF(H3="","",(G5+G6)) -> 18 | I5: 16 | J5: =IF(J3="","",(I5+I6)) -> 20 | K5: =IF(K3="","",(J5+J6)) -> 20 | L5: 15 | M5: =IF(M3="","",(L5+L6)) -> 21 | N5: =IF(N3="","",(M5+M6)) -> 21 | O5: =IF(O3="","",(N5+N6)) -> 21 | P5: =IF(P3="","",(O5+O6)) -> 21 | Q5: =IF(Q3="","",(P5+P6)) -> 34 | R5: =IF(R3="","",(Q5+Q6)) -> 34 | S5: 31 | T5: =IF(T3="","",(S5+S6)) -> 31 | U5: =IF(U3="","",(T5+T6)) -> 31 | V5: =IF(V3="","",(U5+U6)) -> 31 | W5: 28 | X5: =IF(X3="","",(W5+W6)) -> 28 | Y5: =IF(Y3="","",(X5+X6)) -> 28 | Z5: 27 | AA5: =IF(AA3="","",(Z5+Z6)) -> 27 | AB5: =IF(AB3="","",(AA5+AA6)) -> 27 | AC5: =IF(AC3="","",(AB5+AB6)) -> 27 | AD5: 26 | AE5: =IF(AE3="","",(AD5+AD6)) -> 26 | AF5: =IF(AF3="","",(AE5+AE6)) -> 26 | AG5: 25 | AH5: =IF(AH3="","",(AG5+AG6)) | AI5: =IF(AI3="","",(AH5+AH6)) | AJ5: =IF(AJ3="","",(AI5+AI6)) | AK5: =IF(AK3="","",(AJ5+AJ6)) | AL5: =IF(AL3="","",(AK5+AK6)) | AM5: =IF(AM3="","",(AL5+AL6)) | AN5: =IF(AN3="","",(AM5+AM6)) | AO5: =IF(AO3="","",(AN5+AN6)) | ... AS5: =IF(AS3="","",(AR5+AR6))
B6: 補充 | I6: 4 | L6: 6 | P6: 13
B7: 単価 | C7: 715 | D7: =IF(D3="","",C7) -> 715 | E7: =IF(E3="","",D7) -> 715 | F7: =IF(F3="","",E7) -> 715 | G7: =IF(G3="","",F7) -> 715 | H7: =IF(H3="","",G7) -> 715 | I7: =IF(I3="","",H7) -> 715 | J7: =IF(J3="","",I7) -> 715 | K7: =IF(K3="","",J7) -> 715 | ... AS7: =IF(AS3="","",AR7)
A8: 月間予想 | B8: 景品名 | C8: サムエル（箱無し） | D8: =IF(D3="","",C8) -> サムエル（箱無し） | E8: =IF(E3="","",D8) -> サムエル（箱無し） | F8: =IF(F3="","",E8) -> サムエル（箱無し） | G8: =IF(G3="","",F8) -> サムエル（箱無し） | H8: =IF(H3="","",G8) -> サムエル（箱無し） | I8: =IF(I3="","",H8) -> サムエル（箱無し） | J8: =IF(J3="","",I8) -> サムエル（箱無し） | K8: =IF(K3="","",J8) -> サムエル（箱無し） | ... AS8: =IF(AS3="","",AR8)
A9: =AVERAGE(C10:AS10)*30*100 -> 75387.097 | B9: 設定
A10: =SUM(C10:AS10) -> 779 | B10: 百差 | C10: 0 | D10: =IF(D3="","",D3-C3) -> 0 | E10: =IF(E3="","",E3-D3) -> 0 | F10: =IF(F3="","",F3-E3) -> 94 | G10: =IF(G3="","",G3-F3) -> 0 | H10: =IF(H3="","",H3-G3) -> 0 | I10: =IF(I3="","",I3-H3) -> 57 | J10: =IF(J3="","",J3-I3) -> 0 | K10: =IF(K3="","",K3-J3) -> 0 | ... AS10: =IF(AS3="","",AS3-AR3)
A11: =SUM(C11:AS11) -> 17 | B11: P差 | C11: 0 | D11: =IF(D4="","",D4-C4) -> 0 | E11: =IF(E4="","",E4-D4) -> 0 | F11: =IF(F4="","",F4-E4) -> 1 | G11: =IF(G4="","",G4-F4) -> 0 | H11: =IF(H4="","",H4-G4) -> 0 | I11: =IF(I4="","",I4-H4) -> 2 | J11: =IF(J4="","",J4-I4) -> 0 | K11: =IF(K4="","",K4-J4) -> 0 | ... AS11: =IF(AS4="","",AS4-AR4)
A12: =SUM(C12:AS12) -> 17 | B12: 払出 | C12: 0 | D12: =IF(D5="","",C5+C6-D5) -> 0 | E12: =IF(E5="","",D5+D6-E5) -> 0 | F12: =IF(F5="","",E5+E6-F5) -> 1 | G12: =IF(G5="","",F5+F6-G5) -> 0 | H12: =IF(H5="","",G5+G6-H5) -> 0 | I12: =IF(I5="","",H5+H6-I5) -> 2 | J12: =IF(J5="","",I5+I6-J5) -> 0 | K12: =IF(K5="","",J5+J6-K5) -> 0 | ... AS12: =IF(AS5="","",AR5+AR6-AS5)
A13: =SUM(C13:AS13) -> 12155 | B13: 払出額 | C13: 0 | D13: =IF(D3="","",D12*D7) -> 0 | E13: =IF(E3="","",E12*E7) -> 0 | F13: =IF(F3="","",F12*F7) -> 715 | G13: =IF(G3="","",G12*G7) -> 0 | H13: =IF(H3="","",H12*H7) -> 0 | I13: =IF(I3="","",I12*I7) -> 1430 | J13: =IF(J3="","",J12*J7) -> 0 | K13: =IF(K3="","",K12*K7) -> 0 | ... AS13: =IF(AS3="","",AS12*AS7)
A14: =IF(A13="","",A13/(A10*100)) -> 0.15603338 | B14: 原価率 | D14: =IF(D13="","",IF(D13=0,"",D13/(D10*100))) | E14: =IF(E13="","",IF(E13=0,"",E13/(E10*100))) | F14: =IF(F13="","",IF(F13=0,"",F13/(F10*100))) -> 0.07606383 | G14: =IF(G13="","",IF(G13=0,"",G13/(G10*100))) | H14: =IF(H13="","",IF(H13=0,"",H13/(H10*100))) | I14: =IF(I13="","",IF(I13=0,"",I13/(I10*100))) -> 0.25087719 | J14: =IF(J13="","",IF(J13=0,"",J13/(J10*100))) | K14: =IF(K13="","",IF(K13=0,"",K13/(K10*100))) | ... AS14: =IF(AS13="","",IF(AS13=0,"",AS13/(AS10*100)))
A15: 霧島 | B15: 100円 | C15: 16914 | D15: =IF(D$3="","",C15) -> 16914 | E15: =IF(E$3="","",D15) -> 16914 | F15: 17070 | G15: =IF(G$3="","",F15) -> 17070 | H15: =IF(H$3="","",G15) -> 17070 | I15: 17167 | J15: =IF(J$3="","",I15) -> 17167 | K15: =IF(K$3="","",J15) -> 17167 | L15: 17303 | M15: =IF(M$3="","",L15) -> 17303 | N15: =IF(N$3="","",M15) -> 17303 | O15: =IF(O$3="","",N15) -> 17303 | P15: 17391 | Q15: =IF(Q$3="","",P15) -> 17391 | R15: =IF(R$3="","",Q15) -> 17391 | S15: 17451 | T15: =IF(T$3="","",S15) -> 17451 | U15: =IF(U$3="","",T15) -> 17451 | V15: =IF(V$3="","",U15) -> 17451 | W15: 17497 | X15: =IF(X$3="","",W15) -> 17497 | Y15: =IF(Y$3="","",X15) -> 17497 | Z15: 17590 | AA15: =IF(AA$3="","",Z15) -> 17590 | AB15: =IF(AB$3="","",AA15) -> 17590 | AC15: =IF(AC$3="","",AB15) -> 17590 | AD15: 17664 | AE15: =IF(AE$3="","",AD15) -> 17664 | AF15: =IF(AF$3="","",AE15) -> 17664 | AG15: 17736 | AH15: =IF(AH$3="","",AG15) | AI15: =IF(AI$3="","",AH15) | AJ15: =IF(AJ$3="","",AI15) | AK15: =IF(AK$3="","",AJ15) | AL15: =IF(AL$3="","",AK15) | AM15: =IF(AM$3="","",AL15) | AN15: =IF(AN$3="","",AM15) | AO15: =IF(AO$3="","",AN15) | ... AS15: =IF(AS$3="","",AR15)
A16: BUZZミニ#2 | B16: プライズ | C16: 428 | D16: =IF(D$3="","",C16) -> 428 | E16: =IF(E$3="","",D16) -> 428 | F16: 431 | G16: =IF(G$3="","",F16) -> 431 | H16: =IF(H$3="","",G16) -> 431 | I16: 432 | J16: =IF(J$3="","",I16) -> 432 | K16: =IF(K$3="","",J16) -> 432 | L16: 434 | M16: =IF(M$3="","",L16) -> 434 | N16: =IF(N$3="","",M16) -> 434 | O16: =IF(O$3="","",N16) -> 434 | P16: 437 | Q16: =IF(Q$3="","",P16) -> 437 | R16: =IF(R$3="","",Q16) -> 437 | S16: =IF(S$3="","",R16) -> 437 | T16: =IF(T$3="","",S16) -> 437 | U16: =IF(U$3="","",T16) -> 437 | V16: =IF(V$3="","",U16) -> 437 | W16: 438 | X16: =IF(X$3="","",W16) -> 438 | Y16: =IF(Y$3="","",X16) -> 438 | Z16: 439 | AA16: =IF(AA$3="","",Z16) -> 439 | AB16: =IF(AB$3="","",AA16) -> 439 | AC16: =IF(AC$3="","",AB16) -> 439 | AD16: 441 | AE16: =IF(AE$3="","",AD16) -> 441 | AF16: =IF(AF$3="","",AE16) -> 441 | AG16: 442 | AH16: =IF(AH$3="","",AG16) | AI16: =IF(AI$3="","",AH16) | AJ16: =IF(AJ$3="","",AI16) | AK16: =IF(AK$3="","",AJ16) | AL16: =IF(AL$3="","",AK16) | AM16: =IF(AM$3="","",AL16) | AN16: =IF(AN$3="","",AM16) | AO16: =IF(AO$3="","",AN16) | ... AS16: =IF(AS$3="","",AR16)
B17: 投入残 | C17: 47 | D17: =IF(D15="","",(C17+C18)) -> 47 | E17: =IF(E15="","",(D17+D18)) -> 47 | F17: 44 | G17: =IF(G15="","",(F17+F18)) -> 44 | H17: =IF(H15="","",(G17+G18)) -> 44 | I17: 43 | J17: =IF(J15="","",(I17+I18)) -> 43 | K17: =IF(K15="","",(J17+J18)) -> 43 | L17: 41 | M17: =IF(M15="","",(L17+L18)) -> 41 | N17: =IF(N15="","",(M17+M18)) -> 41 | O17: =IF(O15="","",(N17+N18)) -> 41 | P17: 38 | Q17: =IF(Q15="","",(P17+P18)) -> 38 | R17: =IF(R15="","",(Q17+Q18)) -> 38 | S17: =IF(S15="","",(R17+R18)) -> 38 | T17: =IF(T15="","",(S17+S18)) -> 39 | U17: =IF(U15="","",(T17+T18)) -> 39 | V17: =IF(V15="","",(U17+U18)) -> 39 | W17: 38 | X17: =IF(X15="","",(W17+W18)) -> 38 | Y17: =IF(Y15="","",(X17+X18)) -> 38 | Z17: 37 | AA17: =IF(AA15="","",(Z17+Z18)) -> 37 | AB17: =IF(AB15="","",(AA17+AA18)) -> 37 | AC17: =IF(AC15="","",(AB17+AB18)) -> 37 | AD17: 35 | AE17: =IF(AE15="","",(AD17+AD18)) -> 35 | AF17: =IF(AF15="","",(AE17+AE18)) -> 35 | AG17: 34 | AH17: =IF(AH15="","",(AG17+AG18)) | AI17: =IF(AI15="","",(AH17+AH18)) | AJ17: =IF(AJ15="","",(AI17+AI18)) | AK17: =IF(AK15="","",(AJ17+AJ18)) | AL17: =IF(AL15="","",(AK17+AK18)) | AM17: =IF(AM15="","",(AL17+AL18)) | AN17: =IF(AN15="","",(AM17+AM18)) | AO17: =IF(AO15="","",(AN17+AN18)) | ... AS17: =IF(AS15="","",(AR17+AR18))
B18: 補充 | S18: 1
B19: 単価 | C19: 700 | D19: =IF(D15="","",C19) -> 700 | E19: =IF(E15="","",D19) -> 700 | F19: =IF(F15="","",E19) -> 700 | G19: =IF(G15="","",F19) -> 700 | H19: =IF(H15="","",G19) -> 700 | I19: =IF(I15="","",H19) -> 700 | J19: =IF(J15="","",I19) -> 700 | K19: =IF(K15="","",J19) -> 700 | ... AS19: =IF(AS15="","",AR19)
A20: 月間予想 | B20: 景品名 | C20: サンリオマスコット | D20: =IF(D15="","",C20) -> サンリオマスコット | E20: =IF(E15="","",D20) -> サンリオマスコット | F20: =IF(F15="","",E20) -> サンリオマスコット | G20: =IF(G15="","",F20) -> サンリオマスコット | H20: =IF(H15="","",G20) -> サンリオマスコット | I20: =IF(I15="","",H20) -> サンリオマスコット | J20: =IF(J15="","",I20) -> サンリオマスコット | K20: =IF(K15="","",J20) -> サンリオマスコット | ... AS20: =IF(AS15="","",AR20)
A21: =AVERAGE(C22:AS22)*30*100 -> 79548.387 | B21: 設定
A22: =SUM(C22:AS22) -> 822 | B22: 百差 | C22: 0 | D22: =IF(D15="","",D15-C15) -> 0 | E22: =IF(E15="","",E15-D15) -> 0 | F22: =IF(F15="","",F15-E15) -> 156 | G22: =IF(G15="","",G15-F15) -> 0 | H22: =IF(H15="","",H15-G15) -> 0 | I22: =IF(I15="","",I15-H15) -> 97 | J22: =IF(J15="","",J15-I15) -> 0 | K22: =IF(K15="","",K15-J15) -> 0 | ... AS22: =IF(AS15="","",AS15-AR15)
A23: =SUM(C23:AS23) -> 14 | B23: P差 | C23: 0 | D23: =IF(D16="","",D16-C16) -> 0 | E23: =IF(E16="","",E16-D16) -> 0 | F23: =IF(F16="","",F16-E16) -> 3 | G23: =IF(G16="","",G16-F16) -> 0 | H23: =IF(H16="","",H16-G16) -> 0 | I23: =IF(I16="","",I16-H16) -> 1 | J23: =IF(J16="","",J16-I16) -> 0 | K23: =IF(K16="","",K16-J16) -> 0 | ... AS23: =IF(AS16="","",AS16-AR16)
A24: =SUM(C24:AS24) -> 14 | B24: 払出 | C24: 0 | D24: =IF(D17="","",C17+C18-D17) -> 0 | E24: =IF(E17="","",D17+D18-E17) -> 0 | F24: =IF(F17="","",E17+E18-F17) -> 3 | G24: =IF(G17="","",F17+F18-G17) -> 0 | H24: =IF(H17="","",G17+G18-H17) -> 0 | I24: =IF(I17="","",H17+H18-I17) -> 1 | J24: =IF(J17="","",I17+I18-J17) -> 0 | K24: =IF(K17="","",J17+J18-K17) -> 0 | ... AS24: =IF(AS17="","",AR17+AR18-AS17)
A25: =SUM(C25:AS25) -> 9800 | B25: 払出額 | C25: 0 | D25: =IF(D15="","",D24*D19) -> 0 | E25: =IF(E15="","",E24*E19) -> 0 | F25: =IF(F15="","",F24*F19) -> 2100 | G25: =IF(G15="","",G24*G19) -> 0 | H25: =IF(H15="","",H24*H19) -> 0 | I25: =IF(I15="","",I24*I19) -> 700 | J25: =IF(J15="","",J24*J19) -> 0 | K25: =IF(K15="","",K24*K19) -> 0 | ... AS25: =IF(AS15="","",AS24*AS19)
A26: =IF(A25="","",A25/(A22*100)) -> 0.11922141 | B26: 原価率 | D26: =IF(D25="","",IF(D25=0,"",D25/(D22*100))) | E26: =IF(E25="","",IF(E25=0,"",E25/(E22*100))) | F26: =IF(F25="","",IF(F25=0,"",F25/(F22*100))) -> 0.13461538 | G26: =IF(G25="","",IF(G25=0,"",G25/(G22*100))) | H26: =IF(H25="","",IF(H25=0,"",H25/(H22*100))) | I26: =IF(I25="","",IF(I25=0,"",I25/(I22*100))) -> 0.072164948 | J26: =IF(J25="","",IF(J25=0,"",J25/(J22*100))) | K26: =IF(K25="","",IF(K25=0,"",K25/(K22*100))) | ... AS26: =IF(AS25="","",IF(AS25=0,"",AS25/(AS22*100)))
A27: 霧島 | B27: 100円 | C27: 38243 | D27: =IF(D$3="","",C27) -> 38243 | E27: =IF(E$3="","",D27) -> 38243 | F27: 38290 | G27: =IF(G$3="","",F27) -> 38290 | H27: =IF(H$3="","",G27) -> 38290 | I27: 38334 | J27: =IF(J$3="","",I27) -> 38334 | K27: =IF(K$3="","",J27) -> 38334 | L27: 38422 | M27: =IF(M$3="","",L27) -> 38422 | N27: =IF(N$3="","",M27) -> 38422 | O27: =IF(O$3="","",N27) -> 38422 | P27: 38478 | Q27: =IF(Q$3="","",P27) -> 38478 | R27: =IF(R$3="","",Q27) -> 38478 | S27: 38556 | T27: =IF(T$3="","",S27) -> 38556 | U27: =IF(U$3="","",T27) -> 38556 | V27: =IF(V$3="","",U27) -> 38556 | W27: 38589 | X27: =IF(X$3="","",W27) -> 38589 | Y27: =IF(Y$3="","",X27) -> 38589 | Z27: 38651 | AA27: =IF(AA$3="","",Z27) -> 38651 | AB27: =IF(AB$3="","",AA27) -> 38651 | AC27: =IF(AC$3="","",AB27) -> 38651 | AD27: 38689 | AE27: =IF(AE$3="","",AD27) -> 38689 | AF27: =IF(AF$3="","",AE27) -> 38689 | AG27: 38724 | AH27: =IF(AH$3="","",AG27) | AI27: =IF(AI$3="","",AH27) | AJ27: =IF(AJ$3="","",AI27) | AK27: =IF(AK$3="","",AJ27) | AL27: =IF(AL$3="","",AK27) | AM27: =IF(AM$3="","",AL27) | AN27: =IF(AN$3="","",AM27) | AO27: =IF(AO$3="","",AN27) | ... AS27: =IF(AS$3="","",AR27)
A28: クリスタル | B28: プライズ | C28: 975 | D28: =IF(D$3="","",C28) -> 975 | E28: =IF(E$3="","",D28) -> 975 | F28: 976 | G28: =IF(G$3="","",F28) -> 976 | H28: =IF(H$3="","",G28) -> 976 | I28: 980 | J28: =IF(J$3="","",I28) -> 980 | K28: =IF(K$3="","",J28) -> 980 | L28: 994 | M28: =IF(M$3="","",L28) -> 994 | N28: =IF(N$3="","",M28) -> 994 | O28: =IF(O$3="","",N28) -> 994 | P28: =IF(P$3="","",O28) -> 994 | Q28: =IF(Q$3="","",P28) -> 994 | R28: =IF(R$3="","",Q28) -> 994 | S28: 996 | T28: =IF(T$3="","",S28) -> 996 | U28: =IF(U$3="","",T28) -> 996 | V28: =IF(V$3="","",U28) -> 996 | W28: 999 | X28: =IF(X$3="","",W28) -> 999 | Y28: =IF(Y$3="","",X28) -> 999 | Z28: 1003 | AA28: =IF(AA$3="","",Z28) -> 1003 | AB28: =IF(AB$3="","",AA28) -> 1003 | AC28: =IF(AC$3="","",AB28) -> 1003 | AD28: 1007 | AE28: =IF(AE$3="","",AD28) -> 1007 | AF28: =IF(AF$3="","",AE28) -> 1007 | AG28: 1009 | AH28: =IF(AH$3="","",AG28) | AI28: =IF(AI$3="","",AH28) | AJ28: =IF(AJ$3="","",AI28) | AK28: =IF(AK$3="","",AJ28) | AL28: =IF(AL$3="","",AK28) | AM28: =IF(AM$3="","",AL28) | AN28: =IF(AN$3="","",AM28) | AO28: =IF(AO$3="","",AN28) | ... AS28: =IF(AS$3="","",AR28)
B29: 投入残 | C29: 13 | D29: =IF(D27="","",(C29+C30)) -> 13 | E29: =IF(E27="","",(D29+D30)) -> 13 | F29: 12 | G29: =IF(G27="","",(F29+F30)) -> 12 | H29: =IF(H27="","",(G29+G30)) -> 12 | I29: 8 | J29: =IF(J27="","",(I29+I30)) -> 20 | K29: =IF(K27="","",(J29+J30)) -> 20 | L29: 6 | M29: =IF(M27="","",(L29+L30)) -> 15 | N29: =IF(N27="","",(M29+M30)) -> 15 | O29: =IF(O27="","",(N29+N30)) -> 15 | P29: =IF(P27="","",(O29+O30)) -> 15 | Q29: =IF(Q27="","",(P29+P30)) -> 15 | R29: =IF(R27="","",(Q29+Q30)) -> 15 | S29: 13 | T29: =IF(T27="","",(S29+S30)) -> 13 | U29: =IF(U27="","",(T29+T30)) -> 13 | V29: =IF(V27="","",(U29+U30)) -> 13 | W29: =IF(W27="","",(V29+V30)) -> 13 | X29: =IF(X27="","",(W29+W30)) -> 13 | Y29: =IF(Y27="","",(X29+X30)) -> 13 | Z29: 11 | AA29: =IF(AA27="","",(Z29+Z30)) -> 11 | AB29: =IF(AB27="","",(AA29+AA30)) -> 11 | AC29: =IF(AC27="","",(AB29+AB30)) -> 11 | AD29: 7 | AE29: =IF(AE27="","",(AD29+AD30)) -> 7 | AF29: =IF(AF27="","",(AE29+AE30)) -> 7 | AG29: 4 | AH29: =IF(AH27="","",(AG29+AG30)) | AI29: =IF(AI27="","",(AH29+AH30)) | AJ29: =IF(AJ27="","",(AI29+AI30)) | AK29: =IF(AK27="","",(AJ29+AJ30)) | AL29: =IF(AL27="","",(AK29+AK30)) | AM29: =IF(AM27="","",(AL29+AL30)) | AN29: =IF(AN27="","",(AM29+AM30)) | AO29: =IF(AO27="","",(AN29+AN30)) | ... AS29: =IF(AS27="","",(AR29+AR30))
B30: 補充 | I30: 12 | L30: 9 | AG30: 13
B31: 単価 | C31: 400 | D31: =IF(D27="","",C31) -> 400 | E31: =IF(E27="","",D31) -> 400 | F31: =IF(F27="","",E31) -> 400 | G31: =IF(G27="","",F31) -> 400 | H31: =IF(H27="","",G31) -> 400 | I31: =IF(I27="","",H31) -> 400 | J31: =IF(J27="","",I31) -> 400 | K31: =IF(K27="","",J31) -> 400 | ... AS31: =IF(AS27="","",AR31)
A32: 月間予想 | B32: 景品名 | C32: ラブブMC | D32: =IF(D27="","",C32) -> ラブブMC | E32: =IF(E27="","",D32) -> ラブブMC | F32: =IF(F27="","",E32) -> ラブブMC | G32: =IF(G27="","",F32) -> ラブブMC | H32: =IF(H27="","",G32) -> ラブブMC | I32: ピクミンMC | J32: =IF(J27="","",I32) -> ピクミンMC | K32: =IF(K27="","",J32) -> ピクミンMC | L32: サムエル（箱無し） | M32: =IF(M27="","",L32) -> サムエル（箱無し） | N32: =IF(N27="","",M32) -> サムエル（箱無し） | O32: =IF(O27="","",N32) -> サムエル（箱無し） | P32: =IF(P27="","",O32) -> サムエル（箱無し） | Q32: =IF(Q27="","",P32) -> サムエル（箱無し） | R32: =IF(R27="","",Q32) -> サムエル（箱無し） | S32: =IF(S27="","",R32) -> サムエル（箱無し） | T32: =IF(T27="","",S32) -> サムエル（箱無し） | ... AS32: =IF(AS27="","",AR32)
A33: =AVERAGE(C34:AS34)*30*100 -> 46548.387 | B33: 設定
A34: =SUM(C34:AS34) -> 481 | B34: 百差 | C34: 0 | D34: =IF(D27="","",D27-C27) -> 0 | E34: =IF(E27="","",E27-D27) -> 0 | F34: =IF(F27="","",F27-E27) -> 47 | G34: =IF(G27="","",G27-F27) -> 0 | H34: =IF(H27="","",H27-G27) -> 0 | I34: =IF(I27="","",I27-H27) -> 44 | J34: =IF(J27="","",J27-I27) -> 0 | K34: =IF(K27="","",K27-J27) -> 0 | ... AS34: =IF(AS27="","",AS27-AR27)
A35: =SUM(C35:AS35) -> 34 | B35: P差 | C35: 0 | D35: =IF(D28="","",D28-C28) -> 0 | E35: =IF(E28="","",E28-D28) -> 0 | F35: =IF(F28="","",F28-E28) -> 1 | G35: =IF(G28="","",G28-F28) -> 0 | H35: =IF(H28="","",H28-G28) -> 0 | I35: =IF(I28="","",I28-H28) -> 4 | J35: =IF(J28="","",J28-I28) -> 0 | K35: =IF(K28="","",K28-J28) -> 0 | ... AS35: =IF(AS28="","",AS28-AR28)
A36: =SUM(C36:AS36) -> 30 | B36: 払出 | C36: 0 | D36: =IF(D29="","",C29+C30-D29) -> 0 | E36: =IF(E29="","",D29+D30-E29) -> 0 | F36: =IF(F29="","",E29+E30-F29) -> 1 | G36: =IF(G29="","",F29+F30-G29) -> 0 | H36: =IF(H29="","",G29+G30-H29) -> 0 | I36: =IF(I29="","",H29+H30-I29) -> 4 | J36: =IF(J29="","",I29+I30-J29) -> 0 | K36: =IF(K29="","",J29+J30-K29) -> 0 | ... AS36: =IF(AS29="","",AR29+AR30-AS29)
A37: =SUM(C37:AS37) -> 12000 | B37: 払出額 | C37: 0 | D37: =IF(D27="","",D36*D31) -> 0 | E37: =IF(E27="","",E36*E31) -> 0 | F37: =IF(F27="","",F36*F31) -> 400 | G37: =IF(G27="","",G36*G31) -> 0 | H37: =IF(H27="","",H36*H31) -> 0 | I37: =IF(I27="","",I36*I31) -> 1600 | J37: =IF(J27="","",J36*J31) -> 0 | K37: =IF(K27="","",K36*K31) -> 0 | ... AS37: =IF(AS27="","",AS36*AS31)
A38: =IF(A37="","",A37/(A34*100)) -> 0.24948025 | B38: 原価率 | D38: =IF(D37="","",IF(D37=0,"",D37/(D34*100))) | E38: =IF(E37="","",IF(E37=0,"",E37/(E34*100))) | F38: =IF(F37="","",IF(F37=0,"",F37/(F34*100))) -> 0.085106383 | G38: =IF(G37="","",IF(G37=0,"",G37/(G34*100))) | H38: =IF(H37="","",IF(H37=0,"",H37/(H34*100))) | I38: =IF(I37="","",IF(I37=0,"",I37/(I34*100))) -> 0.36363636 | J38: =IF(J37="","",IF(J37=0,"",J37/(J34*100))) | K38: =IF(K37="","",IF(K37=0,"",K37/(K34*100))) | ... AS38: =IF(AS37="","",IF(AS37=0,"",AS37/(AS34*100)))
A39: 霧島 | B39: 100円 | C39: 13690 | D39: =IF(D$3="","",C39) -> 13690 | E39: =IF(E$3="","",D39) -> 13690 | F39: 13792 | G39: =IF(G$3="","",F39) -> 13792 | H39: =IF(H$3="","",G39) -> 13792 | I39: 13798 | J39: =IF(J$3="","",I39) -> 13798 | K39: =IF(K$3="","",J39) -> 13798 | L39: 13884 | M39: =IF(M$3="","",L39) -> 13884 | N39: =IF(N$3="","",M39) -> 13884 | O39: =IF(O$3="","",N39) -> 13884 | P39: 13908 | Q39: =IF(Q$3="","",P39) -> 13908 | R39: =IF(R$3="","",Q39) -> 13908 | S39: 13954 | T39: =IF(T$3="","",S39) -> 13954 | U39: =IF(U$3="","",T39) -> 13954 | V39: =IF(V$3="","",U39) -> 13954 | W39: 13988 | X39: =IF(X$3="","",W39) -> 13988 | Y39: =IF(Y$3="","",X39) -> 13988 | Z39: 14043 | AA39: =IF(AA$3="","",Z39) -> 14043 | AB39: =IF(AB$3="","",AA39) -> 14043 | AC39: =IF(AC$3="","",AB39) -> 14043 | AD39: 14080 | AE39: =IF(AE$3="","",AD39) -> 14080 | AF39: =IF(AF$3="","",AE39) -> 14080 | AG39: 14132 | AH39: =IF(AH$3="","",AG39) | AI39: =IF(AI$3="","",AH39) | AJ39: =IF(AJ$3="","",AI39) | AK39: =IF(AK$3="","",AJ39) | AL39: =IF(AL$3="","",AK39) | AM39: =IF(AM$3="","",AL39) | AN39: =IF(AN$3="","",AM39) | AO39: =IF(AO$3="","",AN39) | ... AS39: =IF(AS$3="","",AR39)
A40: BUZZ＃１ | B40: プライズ | C40: 323 | D40: =IF(D$3="","",C40) -> 323 | E40: =IF(E$3="","",D40) -> 323 | F40: 324 | G40: =IF(G$3="","",F40) -> 324 | H40: =IF(H$3="","",G40) -> 324 | I40: 325 | J40: =IF(J$3="","",I40) -> 325 | K40: =IF(K$3="","",J40) -> 325 | L40: 326 | M40: =IF(M$3="","",L40) -> 326 | N40: =IF(N$3="","",M40) -> 326 | O40: =IF(O$3="","",N40) -> 326 | P40: 328 | Q40: =IF(Q$3="","",P40) -> 328 | R40: =IF(R$3="","",Q40) -> 328 | S40: =IF(S$3="","",R40) -> 328 | T40: =IF(T$3="","",S40) -> 328 | U40: =IF(U$3="","",T40) -> 328 | V40: =IF(V$3="","",U40) -> 328 | W40: 330 | X40: =IF(X$3="","",W40) -> 330 | Y40: =IF(Y$3="","",X40) -> 330 | Z40: 331 | AA40: =IF(AA$3="","",Z40) -> 331 | AB40: =IF(AB$3="","",AA40) -> 331 | AC40: =IF(AC$3="","",AB40) -> 331 | AD40: 332 | AE40: =IF(AE$3="","",AD40) -> 332 | AF40: =IF(AF$3="","",AE40) -> 332 | AG40: =IF(AG$3="","",AF40) -> 332 | AH40: =IF(AH$3="","",AG40) | AI40: =IF(AI$3="","",AH40) | AJ40: =IF(AJ$3="","",AI40) | AK40: =IF(AK$3="","",AJ40) | AL40: =IF(AL$3="","",AK40) | ... AS40: =IF(AS$3="","",AR40)
A41: 1 | B41: 投入残 | C41: 5 | D41: =IF(D39="","",(C41+C42)) -> 5 | E41: =IF(E39="","",(D41+D42)) -> 5 | F41: 4 | G41: =IF(G39="","",(F41+F42)) -> 6 | H41: =IF(H39="","",(G41+G42)) -> 6 | I41: 5 | J41: =IF(J39="","",(I41+I42)) -> 5 | K41: =IF(K39="","",(J41+J42)) -> 5 | L41: =IF(L39="","",(K41+K42)) -> 5 | M41: =IF(M39="","",(L41+L42)) -> 5 | N41: =IF(N39="","",(M41+M42)) -> 5 | O41: =IF(O39="","",(N41+N42)) -> 5 | P41: 3 | Q41: =IF(Q39="","",(P41+P42)) -> 6 | R41: =IF(R39="","",(Q41+Q42)) -> 6 | S41: =IF(S39="","",(R41+R42)) -> 6 | T41: =IF(T39="","",(S41+S42)) -> 6 | U41: =IF(U39="","",(T41+T42)) -> 6 | V41: =IF(V39="","",(U41+U42)) -> 6 | W41: 4 | X41: =IF(X39="","",(W41+W42)) -> 5 | Y41: =IF(Y39="","",(X41+X42)) -> 5 | Z41: 4 | AA41: =IF(AA39="","",(Z41+Z42)) -> 5 | AB41: =IF(AB39="","",(AA41+AA42)) -> 5 | AC41: =IF(AC39="","",(AB41+AB42)) -> 5 | AD41: 4 | AE41: =IF(AE39="","",(AD41+AD42)) -> 6 | AF41: =IF(AF39="","",(AE41+AE42)) -> 6 | AG41: =IF(AG39="","",(AF41+AF42)) -> 6 | AH41: =IF(AH39="","",(AG41+AG42)) | AI41: =IF(AI39="","",(AH41+AH42)) | AJ41: =IF(AJ39="","",(AI41+AI42)) | AK41: =IF(AK39="","",(AJ41+AJ42)) | AL41: =IF(AL39="","",(AK41+AK42)) | ... AS41: =IF(AS39="","",(AR41+AR42))
A42: 機械合計 | B42: 補充 | F42: 2 | P42: 3 | W42: 1 | Z42: 1 | AD42: 2
A43: =+(A46+A58+A70+A82)*100 -> 153900 | B43: 単価 | C43: 750 | D43: =IF(D39="","",C43) -> 750 | E43: =IF(E39="","",D43) -> 750 | F43: =IF(F39="","",E43) -> 750 | G43: =IF(G39="","",F43) -> 750 | H43: =IF(H39="","",G43) -> 750 | I43: =IF(I39="","",H43) -> 750 | J43: =IF(J39="","",I43) -> 750 | K43: =IF(K39="","",J43) -> 750 | ... AS43: =IF(AS39="","",AR43)
A44: 月間予想 | B44: 景品名 | C44: ジャグラーフラッシュボタンミニ | D44: =IF(D39="","",C44) -> ジャグラーフラッシュボタンミニ | E44: =IF(E39="","",D44) -> ジャグラーフラッシュボタンミニ | F44: =IF(F39="","",E44) -> ジャグラーフラッシュボタンミニ | G44: =IF(G39="","",F44) -> ジャグラーフラッシュボタンミニ | H44: =IF(H39="","",G44) -> ジャグラーフラッシュボタンミニ | I44: =IF(I39="","",H44) -> ジャグラーフラッシュボタンミニ | J44: =IF(J39="","",I44) -> ジャグラーフラッシュボタンミニ | K44: =IF(K39="","",J44) -> ジャグラーフラッシュボタンミニ | ... AS44: =IF(AS39="","",AR44)
A45: =AVERAGE(C46:AS46)*30*100 -> 42774.194 | B45: 設定
A46: =SUM(C46:AS46) -> 442 | B46: 百差 | C46: 0 | D46: =IF(D39="","",D39-C39) -> 0 | E46: =IF(E39="","",E39-D39) -> 0 | F46: =IF(F39="","",F39-E39) -> 102 | G46: =IF(G39="","",G39-F39) -> 0 | H46: =IF(H39="","",H39-G39) -> 0 | I46: =IF(I39="","",I39-H39) -> 6 | J46: =IF(J39="","",J39-I39) -> 0 | K46: =IF(K39="","",K39-J39) -> 0 | ... AS46: =IF(AS39="","",AS39-AR39)
A47: 7 | B47: P差 | C47: 0 | D47: =IF(D40="","",D40-C40) -> 0 | E47: =IF(E40="","",E40-D40) -> 0 | F47: =IF(F40="","",F40-E40) -> 1 | G47: =IF(G40="","",G40-F40) -> 0 | H47: =IF(H40="","",H40-G40) -> 0 | I47: =IF(I40="","",I40-H40) -> 1 | J47: =IF(J40="","",J40-I40) -> 0 | K47: =IF(K40="","",K40-J40) -> 0 | ... AS47: =IF(AS40="","",AS40-AR40)
A48: 7 | B48: 払出 | C48: 0 | D48: =IF(D41="","",C41+C42-D41) -> 0 | E48: =IF(E41="","",D41+D42-E41) -> 0 | F48: =IF(F41="","",E41+E42-F41) -> 1 | G48: =IF(G41="","",F41+F42-G41) -> 0 | H48: =IF(H41="","",G41+G42-H41) -> 0 | I48: =IF(I41="","",H41+H42-I41) -> 1 | J48: =IF(J41="","",I41+I42-J41) -> 0 | K48: =IF(K41="","",J41+J42-K41) -> 0 | ... AS48: =IF(AS41="","",AR41+AR42-AS41)
A49: 0 | B49: 払出額 | C49: 0 | D49: =IF(D39="","",D48*D43) -> 0 | E49: =IF(E39="","",E48*E43) -> 0 | F49: =IF(F39="","",F48*F43) -> 750 | G49: =IF(G39="","",G48*G43) -> 0 | H49: =IF(H39="","",H48*H43) -> 0 | I49: =IF(I39="","",I48*I43) -> 750 | J49: =IF(J39="","",J48*J43) -> 0 | K49: =IF(K39="","",K48*K43) -> 0 | ... AS49: =IF(AS39="","",AS48*AS43)
A50: 0 | B50: 原価率 | D50: =IF(D49="","",IF(D49=0,"",D49/(D46*100))) | E50: =IF(E49="","",IF(E49=0,"",E49/(E46*100))) | F50: =IF(F49="","",IF(F49=0,"",F49/(F46*100))) -> 0.073529412 | G50: =IF(G49="","",IF(G49=0,"",G49/(G46*100))) | H50: =IF(H49="","",IF(H49=0,"",H49/(H46*100))) | I50: =IF(I49="","",IF(I49=0,"",I49/(I46*100))) -> 1.25 | J50: =IF(J49="","",IF(J49=0,"",J49/(J46*100))) | K50: =IF(K49="","",IF(K49=0,"",K49/(K46*100))) | ... AS50: =IF(AS49="","",IF(AS49=0,"",AS49/(AS46*100)))
A51: 霧島 | B51: 100円 | C51: 11520 | D51: =IF(D$3="","",C51) -> 11520 | E51: =IF(E$3="","",D51) -> 11520 | F51: 11568 | G51: =IF(G$3="","",F51) -> 11568 | H51: =IF(H$3="","",G51) -> 11568 | I51: 11610 | J51: =IF(J$3="","",I51) -> 11610 | K51: =IF(K$3="","",J51) -> 11610 | L51: 11658 | M51: =IF(M$3="","",L51) -> 11658 | N51: =IF(N$3="","",M51) -> 11658 | O51: =IF(O$3="","",N51) -> 11658 | P51: 11706 | Q51: =IF(Q$3="","",P51) -> 11706 | R51: =IF(R$3="","",Q51) -> 11706 | S51: 11742 | T51: =IF(T$3="","",S51) -> 11742 | U51: =IF(U$3="","",T51) -> 11742 | V51: =IF(V$3="","",U51) -> 11742 | W51: 11749 | X51: =IF(X$3="","",W51) -> 11749 | Y51: =IF(Y$3="","",X51) -> 11749 | Z51: 11768 | AA51: =IF(AA$3="","",Z51) -> 11768 | AB51: =IF(AB$3="","",AA51) -> 11768 | AC51: =IF(AC$3="","",AB51) -> 11768 | AD51: 11788 | AE51: =IF(AE$3="","",AD51) -> 11788 | AF51: =IF(AF$3="","",AE51) -> 11788 | AG51: 11843 | AH51: =IF(AH$3="","",AG51) | AI51: =IF(AI$3="","",AH51) | AJ51: =IF(AJ$3="","",AI51) | AK51: =IF(AK$3="","",AJ51) | AL51: =IF(AL$3="","",AK51) | AM51: =IF(AM$3="","",AL51) | AN51: =IF(AN$3="","",AM51) | AO51: =IF(AO$3="","",AN51) | ... AS51: =IF(AS$3="","",AR51)
A52: BUZZ＃１ | B52: プライズ | C52: 418 | D52: =IF(D$3="","",C52) -> 418 | E52: =IF(E$3="","",D52) -> 418 | F52: 420 | G52: =IF(G$3="","",F52) -> 420 | H52: =IF(H$3="","",G52) -> 420 | I52: 424 | J52: =IF(J$3="","",I52) -> 424 | K52: =IF(K$3="","",J52) -> 424 | L52: 426 | M52: =IF(M$3="","",L52) -> 426 | N52: =IF(N$3="","",M52) -> 426 | O52: =IF(O$3="","",N52) -> 426 | P52: 429 | Q52: =IF(Q$3="","",P52) -> 429 | R52: =IF(R$3="","",Q52) -> 429 | S52: =IF(S$3="","",R52) -> 429 | T52: =IF(T$3="","",S52) -> 429 | U52: =IF(U$3="","",T52) -> 429 | V52: =IF(V$3="","",U52) -> 429 | W52: =IF(W$3="","",V52) -> 429 | X52: =IF(X$3="","",W52) -> 429 | ... AC52: =IF(AC$3="","",AB52) -> 429 | AD52: 431 | AE52: =IF(AE$3="","",AD52) -> 431 | AF52: =IF(AF$3="","",AE52) -> 431 | AG52: 432 | AH52: =IF(AH$3="","",AG52) | AI52: =IF(AI$3="","",AH52) | AJ52: =IF(AJ$3="","",AI52) | AK52: =IF(AK$3="","",AJ52) | AL52: =IF(AL$3="","",AK52) | AM52: =IF(AM$3="","",AL52) | AN52: =IF(AN$3="","",AM52) | AO52: =IF(AO$3="","",AN52) | ... AS52: =IF(AS$3="","",AR52)
A53: 2 | B53: 投入残 | C53: 41 | D53: =IF(D51="","",(C53+C54)) -> 41 | E53: =IF(E51="","",(D53+D54)) -> 41 | F53: 39 | G53: =IF(G51="","",(F53+F54)) -> 39 | H53: =IF(H51="","",(G53+G54)) -> 39 | I53: 35 | J53: =IF(J51="","",(I53+I54)) -> 35 | K53: =IF(K51="","",(J53+J54)) -> 35 | L53: 33 | M53: =IF(M51="","",(L53+L54)) -> 51 | N53: =IF(N51="","",(M53+M54)) -> 51 | O53: =IF(O51="","",(N53+N54)) -> 51 | P53: 48 | Q53: =IF(Q51="","",(P53+P54)) -> 48 | R53: =IF(R51="","",(Q53+Q54)) -> 48 | S53: =IF(S51="","",(R53+R54)) -> 48 | T53: =IF(T51="","",(S53+S54)) -> 48 | U53: =IF(U51="","",(T53+T54)) -> 48 | V53: =IF(V51="","",(U53+U54)) -> 48 | W53: =IF(W51="","",(V53+V54)) -> 48 | X53: =IF(X51="","",(W53+W54)) -> 51 | ... AC53: =IF(AC51="","",(AB53+AB54)) -> 51 | AD53: 49 | AE53: =IF(AE51="","",(AD53+AD54)) -> 49 | AF53: =IF(AF51="","",(AE53+AE54)) -> 49 | AG53: 48 | AH53: =IF(AH51="","",(AG53+AG54)) | AI53: =IF(AI51="","",(AH53+AH54)) | AJ53: =IF(AJ51="","",(AI53+AI54)) | AK53: =IF(AK51="","",(AJ53+AJ54)) | AL53: =IF(AL51="","",(AK53+AK54)) | AM53: =IF(AM51="","",(AL53+AL54)) | AN53: =IF(AN51="","",(AM53+AM54)) | AO53: =IF(AO51="","",(AN53+AN54)) | ... AS53: =IF(AS51="","",(AR53+AR54))
B54: 補充 | L54: 18 | W54: 3
B55: 単価 | C55: 300 | D55: =IF(D51="","",C55) -> 300 | E55: =IF(E51="","",D55) -> 300 | F55: =IF(F51="","",E55) -> 300 | G55: =IF(G51="","",F55) -> 300 | H55: =IF(H51="","",G55) -> 300 | I55: =IF(I51="","",H55) -> 300 | J55: =IF(J51="","",I55) -> 300 | K55: =IF(K51="","",J55) -> 300 | ... AS55: =IF(AS51="","",AR55)
A56: 月間予想 | B56: 景品名 | C56: ぶるりんピンキーブラック | D56: =IF(D51="","",C56) -> ぶるりんピンキーブラック | E56: =IF(E51="","",D56) -> ぶるりんピンキーブラック | F56: =IF(F51="","",E56) -> ぶるりんピンキーブラック | G56: =IF(G51="","",F56) -> ぶるりんピンキーブラック | H56: =IF(H51="","",G56) -> ぶるりんピンキーブラック | I56: =IF(I51="","",H56) -> ぶるりんピンキーブラック | J56: =IF(J51="","",I56) -> ぶるりんピンキーブラック | K56: =IF(K51="","",J56) -> ぶるりんピンキーブラック | ... AS56: =IF(AS51="","",AR56)
A57: =AVERAGE(C58:AS58)*30*100 -> 31258.065 | B57: 設定
A58: =SUM(C58:AS58) -> 323 | B58: 百差 | C58: 0 | D58: =IF(D51="","",D51-C51) -> 0 | E58: =IF(E51="","",E51-D51) -> 0 | F58: =IF(F51="","",F51-E51) -> 48 | G58: =IF(G51="","",G51-F51) -> 0 | H58: =IF(H51="","",H51-G51) -> 0 | I58: =IF(I51="","",I51-H51) -> 42 | J58: =IF(J51="","",J51-I51) -> 0 | K58: =IF(K51="","",K51-J51) -> 0 | ... AS58: =IF(AS51="","",AS51-AR51)
A59: 4 | B59: P差 | C59: 0 | D59: =IF(D52="","",D52-C52) -> 0 | E59: =IF(E52="","",E52-D52) -> 0 | F59: =IF(F52="","",F52-E52) -> 2 | G59: =IF(G52="","",G52-F52) -> 0 | H59: =IF(H52="","",H52-G52) -> 0 | I59: =IF(I52="","",I52-H52) -> 4 | J59: =IF(J52="","",J52-I52) -> 0 | K59: =IF(K52="","",K52-J52) -> 0 | ... AS59: =IF(AS52="","",AS52-AR52)
A60: -13 | B60: 払出 | C60: 0 | D60: =IF(D53="","",C53+C54-D53) -> 0 | E60: =IF(E53="","",D53+D54-E53) -> 0 | F60: =IF(F53="","",E53+E54-F53) -> 2 | G60: =IF(G53="","",F53+F54-G53) -> 0 | H60: =IF(H53="","",G53+G54-H53) -> 0 | I60: =IF(I53="","",H53+H54-I53) -> 4 | J60: =IF(J53="","",I53+I54-J53) -> 0 | K60: =IF(K53="","",J53+J54-K53) -> 0 | ... AS60: =IF(AS53="","",AR53+AR54-AS53)
A61: -3900 | B61: 払出額 | C61: 0 | D61: =IF(D51="","",D60*D55) -> 0 | E61: =IF(E51="","",E60*E55) -> 0 | F61: =IF(F51="","",F60*F55) -> 600 | G61: =IF(G51="","",G60*G55) -> 0 | H61: =IF(H51="","",H60*H55) -> 0 | I61: =IF(I51="","",I60*I55) -> 1200 | J61: =IF(J51="","",J60*J55) -> 0 | K61: =IF(K51="","",K60*K55) -> 0 | ... AS61: =IF(AS51="","",AS60*AS55)
A62: -0.3 | B62: 原価率 | D62: =IF(D61="","",IF(D61=0,"",D61/(D58*100))) | E62: =IF(E61="","",IF(E61=0,"",E61/(E58*100))) | F62: =IF(F61="","",IF(F61=0,"",F61/(F58*100))) -> 0.125 | G62: =IF(G61="","",IF(G61=0,"",G61/(G58*100))) | H62: =IF(H61="","",IF(H61=0,"",H61/(H58*100))) | I62: =IF(I61="","",IF(I61=0,"",I61/(I58*100))) -> 0.28571429 | J62: =IF(J61="","",IF(J61=0,"",J61/(J58*100))) | K62: =IF(K61="","",IF(K61=0,"",K61/(K58*100))) | ... AS62: =IF(AS61="","",IF(AS61=0,"",AS61/(AS58*100)))
A63: 霧島 | B63: 100円 | C63: 10787 | D63: =IF(D$3="","",C63) -> 10787 | E63: =IF(E$3="","",D63) -> 10787 | F63: 10894 | G63: =IF(G$3="","",F63) -> 10894 | H63: =IF(H$3="","",G63) -> 10894 | I63: 10913 | J63: =IF(J$3="","",I63) -> 10913 | K63: =IF(K$3="","",J63) -> 10913 | L63: 10951 | M63: =IF(M$3="","",L63) -> 10951 | N63: =IF(N$3="","",M63) -> 10951 | O63: =IF(O$3="","",N63) -> 10951 | P63: 10988 | Q63: =IF(Q$3="","",P63) -> 10988 | R63: =IF(R$3="","",Q63) -> 10988 | S63: 11094 | T63: =IF(T$3="","",S63) -> 11094 | U63: =IF(U$3="","",T63) -> 11094 | V63: =IF(V$3="","",U63) -> 11094 | W63: 11144 | X63: =IF(X$3="","",W63) -> 11144 | Y63: =IF(Y$3="","",X63) -> 11144 | Z63: 11190 | AA63: =IF(AA$3="","",Z63) -> 11190 | AB63: =IF(AB$3="","",AA63) -> 11190 | AC63: =IF(AC$3="","",AB63) -> 11190 | AD63: 11228 | AE63: =IF(AE$3="","",AD63) -> 11228 | AF63: =IF(AF$3="","",AE63) -> 11228 | AG63: 11300 | AH63: =IF(AH$3="","",AG63) | AI63: =IF(AI$3="","",AH63) | AJ63: =IF(AJ$3="","",AI63) | AK63: =IF(AK$3="","",AJ63) | AL63: =IF(AL$3="","",AK63) | AM63: =IF(AM$3="","",AL63) | AN63: =IF(AN$3="","",AM63) | AO63: =IF(AO$3="","",AN63) | ... AS63: =IF(AS$3="","",AR63)
A64: BUZZ＃１ | B64: プライズ | C64: 568 | D64: =IF(D$3="","",C64) -> 568 | E64: =IF(E$3="","",D64) -> 568 | F64: 572 | G64: =IF(G$3="","",F64) -> 572 | H64: =IF(H$3="","",G64) -> 572 | I64: 573 | J64: =IF(J$3="","",I64) -> 573 | K64: =IF(K$3="","",J64) -> 573 | L64: 575 | M64: =IF(M$3="","",L64) -> 575 | N64: =IF(N$3="","",M64) -> 575 | O64: =IF(O$3="","",N64) -> 575 | P64: 576 | Q64: =IF(Q$3="","",P64) -> 576 | R64: =IF(R$3="","",Q64) -> 576 | S64: 581 | T64: =IF(T$3="","",S64) -> 581 | U64: =IF(U$3="","",T64) -> 581 | V64: =IF(V$3="","",U64) -> 581 | W64: 582 | X64: =IF(X$3="","",W64) -> 582 | Y64: =IF(Y$3="","",X64) -> 582 | Z64: 583 | AA64: =IF(AA$3="","",Z64) -> 583 | AB64: =IF(AB$3="","",AA64) -> 583 | AC64: =IF(AC$3="","",AB64) -> 583 | AD64: 585 | AE64: =IF(AE$3="","",AD64) -> 585 | AF64: =IF(AF$3="","",AE64) -> 585 | AG64: 588 | AH64: =IF(AH$3="","",AG64) | AI64: =IF(AI$3="","",AH64) | AJ64: =IF(AJ$3="","",AI64) | AK64: =IF(AK$3="","",AJ64) | AL64: =IF(AL$3="","",AK64) | AM64: =IF(AM$3="","",AL64) | AN64: =IF(AN$3="","",AM64) | AO64: =IF(AO$3="","",AN64) | ... AS64: =IF(AS$3="","",AR64)
A65: 3 | B65: 投入残 | C65: 15 | D65: =IF(D63="","",(C65+C66)) -> 15 | E65: =IF(E63="","",(D65+D66)) -> 15 | F65: 13 | G65: =IF(G63="","",(F65+F66)) -> 13 | H65: =IF(H63="","",(G65+G66)) -> 13 | I65: 12 | J65: =IF(J63="","",(I65+I66)) -> 12 | K65: =IF(K63="","",(J65+J66)) -> 12 | L65: 10 | M65: =IF(M63="","",(L65+L66)) -> 13 | N65: =IF(N63="","",(M65+M66)) -> 13 | O65: =IF(O63="","",(N65+N66)) -> 13 | P65: 12 | Q65: =IF(Q63="","",(P65+P66)) -> 20 | R65: =IF(R63="","",(Q65+Q66)) -> 20 | S65: 16 | T65: =IF(T63="","",(S65+S66)) -> 16 | U65: =IF(U63="","",(T65+T66)) -> 16 | V65: =IF(V63="","",(U65+U66)) -> 16 | W65: 15 | X65: =IF(X63="","",(W65+W66)) -> 15 | Y65: =IF(Y63="","",(X65+X66)) -> 15 | Z65: 14 | AA65: =IF(AA63="","",(Z65+Z66)) -> 14 | AB65: =IF(AB63="","",(AA65+AA66)) -> 14 | AC65: =IF(AC63="","",(AB65+AB66)) -> 14 | AD65: 12 | AE65: =IF(AE63="","",(AD65+AD66)) -> 12 | AF65: =IF(AF63="","",(AE65+AE66)) -> 12 | AG65: 9 | AH65: =IF(AH63="","",(AG65+AG66)) | AI65: =IF(AI63="","",(AH65+AH66)) | AJ65: =IF(AJ63="","",(AI65+AI66)) | AK65: =IF(AK63="","",(AJ65+AJ66)) | AL65: =IF(AL63="","",(AK65+AK66)) | AM65: =IF(AM63="","",(AL65+AL66)) | AN65: =IF(AN63="","",(AM65+AM66)) | AO65: =IF(AO63="","",(AN65+AN66)) | ... AS65: =IF(AS63="","",(AR65+AR66))
B66: 補充 | L66: 3 | P66: 8 | AG66: 13
B67: 単価 | C67: 300 | D67: =IF(D63="","",C67) -> 300 | E67: =IF(E63="","",D67) -> 300 | F67: =IF(F63="","",E67) -> 300 | G67: =IF(G63="","",F67) -> 300 | H67: =IF(H63="","",G67) -> 300 | I67: =IF(I63="","",H67) -> 300 | J67: =IF(J63="","",I67) -> 300 | K67: =IF(K63="","",J67) -> 300 | ... AS67: =IF(AS63="","",AR67)
A68: 月間予想 | B68: 景品名 | C68: ラブブMC | D68: =IF(D63="","",C68) -> ラブブMC | E68: =IF(E63="","",D68) -> ラブブMC | F68: =IF(F63="","",E68) -> ラブブMC | G68: =IF(G63="","",F68) -> ラブブMC | H68: =IF(H63="","",G68) -> ラブブMC | I68: =IF(I63="","",H68) -> ラブブMC | J68: =IF(J63="","",I68) -> ラブブMC | K68: =IF(K63="","",J68) -> ラブブMC | ... AS68: =IF(AS63="","",AR68)
A69: =AVERAGE(C70:AS70)*30*100 -> 49645.161 | B69: 設定
A70: =SUM(C70:AS70) -> 513 | B70: 百差 | C70: 0 | D70: =IF(D63="","",D63-C63) -> 0 | E70: =IF(E63="","",E63-D63) -> 0 | F70: =IF(F63="","",F63-E63) -> 107 | G70: =IF(G63="","",G63-F63) -> 0 | H70: =IF(H63="","",H63-G63) -> 0 | I70: =IF(I63="","",I63-H63) -> 19 | J70: =IF(J63="","",J63-I63) -> 0 | K70: =IF(K63="","",K63-J63) -> 0 | ... AS70: =IF(AS63="","",AS63-AR63)
A71: 4 | B71: P差 | C71: 0 | D71: =IF(D64="","",D64-C64) -> 0 | E71: =IF(E64="","",E64-D64) -> 0 | F71: =IF(F64="","",F64-E64) -> 4 | G71: =IF(G64="","",G64-F64) -> 0 | H71: =IF(H64="","",H64-G64) -> 0 | I71: =IF(I64="","",I64-H64) -> 1 | J71: =IF(J64="","",J64-I64) -> 0 | K71: =IF(K64="","",K64-J64) -> 0 | ... AS71: =IF(AS64="","",AS64-AR64)
A72: 2 | B72: 払出 | C72: 0 | D72: =IF(D65="","",C65+C66-D65) -> 0 | E72: =IF(E65="","",D65+D66-E65) -> 0 | F72: =IF(F65="","",E65+E66-F65) -> 2 | G72: =IF(G65="","",F65+F66-G65) -> 0 | H72: =IF(H65="","",G65+G66-H65) -> 0 | I72: =IF(I65="","",H65+H66-I65) -> 1 | J72: =IF(J65="","",I65+I66-J65) -> 0 | K72: =IF(K65="","",J65+J66-K65) -> 0 | ... AS72: =IF(AS65="","",AR65+AR66-AS65)
A73: 0 | B73: 払出額 | C73: 0 | D73: =IF(D63="","",D72*D67) -> 0 | E73: =IF(E63="","",E72*E67) -> 0 | F73: =IF(F63="","",F72*F67) -> 600 | G73: =IF(G63="","",G72*G67) -> 0 | H73: =IF(H63="","",H72*H67) -> 0 | I73: =IF(I63="","",I72*I67) -> 300 | J73: =IF(J63="","",J72*J67) -> 0 | K73: =IF(K63="","",K72*K67) -> 0 | ... AS73: =IF(AS63="","",AS72*AS67)
A74: 0 | B74: 原価率 | D74: =IF(D73="","",IF(D73=0,"",D73/(D70*100))) | E74: =IF(E73="","",IF(E73=0,"",E73/(E70*100))) | F74: =IF(F73="","",IF(F73=0,"",F73/(F70*100))) -> 0.056074766 | G74: =IF(G73="","",IF(G73=0,"",G73/(G70*100))) | H74: =IF(H73="","",IF(H73=0,"",H73/(H70*100))) | I74: =IF(I73="","",IF(I73=0,"",I73/(I70*100))) -> 0.15789474 | J74: =IF(J73="","",IF(J73=0,"",J73/(J70*100))) | K74: =IF(K73="","",IF(K73=0,"",K73/(K70*100))) | ... AS74: =IF(AS73="","",IF(AS73=0,"",AS73/(AS70*100)))
A75: 霧島 | B75: 100円 | C75: 10279 | D75: =IF(D$3="","",C75) -> 10279 | E75: =IF(E$3="","",D75) -> 10279 | F75: 10300 | G75: =IF(G$3="","",F75) -> 10300 | H75: =IF(H$3="","",G75) -> 10300 | I75: 10329 | J75: =IF(J$3="","",I75) -> 10329 | K75: =IF(K$3="","",J75) -> 10329 | L75: 10385 | M75: =IF(M$3="","",L75) -> 10385 | N75: =IF(N$3="","",M75) -> 10385 | O75: =IF(O$3="","",N75) -> 10385 | P75: 10410 | Q75: =IF(Q$3="","",P75) -> 10410 | R75: =IF(R$3="","",Q75) -> 10410 | S75: 10438 | T75: =IF(T$3="","",S75) -> 10438 | U75: =IF(U$3="","",T75) -> 10438 | V75: =IF(V$3="","",U75) -> 10438 | W75: 10440 | X75: =IF(X$3="","",W75) -> 10440 | Y75: =IF(Y$3="","",X75) -> 10440 | Z75: 10500 | AA75: =IF(AA$3="","",Z75) -> 10500 | AB75: =IF(AB$3="","",AA75) -> 10500 | AC75: =IF(AC$3="","",AB75) -> 10500 | AD75: 10518 | AE75: =IF(AE$3="","",AD75) -> 10518 | AF75: =IF(AF$3="","",AE75) -> 10518 | AG75: 10540 | AH75: =IF(AH$3="","",AG75) | AI75: =IF(AI$3="","",AH75) | AJ75: =IF(AJ$3="","",AI75) | AK75: =IF(AK$3="","",AJ75) | AL75: =IF(AL$3="","",AK75) | AM75: =IF(AM$3="","",AL75) | AN75: =IF(AN$3="","",AM75) | AO75: =IF(AO$3="","",AN75) | ... AS75: =IF(AS$3="","",AR75)
A76: BUZZ＃１ | B76: プライズ | C76: 661 | D76: =IF(D$3="","",C76) -> 661 | E76: =IF(E$3="","",D76) -> 661 | F76: =IF(F$3="","",E76) -> 661 | G76: =IF(G$3="","",F76) -> 661 | H76: =IF(H$3="","",G76) -> 661 | I76: 663 | J76: =IF(J$3="","",I76) -> 663 | K76: =IF(K$3="","",J76) -> 663 | L76: 667 | M76: =IF(M$3="","",L76) -> 667 | N76: =IF(N$3="","",M76) -> 667 | O76: =IF(O$3="","",N76) -> 667 | P76: 671 | Q76: =IF(Q$3="","",P76) -> 671 | R76: =IF(R$3="","",Q76) -> 671 | S76: 673 | T76: =IF(T$3="","",S76) -> 673 | U76: =IF(U$3="","",T76) -> 673 | V76: =IF(V$3="","",U76) -> 673 | W76: =IF(W$3="","",V76) -> 673 | X76: =IF(X$3="","",W76) -> 673 | Y76: =IF(Y$3="","",X76) -> 673 | Z76: 674 | AA76: =IF(AA$3="","",Z76) -> 674 | AB76: =IF(AB$3="","",AA76) -> 674 | AC76: =IF(AC$3="","",AB76) -> 674 | AD76: =IF(AD$3="","",AC76) -> 674 | AE76: =IF(AE$3="","",AD76) -> 674 | AF76: =IF(AF$3="","",AE76) -> 674 | AG76: 675 | AH76: =IF(AH$3="","",AG76) | AI76: =IF(AI$3="","",AH76) | AJ76: =IF(AJ$3="","",AI76) | AK76: =IF(AK$3="","",AJ76) | AL76: =IF(AL$3="","",AK76) | AM76: =IF(AM$3="","",AL76) | AN76: =IF(AN$3="","",AM76) | AO76: =IF(AO$3="","",AN76) | ... AS76: =IF(AS$3="","",AR76)
A77: 4 | B77: 投入残 | C77: 38 | D77: =IF(D75="","",(C77+C78)) -> 38 | E77: =IF(E75="","",(D77+D78)) -> 38 | F77: =IF(F75="","",(E77+E78)) -> 38 | G77: =IF(G75="","",(F77+F78)) -> 38 | H77: =IF(H75="","",(G77+G78)) -> 38 | I77: 36 | J77: =IF(J75="","",(I77+I78)) -> 36 | K77: =IF(K75="","",(J77+J78)) -> 36 | L77: 32 | M77: =IF(M75="","",(L77+L78)) -> 32 | N77: =IF(N75="","",(M77+M78)) -> 32 | O77: =IF(O75="","",(N77+N78)) -> 32 | P77: 28 | Q77: =IF(Q75="","",(P77+P78)) -> 28 | R77: =IF(R75="","",(Q77+Q78)) -> 28 | S77: 26 | T77: =IF(T75="","",(S77+S78)) -> 26 | U77: =IF(U75="","",(T77+T78)) -> 26 | V77: =IF(V75="","",(U77+U78)) -> 26 | W77: =IF(W75="","",(V77+V78)) -> 26 | X77: =IF(X75="","",(W77+W78)) -> 36 | Y77: =IF(Y75="","",(X77+X78)) -> 36 | Z77: 35 | AA77: =IF(AA75="","",(Z77+Z78)) -> 35 | AB77: =IF(AB75="","",(AA77+AA78)) -> 35 | AC77: =IF(AC75="","",(AB77+AB78)) -> 35 | AD77: =IF(AD75="","",(AC77+AC78)) -> 35 | AE77: =IF(AE75="","",(AD77+AD78)) -> 35 | AF77: =IF(AF75="","",(AE77+AE78)) -> 35 | AG77: 34 | AH77: =IF(AH75="","",(AG77+AG78)) | AI77: =IF(AI75="","",(AH77+AH78)) | AJ77: =IF(AJ75="","",(AI77+AI78)) | AK77: =IF(AK75="","",(AJ77+AJ78)) | AL77: =IF(AL75="","",(AK77+AK78)) | AM77: =IF(AM75="","",(AL77+AL78)) | AN77: =IF(AN75="","",(AM77+AM78)) | AO77: =IF(AO75="","",(AN77+AN78)) | ... AS77: =IF(AS75="","",(AR77+AR78))
B78: 補充 | W78: 10
B79: 単価 | C79: 150 | D79: =IF(D75="","",C79) -> 150 | E79: =IF(E75="","",D79) -> 150 | F79: =IF(F75="","",E79) -> 150 | G79: =IF(G75="","",F79) -> 150 | H79: =IF(H75="","",G79) -> 150 | I79: =IF(I75="","",H79) -> 150 | J79: =IF(J75="","",I79) -> 150 | K79: =IF(K75="","",J79) -> 150 | ... AS79: =IF(AS75="","",AR79)
A80: 月間予想 | B80: 景品名 | C80: モフサンド | D80: =IF(D75="","",C80) -> モフサンド | E80: =IF(E75="","",D80) -> モフサンド | F80: =IF(F75="","",E80) -> モフサンド | G80: =IF(G75="","",F80) -> モフサンド | H80: =IF(H75="","",G80) -> モフサンド | I80: =IF(I75="","",H80) -> モフサンド | J80: =IF(J75="","",I80) -> モフサンド | K80: =IF(K75="","",J80) -> モフサンド | ... V80: =IF(V75="","",U80) -> モフサンド | W80: サンリオチャーム付スイーツ | X80: =IF(X75="","",W80) -> サンリオチャーム付スイーツ | Y80: =IF(Y75="","",X80) -> サンリオチャーム付スイーツ | Z80: =IF(Z75="","",Y80) -> サンリオチャーム付スイーツ | AA80: =IF(AA75="","",Z80) -> サンリオチャーム付スイーツ | AB80: =IF(AB75="","",AA80) -> サンリオチャーム付スイーツ | AC80: =IF(AC75="","",AB80) -> サンリオチャーム付スイーツ | AD80: =IF(AD75="","",AC80) -> サンリオチャーム付スイーツ | AE80: =IF(AE75="","",AD80) -> サンリオチャーム付スイーツ | ... AS80: =IF(AS75="","",AR80)
A81: =AVERAGE(C82:AS82)*30*100 -> 25258.065 | B81: 設定
A82: =SUM(C82:AS82) -> 261 | B82: 百差 | C82: 0 | D82: =IF(D75="","",D75-C75) -> 0 | E82: =IF(E75="","",E75-D75) -> 0 | F82: =IF(F75="","",F75-E75) -> 21 | G82: =IF(G75="","",G75-F75) -> 0 | H82: =IF(H75="","",H75-G75) -> 0 | I82: =IF(I75="","",I75-H75) -> 29 | J82: =IF(J75="","",J75-I75) -> 0 | K82: =IF(K75="","",K75-J75) -> 0 | ... AS82: =IF(AS75="","",AS75-AR75)
A83: =SUM(C83:AS83) -> 14 | B83: P差 | C83: 0 | D83: =IF(D76="","",D76-C76) -> 0 | E83: =IF(E76="","",E76-D76) -> 0 | F83: =IF(F76="","",F76-E76) -> 0 | G83: =IF(G76="","",G76-F76) -> 0 | H83: =IF(H76="","",H76-G76) -> 0 | I83: =IF(I76="","",I76-H76) -> 2 | J83: =IF(J76="","",J76-I76) -> 0 | K83: =IF(K76="","",K76-J76) -> 0 | ... AS83: =IF(AS76="","",AS76-AR76)
A84: =SUM(C84:AS84) -> 14 | B84: 払出 | C84: 0 | D84: =IF(D77="","",C77+C78-D77) -> 0 | E84: =IF(E77="","",D77+D78-E77) -> 0 | F84: =IF(F77="","",E77+E78-F77) -> 0 | G84: =IF(G77="","",F77+F78-G77) -> 0 | H84: =IF(H77="","",G77+G78-H77) -> 0 | I84: =IF(I77="","",H77+H78-I77) -> 2 | J84: =IF(J77="","",I77+I78-J77) -> 0 | K84: =IF(K77="","",J77+J78-K77) -> 0 | ... AS84: =IF(AS77="","",AR77+AR78-AS77)
A85: =SUM(C85:AS85) -> 2100 | B85: 払出額 | C85: 0 | D85: =IF(D75="","",D84*D79) -> 0 | E85: =IF(E75="","",E84*E79) -> 0 | F85: =IF(F75="","",F84*F79) -> 0 | G85: =IF(G75="","",G84*G79) -> 0 | H85: =IF(H75="","",H84*H79) -> 0 | I85: =IF(I75="","",I84*I79) -> 300 | J85: =IF(J75="","",J84*J79) -> 0 | K85: =IF(K75="","",K84*K79) -> 0 | ... AS85: =IF(AS75="","",AS84*AS79)
A86: =IF(A85="","",A85/(A82*100)) -> 0.08045977 | B86: 原価率 | D86: =IF(D85="","",IF(D85=0,"",D85/(D82*100))) | E86: =IF(E85="","",IF(E85=0,"",E85/(E82*100))) | F86: =IF(F85="","",IF(F85=0,"",F85/(F82*100))) | G86: =IF(G85="","",IF(G85=0,"",G85/(G82*100))) | H86: =IF(H85="","",IF(H85=0,"",H85/(H82*100))) | I86: =IF(I85="","",IF(I85=0,"",I85/(I82*100))) -> 0.10344828 | J86: =IF(J85="","",IF(J85=0,"",J85/(J82*100))) | K86: =IF(K85="","",IF(K85=0,"",K85/(K82*100))) | ... AS86: =IF(AS85="","",IF(AS85=0,"",AS85/(AS82*100)))
A87: 霧島 | B87: 100円 | C87: 11313 | D87: =IF(D$3="","",C87) -> 11313 | E87: =IF(E$3="","",D87) -> 11313 | F87: 11347 | G87: =IF(G$3="","",F87) -> 11347 | H87: =IF(H$3="","",G87) -> 11347 | I87: 11376 | J87: =IF(J$3="","",I87) -> 11376 | K87: =IF(K$3="","",J87) -> 11376 | L87: 11428 | M87: =IF(M$3="","",L87) -> 11428 | N87: =IF(N$3="","",M87) -> 11428 | O87: =IF(O$3="","",N87) -> 11428 | P87: 11442 | Q87: =IF(Q$3="","",P87) -> 11442 | R87: =IF(R$3="","",Q87) -> 11442 | S87: 11471 | T87: =IF(T$3="","",S87) -> 11471 | U87: =IF(U$3="","",T87) -> 11471 | V87: =IF(V$3="","",U87) -> 11471 | W87: 11507 | X87: =IF(X$3="","",W87) -> 11507 | Y87: =IF(Y$3="","",X87) -> 11507 | Z87: 11567 | AA87: =IF(AA$3="","",Z87) -> 11567 | AB87: =IF(AB$3="","",AA87) -> 11567 | AC87: =IF(AC$3="","",AB87) -> 11567 | AD87: 11594 | AE87: =IF(AE$3="","",AD87) -> 11594 | AF87: =IF(AF$3="","",AE87) -> 11594 | AG87: 11636 | AH87: =IF(AH$3="","",AG87) | AI87: =IF(AI$3="","",AH87) | AJ87: =IF(AJ$3="","",AI87) | AK87: =IF(AK$3="","",AJ87) | AL87: =IF(AL$3="","",AK87) | AM87: =IF(AM$3="","",AL87) | AN87: =IF(AN$3="","",AM87) | AO87: =IF(AO$3="","",AN87) | ... AS87: =IF(AS$3="","",AR87)
A88: BUZZ＃2 | B88: プライズ | C88: 217 | D88: =IF(D$3="","",C88) -> 217 | E88: =IF(E$3="","",D88) -> 217 | F88: =IF(F$3="","",E88) -> 217 | G88: =IF(G$3="","",F88) -> 217 | H88: =IF(H$3="","",G88) -> 217 | I88: 218 | J88: =IF(J$3="","",I88) -> 218 | K88: =IF(K$3="","",J88) -> 218 | L88: =IF(L$3="","",K88) -> 218 | M88: =IF(M$3="","",L88) -> 218 | N88: =IF(N$3="","",M88) -> 218 | O88: =IF(O$3="","",N88) -> 218 | P88: =IF(P$3="","",O88) -> 218 | Q88: =IF(Q$3="","",P88) -> 218 | R88: =IF(R$3="","",Q88) -> 218 | S88: 219 | T88: =IF(T$3="","",S88) -> 219 | U88: =IF(U$3="","",T88) -> 219 | V88: =IF(V$3="","",U88) -> 219 | W88: =IF(W$3="","",V88) -> 219 | X88: =IF(X$3="","",W88) -> 219 | Y88: =IF(Y$3="","",X88) -> 219 | Z88: 220 | AA88: =IF(AA$3="","",Z88) -> 220 | AB88: =IF(AB$3="","",AA88) -> 220 | AC88: =IF(AC$3="","",AB88) -> 220 | AD88: =IF(AD$3="","",AC88) -> 220 | AE88: =IF(AE$3="","",AD88) -> 220 | AF88: =IF(AF$3="","",AE88) -> 220 | AG88: 221 | AH88: =IF(AH$3="","",AG88) | AI88: =IF(AI$3="","",AH88) | AJ88: =IF(AJ$3="","",AI88) | AK88: =IF(AK$3="","",AJ88) | AL88: =IF(AL$3="","",AK88) | AM88: =IF(AM$3="","",AL88) | AN88: =IF(AN$3="","",AM88) | AO88: =IF(AO$3="","",AN88) | ... AS88: =IF(AS$3="","",AR88)
A89: 1 | B89: 投入残 | C89: 7 | D89: =IF(D87="","",(C89+C90)) -> 7 | E89: =IF(E87="","",(D89+D90)) -> 7 | F89: =IF(F87="","",(E89+E90)) -> 7 | G89: =IF(G87="","",(F89+F90)) -> 7 | H89: =IF(H87="","",(G89+G90)) -> 7 | I89: 6 | J89: =IF(J87="","",(I89+I90)) -> 6 | K89: =IF(K87="","",(J89+J90)) -> 6 | L89: =IF(L87="","",(K89+K90)) -> 6 | M89: =IF(M87="","",(L89+L90)) -> 6 | N89: =IF(N87="","",(M89+M90)) -> 6 | O89: =IF(O87="","",(N89+N90)) -> 6 | P89: =IF(P87="","",(O89+O90)) -> 6 | Q89: =IF(Q87="","",(P89+P90)) -> 6 | R89: =IF(R87="","",(Q89+Q90)) -> 6 | S89: 5 | T89: =IF(T87="","",(S89+S90)) -> 16 | U89: =IF(U87="","",(T89+T90)) -> 16 | V89: =IF(V87="","",(U89+U90)) -> 16 | W89: =IF(W87="","",(V89+V90)) -> 16 | X89: =IF(X87="","",(W89+W90)) -> 16 | Y89: =IF(Y87="","",(X89+X90)) -> 16 | Z89: 15 | AA89: =IF(AA87="","",(Z89+Z90)) -> 15 | AB89: =IF(AB87="","",(AA89+AA90)) -> 15 | AC89: =IF(AC87="","",(AB89+AB90)) -> 15 | AD89: =IF(AD87="","",(AC89+AC90)) -> 15 | AE89: =IF(AE87="","",(AD89+AD90)) -> 15 | AF89: =IF(AF87="","",(AE89+AE90)) -> 15 | AG89: 14 | AH89: =IF(AH87="","",(AG89+AG90)) | AI89: =IF(AI87="","",(AH89+AH90)) | AJ89: =IF(AJ87="","",(AI89+AI90)) | AK89: =IF(AK87="","",(AJ89+AJ90)) | AL89: =IF(AL87="","",(AK89+AK90)) | AM89: =IF(AM87="","",(AL89+AL90)) | AN89: =IF(AN87="","",(AM89+AM90)) | AO89: =IF(AO87="","",(AN89+AN90)) | ... AS89: =IF(AS87="","",(AR89+AR90))
A90: 機械合計 | B90: 補充 | S90: 11
A91: =+(A94+A106+A118+A130)*100 -> 187200 | B91: 単価 | C91: 500 | D91: =IF(D87="","",C91) -> 500 | E91: =IF(E87="","",D91) -> 500 | F91: =IF(F87="","",E91) -> 500 | G91: =IF(G87="","",F91) -> 500 | H91: =IF(H87="","",G91) -> 500 | I91: =IF(I87="","",H91) -> 500 | J91: =IF(J87="","",I91) -> 500 | K91: =IF(K87="","",J91) -> 500 | ... AS91: =IF(AS87="","",AR91)
A92: 月間予想 | B92: 景品名 | C92: ギャルキティMC | D92: =IF(D87="","",C92) -> ギャルキティMC | E92: =IF(E87="","",D92) -> ギャルキティMC | F92: =IF(F87="","",E92) -> ギャルキティMC | G92: =IF(G87="","",F92) -> ギャルキティMC | H92: =IF(H87="","",G92) -> ギャルキティMC | I92: =IF(I87="","",H92) -> ギャルキティMC | J92: =IF(J87="","",I92) -> ギャルキティMC | K92: =IF(K87="","",J92) -> ギャルキティMC | ... AS92: =IF(AS87="","",AR92)
A93: =AVERAGE(C94:AS94)*30*100 -> 31258.065 | B93: 設定
A94: =SUM(C94:AS94) -> 323 | B94: 百差 | C94: 0 | D94: =IF(D87="","",D87-C87) -> 0 | E94: =IF(E87="","",E87-D87) -> 0 | F94: =IF(F87="","",F87-E87) -> 34 | G94: =IF(G87="","",G87-F87) -> 0 | H94: =IF(H87="","",H87-G87) -> 0 | I94: =IF(I87="","",I87-H87) -> 29 | J94: =IF(J87="","",J87-I87) -> 0 | K94: =IF(K87="","",K87-J87) -> 0 | ... AS94: =IF(AS87="","",AS87-AR87)
A95: =SUM(C95:AS95) -> 4 | B95: P差 | C95: 0 | D95: =IF(D88="","",D88-C88) -> 0 | E95: =IF(E88="","",E88-D88) -> 0 | F95: =IF(F88="","",F88-E88) -> 0 | G95: =IF(G88="","",G88-F88) -> 0 | H95: =IF(H88="","",H88-G88) -> 0 | I95: =IF(I88="","",I88-H88) -> 1 | J95: =IF(J88="","",J88-I88) -> 0 | K95: =IF(K88="","",K88-J88) -> 0 | ... AS95: =IF(AS88="","",AS88-AR88)
A96: =SUM(C96:AS96) -> 4 | B96: 払出 | C96: 0 | D96: =IF(D89="","",C89+C90-D89) -> 0 | E96: =IF(E89="","",D89+D90-E89) -> 0 | F96: =IF(F89="","",E89+E90-F89) -> 0 | G96: =IF(G89="","",F89+F90-G89) -> 0 | H96: =IF(H89="","",G89+G90-H89) -> 0 | I96: =IF(I89="","",H89+H90-I89) -> 1 | J96: =IF(J89="","",I89+I90-J89) -> 0 | K96: =IF(K89="","",J89+J90-K89) -> 0 | ... AS96: =IF(AS89="","",AR89+AR90-AS89)
A97: =SUM(C97:AS97) -> 2000 | B97: 払出額 | C97: 0 | D97: =IF(D87="","",D96*D91) -> 0 | E97: =IF(E87="","",E96*E91) -> 0 | F97: =IF(F87="","",F96*F91) -> 0 | G97: =IF(G87="","",G96*G91) -> 0 | H97: =IF(H87="","",H96*H91) -> 0 | I97: =IF(I87="","",I96*I91) -> 500 | J97: =IF(J87="","",J96*J91) -> 0 | K97: =IF(K87="","",K96*K91) -> 0 | ... AS97: =IF(AS87="","",AS96*AS91)
A98: =IF(A97="","",A97/(A94*100)) -> 0.061919505 | B98: 原価率 | D98: =IF(D97="","",IF(D97=0,"",D97/(D94*100))) | E98: =IF(E97="","",IF(E97=0,"",E97/(E94*100))) | F98: =IF(F97="","",IF(F97=0,"",F97/(F94*100))) | G98: =IF(G97="","",IF(G97=0,"",G97/(G94*100))) | H98: =IF(H97="","",IF(H97=0,"",H97/(H94*100))) | I98: =IF(I97="","",IF(I97=0,"",I97/(I94*100))) -> 0.17241379 | J98: =IF(J97="","",IF(J97=0,"",J97/(J94*100))) | K98: =IF(K97="","",IF(K97=0,"",K97/(K94*100))) | ... AS98: =IF(AS97="","",IF(AS97=0,"",AS97/(AS94*100)))
A99: 霧島 | B99: 100円 | C99: 11706 | D99: =IF(D$3="","",C99) -> 11706 | E99: =IF(E$3="","",D99) -> 11706 | F99: 11783 | G99: =IF(G$3="","",F99) -> 11783 | H99: =IF(H$3="","",G99) -> 11783 | I99: 11811 | J99: =IF(J$3="","",I99) -> 11811 | K99: =IF(K$3="","",J99) -> 11811 | L99: 11886 | M99: =IF(M$3="","",L99) -> 11886 | N99: =IF(N$3="","",M99) -> 11886 | O99: =IF(O$3="","",N99) -> 11886 | P99: 11917 | Q99: =IF(Q$3="","",P99) -> 11917 | R99: =IF(R$3="","",Q99) -> 11917 | S99: 11971 | T99: =IF(T$3="","",S99) -> 11971 | U99: =IF(U$3="","",T99) -> 11971 | V99: =IF(V$3="","",U99) -> 11971 | W99: 12007 | X99: =IF(X$3="","",W99) -> 12007 | Y99: =IF(Y$3="","",X99) -> 12007 | Z99: 12067 | AA99: =IF(AA$3="","",Z99) -> 12067 | AB99: =IF(AB$3="","",AA99) -> 12067 | AC99: =IF(AC$3="","",AB99) -> 12067 | AD99: 12120 | AE99: =IF(AE$3="","",AD99) -> 12120 | AF99: =IF(AF$3="","",AE99) -> 12120 | AG99: 12154 | AH99: =IF(AH$3="","",AG99) | AI99: =IF(AI$3="","",AH99) | AJ99: =IF(AJ$3="","",AI99) | AK99: =IF(AK$3="","",AJ99) | AL99: =IF(AL$3="","",AK99) | AM99: =IF(AM$3="","",AL99) | AN99: =IF(AN$3="","",AM99) | AO99: =IF(AO$3="","",AN99) | ... AS99: =IF(AS$3="","",AR99)
A100: BUZZ＃2 | B100: プライズ | C100: 249 | D100: =IF(D$3="","",C100) -> 249 | E100: =IF(E$3="","",D100) -> 249 | F100: =IF(F$3="","",E100) -> 249 | G100: =IF(G$3="","",F100) -> 249 | H100: =IF(H$3="","",G100) -> 249 | I100: =IF(I$3="","",H100) -> 249 | J100: =IF(J$3="","",I100) -> 249 | K100: =IF(K$3="","",J100) -> 249 | ... AS100: =IF(AS$3="","",AR100)
...

Sheet 宇宿
A1: =SUM(A9,A45,A57,A69,A81,A93,A105,A117,A129,A153,A141,A165,A177,A189,A201,A213,A225,A33,A21,A237,A249) -> 1205000 | B1: 日付 | C1: 46071 | D1: =C1+1 -> 46072 | E1: =D1+1 -> 46073 | F1: =E1+1 -> 46074 | G1: =F1+1 -> 46075 | H1: =G1+1 -> 46076 | I1: =H1+1 -> 46077 | J1: =I1+1 -> 46078 | K1: =J1+1 -> 46079 | ... AS1: =AR1+1 -> 46113
B2: =SUM(C2:AO2) -> 10093 | C2: 0 | D2: =SUM(D10,D22,D34,D46,D58,D70,D82,D94,D106,D118,D130,D142,D154,D166,D178,D190,D202,D214,D226,D240) -> 0 | E2: =SUM(E10,E22,E34,E46,E58,E70,E82,E94,E106,E118,E130,E142,E154,E166,E178,E190,E202,E214,E226,E240) -> 969 | F2: =SUM(F10,F22,F34,F46,F58,F70,F82,F94,F106,F118,F130,F142,F154,F166,F178,F190,F202,F214,F226,F240) -> 0 | G2: =SUM(G10,G22,G34,G46,G58,G70,G82,G94,G106,G118,G130,G142,G154,G166,G178,G190,G202,G214,G226,G240) -> 0 | H2: =SUM(H10,H22,H34,H46,H58,H70,H82,H94,H106,H118,H130,H142,H154,H166,H178,H190,H202,H214,H226,H240) -> 1221 | I2: =SUM(I10,I22,I34,I46,I58,I70,I82,I94,I106,I118,I130,I142,I154,I166,I178,I190,I202,I214,I226,I240) -> 0 | J2: =SUM(J10,J22,J34,J46,J58,J70,J82,J94,J106,J118,J130,J142,J154,J166,J178,J190,J202,J214,J226,J240) -> 0 | K2: =SUM(K10,K22,K34,K46,K58,K70,K82,K94,K106,K118,K130,K142,K154,K166,K178,K190,K202,K214,K226,K240) -> 0 | ... AS2: =SUM(AS10,AS22,AS34,AS46,AS58,AS70,AS82,AS94,AS106,AS118,AS130,AS142,AS154,AS166,AS178,AS190,AS202,AS214,AS226,AS240) -> 0
A3: 宇宿 | B3: 100円 | C3: 15588 | D3: 15588 | E3: 15680 | F3: 15680 | G3: 15680 | H3: 15818 | I3: 15818 | J3: 15818 | K3: 15818 | L3: 15887 | M3: 15887 | N3: 15887 | O3: 15957 | P3: 15957 | Q3: 15957 | R3: 15957 | S3: 15957 | T3: 15976 | U3: 15976 | V3: 16044 | W3: 16044 | X3: 16044 | Y3: 16044 | Z3: 16160 | AA3: 16160 | AB3: 16160 | AC3: 16252
A4: BUZZ＃１ | B4: プライズ | C4: 413 | D4: =IF(D$3="","",C4) -> 413 | E4: 416 | F4: =IF(F$3="","",E4) -> 416 | G4: =IF(G$3="","",F4) -> 416 | H4: 417 | I4: =IF(I$3="","",H4) -> 417 | J4: =IF(J$3="","",I4) -> 417 | K4: =IF(K$3="","",J4) -> 417 | L4: 418 | M4: =IF(M$3="","",L4) -> 418 | N4: =IF(N$3="","",M4) -> 418 | O4: =IF(O$3="","",N4) -> 418 | P4: =IF(P$3="","",O4) -> 418 | Q4: =IF(Q$3="","",P4) -> 418 | R4: =IF(R$3="","",Q4) -> 418 | S4: =IF(S$3="","",R4) -> 418 | T4: =IF(T$3="","",S4) -> 418 | U4: =IF(U$3="","",T4) -> 418 | V4: 419 | W4: =IF(W$3="","",V4) -> 419 | X4: =IF(X$3="","",W4) -> 419 | Y4: =IF(Y$3="","",X4) -> 419 | Z4: 420 | AA4: =IF(AA$3="","",Z4) -> 420 | AB4: =IF(AB$3="","",AA4) -> 420 | AC4: =IF(AC$3="","",AB4) -> 420 | AD4: =IF(AD$3="","",AC4) | AE4: =IF(AE$3="","",AD4) | AF4: =IF(AF$3="","",AE4) | AG4: =IF(AG$3="","",AF4) | AH4: =IF(AH$3="","",AG4) | ... AS4: =IF(AS$3="","",AR4)
A5: 1 | B5: 投入残 | C5: 6 | D5: =IF(D3="","",(C5+C6)) -> 6 | E5: 3 | F5: =IF(F3="","",(E5+E6)) -> 9 | G5: =IF(G3="","",(F5+F6)) -> 9 | H5: 8 | I5: =IF(I3="","",(H5+H6)) -> 8 | J5: =IF(J3="","",(I5+I6)) -> 8 | K5: =IF(K3="","",(J5+J6)) -> 8 | L5: 6 | M5: =IF(M3="","",(L5+L6)) -> 6 | N5: =IF(N3="","",(M5+M6)) -> 6 | O5: =IF(O3="","",(N5+N6)) -> 6 | P5: =IF(P3="","",(O5+O6)) -> 6 | Q5: =IF(Q3="","",(P5+P6)) -> 6 | R5: =IF(R3="","",(Q5+Q6)) -> 6 | S5: =IF(S3="","",(R5+R6)) -> 6 | T5: 5 | U5: =IF(U3="","",(T5+T6)) -> 6 | V5: 5 | W5: =IF(W3="","",(V5+V6)) -> 7 | X5: =IF(X3="","",(W5+W6)) -> 7 | Y5: =IF(Y3="","",(X5+X6)) -> 7 | Z5: 6 | AA5: =IF(AA3="","",(Z5+Z6)) -> 6 | AB5: =IF(AB3="","",(AA5+AA6)) -> 6 | AC5: =IF(AC3="","",(AB5+AB6)) -> 6 | AD5: =IF(AD3="","",(AC5+AC6)) | AE5: =IF(AE3="","",(AD5+AD6)) | AF5: =IF(AF3="","",(AE5+AE6)) | AG5: =IF(AG3="","",(AF5+AF6)) | AH5: =IF(AH3="","",(AG5+AG6)) | ... AS5: =IF(AS3="","",(AR5+AR6))
A6: 機械合計 | B6: 補充 | E6: 6 | T6: 1 | V6: 2
A7: =+(A10+A22+A34+A46)*100 -> 167000 | B7: 単価 | C7: 500 | D7: =IF(D3="","",C7) -> 500 | E7: =IF(E3="","",D7) -> 500 | F7: =IF(F3="","",E7) -> 500 | G7: =IF(G3="","",F7) -> 500 | H7: =IF(H3="","",G7) -> 500 | I7: =IF(I3="","",H7) -> 500 | J7: =IF(J3="","",I7) -> 500 | K7: =IF(K3="","",J7) -> 500 | ... AS7: =IF(AS3="","",AR7)
A8: 月間予想 | B8: 景品名 | C8: たまごっちマスコット | D8: =IF(D3="","",C8) -> たまごっちマスコット | E8: =IF(E3="","",D8) -> たまごっちマスコット | F8: =IF(F3="","",E8) -> たまごっちマスコット | G8: =IF(G3="","",F8) -> たまごっちマスコット | H8: =IF(H3="","",G8) -> たまごっちマスコット | I8: =IF(I3="","",H8) -> たまごっちマスコット | J8: =IF(J3="","",I8) -> たまごっちマスコット | K8: =IF(K3="","",J8) -> たまごっちマスコット | ... AS8: =IF(AS3="","",AR8)
A9: =AVERAGE(C10:AS10)*30*100 -> 73777.778 | B9: 設定
A10: =SUM(C10:AS10) -> 664 | B10: 百差 | C10: 0 | D10: =IF(D3="","",D3-C3) -> 0 | E10: =IF(E3="","",E3-D3) -> 92 | F10: =IF(F3="","",F3-E3) -> 0 | G10: =IF(G3="","",G3-F3) -> 0 | H10: =IF(H3="","",H3-G3) -> 138 | I10: =IF(I3="","",I3-H3) -> 0 | J10: =IF(J3="","",J3-I3) -> 0 | K10: =IF(K3="","",K3-J3) -> 0 | ... AS10: =IF(AS3="","",AS3-AR3)
A11: =SUM(C11:AS11) -> 7 | B11: P差 | C11: 0 | D11: =IF(D4="","",D4-C4) -> 0 | E11: =IF(E4="","",E4-D4) -> 3 | F11: =IF(F4="","",F4-E4) -> 0 | G11: =IF(G4="","",G4-F4) -> 0 | H11: =IF(H4="","",H4-G4) -> 1 | I11: =IF(I4="","",I4-H4) -> 0 | J11: =IF(J4="","",J4-I4) -> 0 | K11: =IF(K4="","",K4-J4) -> 0 | ... AS11: =IF(AS4="","",AS4-AR4)
A12: =SUM(C12:AS12) -> 9 | B12: 払出 | C12: 0 | D12: =IF(D5="","",C5+C6-D5) -> 0 | E12: =IF(E5="","",D5+D6-E5) -> 3 | F12: =IF(F5="","",E5+E6-F5) -> 0 | G12: =IF(G5="","",F5+F6-G5) -> 0 | H12: =IF(H5="","",G5+G6-H5) -> 1 | I12: =IF(I5="","",H5+H6-I5) -> 0 | J12: =IF(J5="","",I5+I6-J5) -> 0 | K12: =IF(K5="","",J5+J6-K5) -> 0 | ... AS12: =IF(AS5="","",AR5+AR6-AS5)
A13: =SUM(C13:AS13) -> 4500 | B13: 払出額 | C13: 0 | D13: =IF(D3="","",D12*D7) -> 0 | E13: =IF(E3="","",E12*E7) -> 1500 | F13: =IF(F3="","",F12*F7) -> 0 | G13: =IF(G3="","",G12*G7) -> 0 | H13: =IF(H3="","",H12*H7) -> 500 | I13: =IF(I3="","",I12*I7) -> 0 | J13: =IF(J3="","",J12*J7) -> 0 | K13: =IF(K3="","",K12*K7) -> 0 | ... AS13: =IF(AS3="","",AS12*AS7)
A14: =IF(A13="","",A13/(A10*100)) -> 0.067771084 | B14: 原価率 | D14: =IF(D13="","",IF(D13=0,"",D13/(D10*100))) | E14: =IF(E13="","",IF(E13=0,"",E13/(E10*100))) -> 0.16304348 | F14: =IF(F13="","",IF(F13=0,"",F13/(F10*100))) | G14: =IF(G13="","",IF(G13=0,"",G13/(G10*100))) | H14: =IF(H13="","",IF(H13=0,"",H13/(H10*100))) -> 0.036231884 | I14: =IF(I13="","",IF(I13=0,"",I13/(I10*100))) | J14: =IF(J13="","",IF(J13=0,"",J13/(J10*100))) | K14: =IF(K13="","",IF(K13=0,"",K13/(K10*100))) | ... AS14: =IF(AS13="","",IF(AS13=0,"",AS13/(AS10*100)))
A15: 宇宿 | B15: 100円 | C15: 18232 | D15: =IF(D$3="","",C15) -> 18232 | E15: 18247 | F15: =IF(F$3="","",E15) -> 18247 | G15: =IF(G$3="","",F15) -> 18247 | H15: 18313 | I15: =IF(I$3="","",H15) -> 18313 | J15: =IF(J$3="","",I15) -> 18313 | K15: =IF(K$3="","",J15) -> 18313 | L15: 18341 | M15: =IF(M$3="","",L15) -> 18341 | N15: =IF(N$3="","",M15) -> 18341 | O15: 18384 | P15: =IF(P$3="","",O15) -> 18384 | Q15: =IF(Q$3="","",P15) -> 18384 | R15: =IF(R$3="","",Q15) -> 18384 | S15: =IF(S$3="","",R15) -> 18384 | T15: 18390 | U15: =IF(U$3="","",T15) -> 18390 | V15: 18425 | W15: =IF(W$3="","",V15) -> 18425 | X15: =IF(X$3="","",W15) -> 18425 | Y15: =IF(Y$3="","",X15) -> 18425 | Z15: 18511 | AA15: =IF(AA$3="","",Z15) -> 18511 | AB15: =IF(AB$3="","",AA15) -> 18511 | AC15: 18534 | AD15: =IF(AD$3="","",AC15) | AE15: =IF(AE$3="","",AD15) | AF15: =IF(AF$3="","",AE15) | AG15: =IF(AG$3="","",AF15) | AH15: =IF(AH$3="","",AG15) | AI15: =IF(AI$3="","",AH15) | AJ15: =IF(AJ$3="","",AI15) | AK15: =IF(AK$3="","",AJ15) | ... AS15: =IF(AS$3="","",AR15)
A16: BUZZ＃１ | B16: プライズ | C16: 399 | D16: =IF(D$3="","",C16) -> 399 | E16: =IF(E$3="","",D16) -> 399 | F16: =IF(F$3="","",E16) -> 399 | G16: =IF(G$3="","",F16) -> 399 | H16: =IF(H$3="","",G16) -> 399 | I16: =IF(I$3="","",H16) -> 399 | J16: =IF(J$3="","",I16) -> 399 | K16: =IF(K$3="","",J16) -> 399 | ... Y16: =IF(Y$3="","",X16) -> 399 | Z16: 402 | AA16: =IF(AA$3="","",Z16) -> 402 | AB16: =IF(AB$3="","",AA16) -> 402 | AC16: 403 | AD16: =IF(AD$3="","",AC16) | AE16: =IF(AE$3="","",AD16) | AF16: =IF(AF$3="","",AE16) | AG16: =IF(AG$3="","",AF16) | AH16: =IF(AH$3="","",AG16) | AI16: =IF(AI$3="","",AH16) | AJ16: =IF(AJ$3="","",AI16) | AK16: =IF(AK$3="","",AJ16) | ... AS16: =IF(AS$3="","",AR16)
A17: 2 | B17: 投入残 | C17: 3 | D17: =IF(D15="","",(C17+C18)) -> 3 | E17: =IF(E15="","",(D17+D18)) -> 3 | F17: =IF(F15="","",(E17+E18)) -> 4 | G17: =IF(G15="","",(F17+F18)) -> 4 | H17: 3 | I17: =IF(I15="","",(H17+H18)) -> 3 | J17: =IF(J15="","",(I17+I18)) -> 3 | K17: =IF(K15="","",(J17+J18)) -> 3 | L17: =IF(L15="","",(K17+K18)) -> 3 | M17: =IF(M15="","",(L17+L18)) -> 3 | N17: =IF(N15="","",(M17+M18)) -> 3 | O17: =IF(O15="","",(N17+N18)) -> 3 | P17: =IF(P15="","",(O17+O18)) -> 3 | ... Y17: =IF(Y15="","",(X17+X18)) -> 3 | Z17: 0 | AA17: =IF(AA15="","",(Z17+Z18)) -> 17 | AB17: =IF(AB15="","",(AA17+AA18)) -> 17 | AC17: 16 | AD17: =IF(AD15="","",(AC17+AC18)) | AE17: =IF(AE15="","",(AD17+AD18)) | AF17: =IF(AF15="","",(AE17+AE18)) | AG17: =IF(AG15="","",(AF17+AF18)) | AH17: =IF(AH15="","",(AG17+AG18)) | AI17: =IF(AI15="","",(AH17+AH18)) | AJ17: =IF(AJ15="","",(AI17+AI18)) | AK17: =IF(AK15="","",(AJ17+AJ18)) | ... AS17: =IF(AS15="","",(AR17+AR18))
B18: 補充 | E18: 1 | Z18: 17
B19: 単価 | C19: 682 | D19: =IF(D15="","",C19) -> 682 | E19: =IF(E15="","",D19) -> 682 | F19: =IF(F15="","",E19) -> 682 | G19: =IF(G15="","",F19) -> 682 | H19: =IF(H15="","",G19) -> 682 | I19: =IF(I15="","",H19) -> 682 | J19: =IF(J15="","",I19) -> 682 | K19: =IF(K15="","",J19) -> 682 | ... AS19: =IF(AS15="","",AR19)
A20: 月間予想 | B20: 景品名 | C20: パステルケーキ | D20: =IF(D15="","",C20) -> パステルケーキ | E20: =IF(E15="","",D20) -> パステルケーキ | F20: =IF(F15="","",E20) -> パステルケーキ | G20: =IF(G15="","",F20) -> パステルケーキ | H20: =IF(H15="","",G20) -> パステルケーキ | I20: =IF(I15="","",H20) -> パステルケーキ | J20: =IF(J15="","",I20) -> パステルケーキ | K20: =IF(K15="","",J20) -> パステルケーキ | ... Y20: =IF(Y15="","",X20) -> パステルケーキ | Z20: キティサンダルキーホルダー | AA20: =IF(AA15="","",Z20) -> キティサンダルキーホルダー | AB20: =IF(AB15="","",AA20) -> キティサンダルキーホルダー | AC20: =IF(AC15="","",AB20) -> キティサンダルキーホルダー | AD20: =IF(AD15="","",AC20) | AE20: =IF(AE15="","",AD20) | AF20: =IF(AF15="","",AE20) | AG20: =IF(AG15="","",AF20) | AH20: =IF(AH15="","",AG20) | ... AS20: =IF(AS15="","",AR20)
A21: =AVERAGE(C22:AS22)*30*100 -> 33555.556 | B21: 設定
A22: =SUM(C22:AS22) -> 302 | B22: 百差 | C22: 0 | D22: =IF(D15="","",D15-C15) -> 0 | E22: =IF(E15="","",E15-D15) -> 15 | F22: =IF(F15="","",F15-E15) -> 0 | G22: =IF(G15="","",G15-F15) -> 0 | H22: =IF(H15="","",H15-G15) -> 66 | I22: =IF(I15="","",I15-H15) -> 0 | J22: =IF(J15="","",J15-I15) -> 0 | K22: =IF(K15="","",K15-J15) -> 0 | ... AS22: =IF(AS15="","",AS15-AR15)
A23: =SUM(C23:AS23) -> 4 | B23: P差 | C23: 0 | D23: =IF(D16="","",D16-C16) -> 0 | E23: =IF(E16="","",E16-D16) -> 0 | F23: =IF(F16="","",F16-E16) -> 0 | G23: =IF(G16="","",G16-F16) -> 0 | H23: =IF(H16="","",H16-G16) -> 0 | I23: =IF(I16="","",I16-H16) -> 0 | J23: =IF(J16="","",J16-I16) -> 0 | K23: =IF(K16="","",K16-J16) -> 0 | ... AS23: =IF(AS16="","",AS16-AR16)
A24: =SUM(C24:AS24) -> 5 | B24: 払出 | C24: 0 | D24: =IF(D17="","",C17+C18-D17) -> 0 | E24: =IF(E17="","",D17+D18-E17) -> 0 | F24: =IF(F17="","",E17+E18-F17) -> 0 | G24: =IF(G17="","",F17+F18-G17) -> 0 | H24: =IF(H17="","",G17+G18-H17) -> 1 | I24: =IF(I17="","",H17+H18-I17) -> 0 | J24: =IF(J17="","",I17+I18-J17) -> 0 | K24: =IF(K17="","",J17+J18-K17) -> 0 | ... AS24: =IF(AS17="","",AR17+AR18-AS17)
A25: =SUM(C25:AS25) -> 3410 | B25: 払出額 | C25: 0 | D25: =IF(D15="","",D24*D19) -> 0 | E25: =IF(E15="","",E24*E19) -> 0 | F25: =IF(F15="","",F24*F19) -> 0 | G25: =IF(G15="","",G24*G19) -> 0 | H25: =IF(H15="","",H24*H19) -> 682 | I25: =IF(I15="","",I24*I19) -> 0 | J25: =IF(J15="","",J24*J19) -> 0 | K25: =IF(K15="","",K24*K19) -> 0 | ... AS25: =IF(AS15="","",AS24*AS19)
A26: =IF(A25="","",A25/(A22*100)) -> 0.11291391 | B26: 原価率 | D26: =IF(D25="","",IF(D25=0,"",D25/(D22*100))) | E26: =IF(E25="","",IF(E25=0,"",E25/(E22*100))) | F26: =IF(F25="","",IF(F25=0,"",F25/(F22*100))) | G26: =IF(G25="","",IF(G25=0,"",G25/(G22*100))) | H26: =IF(H25="","",IF(H25=0,"",H25/(H22*100))) -> 0.10333333 | I26: =IF(I25="","",IF(I25=0,"",I25/(I22*100))) | J26: =IF(J25="","",IF(J25=0,"",J25/(J22*100))) | K26: =IF(K25="","",IF(K25=0,"",K25/(K22*100))) | ... AS26: =IF(AS25="","",IF(AS25=0,"",AS25/(AS22*100)))
A27: 宇宿 | B27: 100円 | C27: 13236 | D27: =IF(D$3="","",C27) -> 13236 | E27: 13250 | F27: =IF(F$3="","",E27) -> 13250 | G27: =IF(G$3="","",F27) -> 13250 | H27: 13316 | I27: =IF(I$3="","",H27) -> 13316 | J27: =IF(J$3="","",I27) -> 13316 | K27: =IF(K$3="","",J27) -> 13316 | L27: 13323 | M27: =IF(M$3="","",L27) -> 13323 | N27: =IF(N$3="","",M27) -> 13323 | O27: 13373 | P27: =IF(P$3="","",O27) -> 13373 | Q27: =IF(Q$3="","",P27) -> 13373 | R27: =IF(R$3="","",Q27) -> 13373 | S27: =IF(S$3="","",R27) -> 13373 | T27: 13415 | U27: =IF(U$3="","",T27) -> 13415 | V27: 13450 | W27: =IF(W$3="","",V27) -> 13450 | X27: =IF(X$3="","",W27) -> 13450 | Y27: =IF(Y$3="","",X27) -> 13450 | Z27: 13549 | AA27: =IF(AA$3="","",Z27) -> 13549 | AB27: =IF(AB$3="","",AA27) -> 13549 | AC27: 13623 | AD27: =IF(AD$3="","",AC27) | AE27: =IF(AE$3="","",AD27) | AF27: =IF(AF$3="","",AE27) | AG27: =IF(AG$3="","",AF27) | AH27: =IF(AH$3="","",AG27) | AI27: =IF(AI$3="","",AH27) | AJ27: =IF(AJ$3="","",AI27) | AK27: =IF(AK$3="","",AJ27) | ... AS27: =IF(AS$3="","",AR27)
A28: BUZZ＃１ | B28: プライズ | C28: 486 | D28: =IF(D$3="","",C28) -> 486 | E28: 487 | F28: =IF(F$3="","",E28) -> 487 | G28: =IF(G$3="","",F28) -> 487 | H28: =IF(H$3="","",G28) -> 487 | I28: =IF(I$3="","",H28) -> 487 | J28: =IF(J$3="","",I28) -> 487 | K28: =IF(K$3="","",J28) -> 487 | L28: 487 | M28: =IF(M$3="","",L28) -> 487 | N28: =IF(N$3="","",M28) -> 487 | O28: 488 | P28: =IF(P$3="","",O28) -> 488 | Q28: =IF(Q$3="","",P28) -> 488 | R28: =IF(R$3="","",Q28) -> 488 | S28: =IF(S$3="","",R28) -> 488 | T28: =IF(T$3="","",S28) -> 488 | U28: =IF(U$3="","",T28) -> 488 | V28: =IF(V$3="","",U28) -> 488 | W28: =IF(W$3="","",V28) -> 488 | ... Y28: =IF(Y$3="","",X28) -> 488 | Z28: 491 | AA28: =IF(AA$3="","",Z28) -> 491 | AB28: =IF(AB$3="","",AA28) -> 491 | AC28: =IF(AC$3="","",AB28) -> 491 | AD28: =IF(AD$3="","",AC28) | AE28: =IF(AE$3="","",AD28) | AF28: =IF(AF$3="","",AE28) | AG28: =IF(AG$3="","",AF28) | AH28: =IF(AH$3="","",AG28) | ... AS28: =IF(AS$3="","",AR28)
A29: 3 | B29: 投入残 | C29: 10 | D29: =IF(D27="","",(C29+C30)) -> 10 | E29: 9 | F29: =IF(F27="","",(E29+E30)) -> 12 | G29: =IF(G27="","",(F29+F30)) -> 12 | H29: =IF(H27="","",(G29+G30)) -> 12 | I29: =IF(I27="","",(H29+H30)) -> 11 | J29: =IF(J27="","",(I29+I30)) -> 11 | K29: =IF(K27="","",(J29+J30)) -> 11 | L29: =IF(L27="","",(K29+K30)) -> 11 | M29: =IF(M27="","",(L29+L30)) -> 11 | ... Y29: =IF(Y27="","",(X29+X30)) -> 11 | Z29: 9 | AA29: =IF(AA27="","",(Z29+Z30)) -> 9 | AB29: =IF(AB27="","",(AA29+AA30)) -> 9 | AC29: =IF(AC27="","",(AB29+AB30)) -> 9 | AD29: =IF(AD27="","",(AC29+AC30)) | AE29: =IF(AE27="","",(AD29+AD30)) | AF29: =IF(AF27="","",(AE29+AE30)) | AG29: =IF(AG27="","",(AF29+AF30)) | AH29: =IF(AH27="","",(AG29+AG30)) | ... AS29: =IF(AS27="","",(AR29+AR30))
B30: 補充 | E30: 3 | H30: -1
B31: 単価 | C31: 750 | D31: =IF(D27="","",C31) -> 750 | E31: =IF(E27="","",D31) -> 750 | F31: =IF(F27="","",E31) -> 750 | G31: =IF(G27="","",F31) -> 750 | H31: =IF(H27="","",G31) -> 750 | I31: =IF(I27="","",H31) -> 750 | J31: =IF(J27="","",I31) -> 750 | K31: =IF(K27="","",J31) -> 750 | ... AS31: =IF(AS27="","",AR31)
A32: 月間予想 | B32: 景品名 | C32: NICI | D32: =IF(D27="","",C32) -> NICI | E32: =IF(E27="","",D32) -> NICI | F32: =IF(F27="","",E32) -> NICI | G32: =IF(G27="","",F32) -> NICI | H32: =IF(H27="","",G32) -> NICI | I32: =IF(I27="","",H32) -> NICI | J32: =IF(J27="","",I32) -> NICI | K32: =IF(K27="","",J32) -> NICI | ... AS32: =IF(AS27="","",AR32)
A33: =AVERAGE(C34:AS34)*30*100 -> 43000 | B33: 設定
A34: =SUM(C34:AS34) -> 387 | B34: 百差 | C34: 0 | D34: =IF(D27="","",D27-C27) -> 0 | E34: =IF(E27="","",E27-D27) -> 14 | F34: =IF(F27="","",F27-E27) -> 0 | G34: =IF(G27="","",G27-F27) -> 0 | H34: =IF(H27="","",H27-G27) -> 66 | I34: =IF(I27="","",I27-H27) -> 0 | J34: =IF(J27="","",J27-I27) -> 0 | K34: =IF(K27="","",K27-J27) -> 0 | ... AS34: =IF(AS27="","",AS27-AR27)
A35: =SUM(C35:AS35) -> 5 | B35: P差 | C35: 0 | D35: =IF(D28="","",D28-C28) -> 0 | E35: =IF(E28="","",E28-D28) -> 1 | F35: =IF(F28="","",F28-E28) -> 0 | G35: =IF(G28="","",G28-F28) -> 0 | H35: =IF(H28="","",H28-G28) -> 0 | I35: =IF(I28="","",I28-H28) -> 0 | J35: =IF(J28="","",J28-I28) -> 0 | K35: =IF(K28="","",K28-J28) -> 0 | ... AS35: =IF(AS28="","",AS28-AR28)
A36: =SUM(C36:AS36) -> 3 | B36: 払出 | C36: 0 | D36: =IF(D29="","",C29+C30-D29) -> 0 | E36: =IF(E29="","",D29+D30-E29) -> 1 | F36: =IF(F29="","",E29+E30-F29) -> 0 | G36: =IF(G29="","",F29+F30-G29) -> 0 | H36: =IF(H29="","",G29+G30-H29) -> 0 | I36: =IF(I29="","",H29+H30-I29) -> 0 | J36: =IF(J29="","",I29+I30-J29) -> 0 | K36: =IF(K29="","",J29+J30-K29) -> 0 | ... AS36: =IF(AS29="","",AR29+AR30-AS29)
A37: =SUM(C37:AS37) -> 2250 | B37: 払出額 | C37: 0 | D37: =IF(D27="","",D36*D31) -> 0 | E37: =IF(E27="","",E36*E31) -> 750 | F37: =IF(F27="","",F36*F31) -> 0 | G37: =IF(G27="","",G36*G31) -> 0 | H37: =IF(H27="","",H36*H31) -> 0 | I37: =IF(I27="","",I36*I31) -> 0 | J37: =IF(J27="","",J36*J31) -> 0 | K37: =IF(K27="","",K36*K31) -> 0 | ... AS37: =IF(AS27="","",AS36*AS31)
A38: =IF(A37="","",A37/(A34*100)) -> 0.058139535 | B38: 原価率 | D38: =IF(D37="","",IF(D37=0,"",D37/(D34*100))) | E38: =IF(E37="","",IF(E37=0,"",E37/(E34*100))) -> 0.53571429 | F38: =IF(F37="","",IF(F37=0,"",F37/(F34*100))) | G38: =IF(G37="","",IF(G37=0,"",G37/(G34*100))) | H38: =IF(H37="","",IF(H37=0,"",H37/(H34*100))) | I38: =IF(I37="","",IF(I37=0,"",I37/(I34*100))) | J38: =IF(J37="","",IF(J37=0,"",J37/(J34*100))) | K38: =IF(K37="","",IF(K37=0,"",K37/(K34*100))) | ... AS38: =IF(AS37="","",IF(AS37=0,"",AS37/(AS34*100)))
A39: 宇宿 | B39: 100円 | C39: 18834 | D39: =IF(D$3="","",C39) -> 18834 | E39: 18848 | F39: =IF(F$3="","",E39) -> 18848 | G39: =IF(G$3="","",F39) -> 18848 | H39: 18891 | I39: =IF(I$3="","",H39) -> 18891 | J39: =IF(J$3="","",I39) -> 18891 | K39: =IF(K$3="","",J39) -> 18891 | L39: 18906 | M39: =IF(M$3="","",L39) -> 18906 | N39: =IF(N$3="","",M39) -> 18906 | O39: 18962 | P39: =IF(P$3="","",O39) -> 18962 | Q39: =IF(Q$3="","",P39) -> 18962 | R39: =IF(R$3="","",Q39) -> 18962 | S39: =IF(S$3="","",R39) -> 18962 | T39: 18980 | U39: =IF(U$3="","",T39) -> 18980 | V39: 19040 | W39: =IF(W$3="","",V39) -> 19040 | X39: =IF(X$3="","",W39) -> 19040 | Y39: =IF(Y$3="","",X39) -> 19040 | Z39: 19076 | AA39: =IF(AA$3="","",Z39) -> 19076 | AB39: =IF(AB$3="","",AA39) -> 19076 | AC39: 19151 | AD39: =IF(AD$3="","",AC39) | AE39: =IF(AE$3="","",AD39) | AF39: =IF(AF$3="","",AE39) | AG39: =IF(AG$3="","",AF39) | AH39: =IF(AH$3="","",AG39) | AI39: =IF(AI$3="","",AH39) | AJ39: =IF(AJ$3="","",AI39) | AK39: =IF(AK$3="","",AJ39) | ... AS39: =IF(AS$3="","",AR39)
A40: BUZZ＃１ | B40: プライズ | C40: 510 | D40: =IF(D$3="","",C40) -> 510 | E40: =IF(E$3="","",D40) -> 510 | F40: =IF(F$3="","",E40) -> 510 | G40: =IF(G$3="","",F40) -> 510 | H40: 513 | I40: =IF(I$3="","",H40) -> 513 | J40: =IF(J$3="","",I40) -> 513 | K40: =IF(K$3="","",J40) -> 513 | L40: =IF(L$3="","",K40) -> 513 | M40: =IF(M$3="","",L40) -> 513 | N40: =IF(N$3="","",M40) -> 513 | O40: 514 | P40: =IF(P$3="","",O40) -> 514 | Q40: =IF(Q$3="","",P40) -> 514 | R40: =IF(R$3="","",Q40) -> 514 | S40: =IF(S$3="","",R40) -> 514 | T40: 515 | U40: =IF(U$3="","",T40) -> 515 | V40: 516 | W40: =IF(W$3="","",V40) -> 516 | X40: =IF(X$3="","",W40) -> 516 | Y40: =IF(Y$3="","",X40) -> 516 | Z40: 517 | AA40: =IF(AA$3="","",Z40) -> 517 | AB40: =IF(AB$3="","",AA40) -> 517 | AC40: =IF(AC$3="","",AB40) -> 517 | AD40: =IF(AD$3="","",AC40) | AE40: =IF(AE$3="","",AD40) | AF40: =IF(AF$3="","",AE40) | AG40: =IF(AG$3="","",AF40) | AH40: =IF(AH$3="","",AG40) | ... AS40: =IF(AS$3="","",AR40)
A41: 4 | B41: 投入残 | C41: 6 | D41: =IF(D39="","",(C41+C42)) -> 6 | E41: 3 | F41: =IF(F39="","",(E41+E42)) -> 5 | G41: =IF(G39="","",(F41+F42)) -> 5 | H41: 2 | I41: =IF(I39="","",(H41+H42)) -> 5 | J41: =IF(J39="","",(I41+I42)) -> 5 | K41: =IF(K39="","",(J41+J42)) -> 5 | L41: =IF(L39="","",(K41+K42)) -> 5 | M41: =IF(M39="","",(L41+L42)) -> 5 | N41: =IF(N39="","",(M41+M42)) -> 5 | O41: 4 | P41: =IF(P39="","",(O41+O42)) -> 4 | Q41: =IF(Q39="","",(P41+P42)) -> 4 | R41: =IF(R39="","",(Q41+Q42)) -> 4 | S41: =IF(S39="","",(R41+R42)) -> 4 | T41: 3 | U41: =IF(U39="","",(T41+T42)) -> 5 | V41: 4 | W41: =IF(W39="","",(V41+V42)) -> 4 | X41: =IF(X39="","",(W41+W42)) -> 4 | Y41: =IF(Y39="","",(X41+X42)) -> 4 | Z41: 3 | AA41: =IF(AA39="","",(Z41+Z42)) -> 5 | AB41: =IF(AB39="","",(AA41+AA42)) -> 5 | AC41: =IF(AC39="","",(AB41+AB42)) -> 5 | AD41: =IF(AD39="","",(AC41+AC42)) | AE41: =IF(AE39="","",(AD41+AD42)) | AF41: =IF(AF39="","",(AE41+AE42)) | AG41: =IF(AG39="","",(AF41+AF42)) | AH41: =IF(AH39="","",(AG41+AG42)) | ... AS41: =IF(AS39="","",(AR41+AR42))
B42: 補充 | E42: 2 | H42: 3 | T42: 2 | Z42: 2
B43: 単価 | C43: 800 | D43: =IF(D39="","",C43) -> 800 | E43: =IF(E39="","",D43) -> 800 | F43: =IF(F39="","",E43) -> 800 | G43: =IF(G39="","",F43) -> 800 | H43: =IF(H39="","",G43) -> 800 | I43: =IF(I39="","",H43) -> 800 | J43: =IF(J39="","",I43) -> 800 | K43: =IF(K39="","",J43) -> 800 | ... AS43: =IF(AS39="","",AR43)
A44: 月間予想 | B44: 景品名 | C44: サンリオバンズクリップ | D44: =IF(D39="","",C44) -> サンリオバンズクリップ | E44: =IF(E39="","",D44) -> サンリオバンズクリップ | F44: =IF(F39="","",E44) -> サンリオバンズクリップ | G44: =IF(G39="","",F44) -> サンリオバンズクリップ | H44: =IF(H39="","",G44) -> サンリオバンズクリップ | I44: =IF(I39="","",H44) -> サンリオバンズクリップ | J44: =IF(J39="","",I44) -> サンリオバンズクリップ | K44: =IF(K39="","",J44) -> サンリオバンズクリップ | ... AS44: =IF(AS39="","",AR44)
A45: =AVERAGE(C46:AS46)*30*100 -> 35222.222 | B45: 設定
A46: =SUM(C46:AS46) -> 317 | B46: 百差 | C46: 0 | D46: =IF(D39="","",D39-C39) -> 0 | E46: =IF(E39="","",E39-D39) -> 14 | F46: =IF(F39="","",F39-E39) -> 0 | G46: =IF(G39="","",G39-F39) -> 0 | H46: =IF(H39="","",H39-G39) -> 43 | I46: =IF(I39="","",I39-H39) -> 0 | J46: =IF(J39="","",J39-I39) -> 0 | K46: =IF(K39="","",K39-J39) -> 0 | ... AS46: =IF(AS39="","",AS39-AR39)
A47: =SUM(C47:AS47) -> 7 | B47: P差 | C47: 0 | D47: =IF(D40="","",D40-C40) -> 0 | E47: =IF(E40="","",E40-D40) -> 0 | F47: =IF(F40="","",F40-E40) -> 0 | G47: =IF(G40="","",G40-F40) -> 0 | H47: =IF(H40="","",H40-G40) -> 3 | I47: =IF(I40="","",I40-H40) -> 0 | J47: =IF(J40="","",J40-I40) -> 0 | K47: =IF(K40="","",K40-J40) -> 0 | ... AS47: =IF(AS40="","",AS40-AR40)
A48: =SUM(C48:AS48) -> 10 | B48: 払出 | C48: 0 | D48: =IF(D41="","",C41+C42-D41) -> 0 | E48: =IF(E41="","",D41+D42-E41) -> 3 | F48: =IF(F41="","",E41+E42-F41) -> 0 | G48: =IF(G41="","",F41+F42-G41) -> 0 | H48: =IF(H41="","",G41+G42-H41) -> 3 | I48: =IF(I41="","",H41+H42-I41) -> 0 | J48: =IF(J41="","",I41+I42-J41) -> 0 | K48: =IF(K41="","",J41+J42-K41) -> 0 | ... AS48: =IF(AS41="","",AR41+AR42-AS41)
A49: =SUM(C49:AS49) -> 8000 | B49: 払出額 | C49: 0 | D49: =IF(D39="","",D48*D43) -> 0 | E49: =IF(E39="","",E48*E43) -> 2400 | F49: =IF(F39="","",F48*F43) -> 0 | G49: =IF(G39="","",G48*G43) -> 0 | H49: =IF(H39="","",H48*H43) -> 2400 | I49: =IF(I39="","",I48*I43) -> 0 | J49: =IF(J39="","",J48*J43) -> 0 | K49: =IF(K39="","",K48*K43) -> 0 | ... AS49: =IF(AS39="","",AS48*AS43)
A50: =IF(A49="","",A49/(A46*100)) -> 0.25236593 | B50: 原価率 | D50: =IF(D49="","",IF(D49=0,"",D49/(D46*100))) | E50: =IF(E49="","",IF(E49=0,"",E49/(E46*100))) -> 1.7142857 | F50: =IF(F49="","",IF(F49=0,"",F49/(F46*100))) | G50: =IF(G49="","",IF(G49=0,"",G49/(G46*100))) | H50: =IF(H49="","",IF(H49=0,"",H49/(H46*100))) -> 0.55813953 | I50: =IF(I49="","",IF(I49=0,"",I49/(I46*100))) | J50: =IF(J49="","",IF(J49=0,"",J49/(J46*100))) | K50: =IF(K49="","",IF(K49=0,"",K49/(K46*100))) | ... AS50: =IF(AS49="","",IF(AS49=0,"",AS49/(AS46*100)))
A51: 宇宿 | B51: 100円 | C51: 14308 | D51: =IF(D$3="","",C51) -> 14308 | E51: 14327 | F51: =IF(F$3="","",E51) -> 14327 | G51: =IF(G$3="","",F51) -> 14327 | H51: 14361 | I51: =IF(I$3="","",H51) -> 14361 | J51: =IF(J$3="","",I51) -> 14361 | K51: =IF(K$3="","",J51) -> 14361 | L51: 14380 | M51: =IF(M$3="","",L51) -> 14380 | N51: =IF(N$3="","",M51) -> 14380 | O51: 14404 | P51: =IF(P$3="","",O51) -> 14404 | Q51: =IF(Q$3="","",P51) -> 14404 | R51: =IF(R$3="","",Q51) -> 14404 | S51: =IF(S$3="","",R51) -> 14404 | T51: 14420 | U51: =IF(U$3="","",T51) -> 14420 | V51: 14446 | W51: =IF(W$3="","",V51) -> 14446 | X51: =IF(X$3="","",W51) -> 14446 | Y51: =IF(Y$3="","",X51) -> 14446 | Z51: 14496 | AA51: =IF(AA$3="","",Z51) -> 14496 | AB51: =IF(AB$3="","",AA51) -> 14496 | AC51: 14521 | AD51: =IF(AD$3="","",AC51) | AE51: =IF(AE$3="","",AD51) | AF51: =IF(AF$3="","",AE51) | AG51: =IF(AG$3="","",AF51) | AH51: =IF(AH$3="","",AG51) | AI51: =IF(AI$3="","",AH51) | AJ51: =IF(AJ$3="","",AI51) | AK51: =IF(AK$3="","",AJ51) | ... AS51: =IF(AS$3="","",AR51)
A52: BUZZ＃2 | B52: プライズ | C52: 318 | D52: =IF(D$3="","",C52) -> 318 | E52: =IF(E$3="","",D52) -> 318 | F52: =IF(F$3="","",E52) -> 318 | G52: =IF(G$3="","",F52) -> 318 | H52: 319 | I52: =IF(I$3="","",H52) -> 319 | J52: =IF(J$3="","",I52) -> 319 | K52: =IF(K$3="","",J52) -> 319 | L52: =IF(L$3="","",K52) -> 319 | M52: =IF(M$3="","",L52) -> 319 | N52: =IF(N$3="","",M52) -> 319 | O52: 320 | P52: =IF(P$3="","",O52) -> 320 | Q52: =IF(Q$3="","",P52) -> 320 | R52: =IF(R$3="","",Q52) -> 320 | S52: =IF(S$3="","",R52) -> 320 | T52: =IF(T$3="","",S52) -> 320 | U52: =IF(U$3="","",T52) -> 320 | V52: =IF(V$3="","",U52) -> 320 | W52: =IF(W$3="","",V52) -> 320 | ... Y52: =IF(Y$3="","",X52) -> 320 | Z52: 321 | AA52: =IF(AA$3="","",Z52) -> 321 | AB52: =IF(AB$3="","",AA52) -> 321 | AC52: 322 | AD52: =IF(AD$3="","",AC52) | AE52: =IF(AE$3="","",AD52) | AF52: =IF(AF$3="","",AE52) | AG52: =IF(AG$3="","",AF52) | AH52: =IF(AH$3="","",AG52) | AI52: =IF(AI$3="","",AH52) | AJ52: =IF(AJ$3="","",AI52) | AK52: =IF(AK$3="","",AJ52) | ... AS52: =IF(AS$3="","",AR52)
A53: 1 | B53: 投入残 | C53: 4 | D53: =IF(D51="","",(C53+C54)) -> 4 | E53: =IF(E51="","",(D53+D54)) -> 4 | F53: =IF(F51="","",(E53+E54)) -> 4 | G53: =IF(G51="","",(F53+F54)) -> 4 | H53: 3 | I53: =IF(I51="","",(H53+H54)) -> 4 | J53: =IF(J51="","",(I53+I54)) -> 4 | K53: =IF(K51="","",(J53+J54)) -> 4 | L53: =IF(L51="","",(K53+K54)) -> 4 | M53: =IF(M51="","",(L53+L54)) -> 4 | N53: =IF(N51="","",(M53+M54)) -> 4 | O53: 3 | P53: =IF(P51="","",(O53+O54)) -> 3 | Q53: =IF(Q51="","",(P53+P54)) -> 3 | R53: =IF(R51="","",(Q53+Q54)) -> 3 | S53: =IF(S51="","",(R53+R54)) -> 3 | T53: =IF(T51="","",(S53+S54)) -> 3 | U53: =IF(U51="","",(T53+T54)) -> 3 | V53: =IF(V51="","",(U53+U54)) -> 3 | W53: =IF(W51="","",(V53+V54)) -> 3 | ... Y53: =IF(Y51="","",(X53+X54)) -> 3 | Z53: 2 | AA53: =IF(AA51="","",(Z53+Z54)) -> 7 | AB53: =IF(AB51="","",(AA53+AA54)) -> 7 | AC53: =IF(AC51="","",(AB53+AB54)) -> 7 | AD53: =IF(AD51="","",(AC53+AC54)) | AE53: =IF(AE51="","",(AD53+AD54)) | AF53: =IF(AF51="","",(AE53+AE54)) | AG53: =IF(AG51="","",(AF53+AF54)) | AH53: =IF(AH51="","",(AG53+AG54)) | ... AS53: =IF(AS51="","",(AR53+AR54))
A54: 機械合計 | B54: 補充 | H54: 1 | Z54: 5
A55: =+(A58+A70+A82+A94)*100 -> 109400 | B55: 単価 | C55: 700 | D55: =IF(D51="","",C55) -> 700 | E55: =IF(E51="","",D55) -> 700 | F55: =IF(F51="","",E55) -> 700 | G55: =IF(G51="","",F55) -> 700 | H55: =IF(H51="","",G55) -> 700 | I55: =IF(I51="","",H55) -> 700 | J55: =IF(J51="","",I55) -> 700 | K55: =IF(K51="","",J55) -> 700 | ... AS55: =IF(AS51="","",AR55)
A56: 月間予想 | B56: 景品名 | C56: モンチッチMC | D56: =IF(D51="","",C56) -> モンチッチMC | E56: =IF(E51="","",D56) -> モンチッチMC | F56: =IF(F51="","",E56) -> モンチッチMC | G56: =IF(G51="","",F56) -> モンチッチMC | H56: =IF(H51="","",G56) -> モンチッチMC | I56: =IF(I51="","",H56) -> モンチッチMC | J56: =IF(J51="","",I56) -> モンチッチMC | K56: =IF(K51="","",J56) -> モンチッチMC | ... Y56: =IF(Y51="","",X56) -> モンチッチMC | Z56: アンパンマンマスコット | AA56: =IF(AA51="","",Z56) -> アンパンマンマスコット | AB56: =IF(AB51="","",AA56) -> アンパンマンマスコット | AC56: =IF(AC51="","",AB56) -> アンパンマンマスコット | AD56: =IF(AD51="","",AC56) | AE56: =IF(AE51="","",AD56) | AF56: =IF(AF51="","",AE56) | AG56: =IF(AG51="","",AF56) | AH56: =IF(AH51="","",AG56) | ... AS56: =IF(AS51="","",AR56)
A57: =AVERAGE(C58:AS58)*30*100 -> 23666.667 | B57: 設定
A58: =SUM(C58:AS58) -> 213 | B58: 百差 | C58: 0 | D58: =IF(D51="","",D51-C51) -> 0 | E58: =IF(E51="","",E51-D51) -> 19 | F58: =IF(F51="","",F51-E51) -> 0 | G58: =IF(G51="","",G51-F51) -> 0 | H58: =IF(H51="","",H51-G51) -> 34 | I58: =IF(I51="","",I51-H51) -> 0 | J58: =IF(J51="","",J51-I51) -> 0 | K58: =IF(K51="","",K51-J51) -> 0 | ... AS58: =IF(AS51="","",AS51-AR51)
A59: =SUM(C59:AS59) -> 4 | B59: P差 | C59: 0 | D59: =IF(D52="","",D52-C52) -> 0 | E59: =IF(E52="","",E52-D52) -> 0 | F59: =IF(F52="","",F52-E52) -> 0 | G59: =IF(G52="","",G52-F52) -> 0 | H59: =IF(H52="","",H52-G52) -> 1 | I59: =IF(I52="","",I52-H52) -> 0 | J59: =IF(J52="","",J52-I52) -> 0 | K59: =IF(K52="","",K52-J52) -> 0 | ... AS59: =IF(AS52="","",AS52-AR52)
A60: =SUM(C60:AS60) -> 3 | B60: 払出 | C60: 0 | D60: =IF(D53="","",C53+C54-D53) -> 0 | E60: =IF(E53="","",D53+D54-E53) -> 0 | F60: =IF(F53="","",E53+E54-F53) -> 0 | G60: =IF(G53="","",F53+F54-G53) -> 0 | H60: =IF(H53="","",G53+G54-H53) -> 1 | I60: =IF(I53="","",H53+H54-I53) -> 0 | J60: =IF(J53="","",I53+I54-J53) -> 0 | K60: =IF(K53="","",J53+J54-K53) -> 0 | ... AS60: =IF(AS53="","",AR53+AR54-AS53)
A61: =SUM(C61:AS61) -> 2100 | B61: 払出額 | C61: 0 | D61: =IF(D51="","",D60*D55) -> 0 | E61: =IF(E51="","",E60*E55) -> 0 | F61: =IF(F51="","",F60*F55) -> 0 | G61: =IF(G51="","",G60*G55) -> 0 | H61: =IF(H51="","",H60*H55) -> 700 | I61: =IF(I51="","",I60*I55) -> 0 | J61: =IF(J51="","",J60*J55) -> 0 | K61: =IF(K51="","",K60*K55) -> 0 | ... AS61: =IF(AS51="","",AS60*AS55)
A62: =IF(A61="","",A61/(A58*100)) -> 0.098591549 | B62: 原価率 | D62: =IF(D61="","",IF(D61=0,"",D61/(D58*100))) | E62: =IF(E61="","",IF(E61=0,"",E61/(E58*100))) | F62: =IF(F61="","",IF(F61=0,"",F61/(F58*100))) | G62: =IF(G61="","",IF(G61=0,"",G61/(G58*100))) | H62: =IF(H61="","",IF(H61=0,"",H61/(H58*100))) -> 0.20588235 | I62: =IF(I61="","",IF(I61=0,"",I61/(I58*100))) | J62: =IF(J61="","",IF(J61=0,"",J61/(J58*100))) | K62: =IF(K61="","",IF(K61=0,"",K61/(K58*100))) | ... AS62: =IF(AS61="","",IF(AS61=0,"",AS61/(AS58*100)))
A63: 宇宿 | B63: 100円 | C63: 16395 | D63: =IF(D$3="","",C63) -> 16395 | E63: 16417 | F63: =IF(F$3="","",E63) -> 16417 | G63: =IF(G$3="","",F63) -> 16417 | H63: 16477 | I63: =IF(I$3="","",H63) -> 16477 | J63: =IF(J$3="","",I63) -> 16477 | K63: =IF(K$3="","",J63) -> 16477 | L63: 16505 | M63: =IF(M$3="","",L63) -> 16505 | N63: =IF(N$3="","",M63) -> 16505 | O63: 16539 | P63: =IF(P$3="","",O63) -> 16539 | Q63: =IF(Q$3="","",P63) -> 16539 | R63: =IF(R$3="","",Q63) -> 16539 | S63: =IF(S$3="","",R63) -> 16539 | T63: 16568 | U63: =IF(U$3="","",T63) -> 16568 | V63: 16594 | W63: =IF(W$3="","",V63) -> 16594 | X63: =IF(X$3="","",W63) -> 16594 | Y63: =IF(Y$3="","",X63) -> 16594 | Z63: 16596 | AA63: =IF(AA$3="","",Z63) -> 16596 | AB63: =IF(AB$3="","",AA63) -> 16596 | AC63: 16638 | AD63: =IF(AD$3="","",AC63) | AE63: =IF(AE$3="","",AD63) | AF63: =IF(AF$3="","",AE63) | AG63: =IF(AG$3="","",AF63) | AH63: =IF(AH$3="","",AG63) | AI63: =IF(AI$3="","",AH63) | AJ63: =IF(AJ$3="","",AI63) | AK63: =IF(AK$3="","",AJ63) | ... AS63: =IF(AS$3="","",AR63)
A64: BUZZ＃2 | B64: プライズ | C64: 377 | D64: =IF(D$3="","",C64) -> 377 | E64: =IF(E$3="","",D64) -> 377 | F64: =IF(F$3="","",E64) -> 377 | G64: =IF(G$3="","",F64) -> 377 | H64: =IF(H$3="","",G64) -> 377 | I64: =IF(I$3="","",H64) -> 377 | J64: =IF(J$3="","",I64) -> 377 | K64: =IF(K$3="","",J64) -> 377 | ... N64: =IF(N$3="","",M64) -> 377 | O64: 378 | P64: =IF(P$3="","",O64) -> 378 | Q64: =IF(Q$3="","",P64) -> 378 | R64: =IF(R$3="","",Q64) -> 378 | S64: =IF(S$3="","",R64) -> 378 | T64: =IF(T$3="","",S64) -> 378 | U64: =IF(U$3="","",T64) -> 378 | V64: =IF(V$3="","",U64) -> 378 | W64: =IF(W$3="","",V64) -> 378 | ... AB64: =IF(AB$3="","",AA64) -> 378 | AC64: 379 | AD64: =IF(AD$3="","",AC64) | AE64: =IF(AE$3="","",AD64) | AF64: =IF(AF$3="","",AE64) | AG64: =IF(AG$3="","",AF64) | AH64: =IF(AH$3="","",AG64) | AI64: =IF(AI$3="","",AH64) | AJ64: =IF(AJ$3="","",AI64) | AK64: =IF(AK$3="","",AJ64) | ... AS64: =IF(AS$3="","",AR64)
A65: 2 | B65: 投入残 | C65: 8 | D65: =IF(D63="","",(C65+C66)) -> 8 | E65: =IF(E63="","",(D65+D66)) -> 8 | F65: =IF(F63="","",(E65+E66)) -> 8 | G65: =IF(G63="","",(F65+F66)) -> 8 | H65: =IF(H63="","",(G65+G66)) -> 8 | I65: =IF(I63="","",(H65+H66)) -> 15 | J65: =IF(J63="","",(I65+I66)) -> 15 | K65: =IF(K63="","",(J65+J66)) -> 15 | ... N65: =IF(N63="","",(M65+M66)) -> 15 | O65: 14 | P65: =IF(P63="","",(O65+O66)) -> 14 | Q65: =IF(Q63="","",(P65+P66)) -> 14 | R65: =IF(R63="","",(Q65+Q66)) -> 14 | S65: =IF(S63="","",(R65+R66)) -> 14 | T65: =IF(T63="","",(S65+S66)) -> 14 | U65: =IF(U63="","",(T65+T66)) -> 14 | V65: =IF(V63="","",(U65+U66)) -> 14 | W65: =IF(W63="","",(V65+V66)) -> 14 | ... AB65: =IF(AB63="","",(AA65+AA66)) -> 14 | AC65: 13 | AD65: =IF(AD63="","",(AC65+AC66)) | AE65: =IF(AE63="","",(AD65+AD66)) | AF65: =IF(AF63="","",(AE65+AE66)) | AG65: =IF(AG63="","",(AF65+AF66)) | AH65: =IF(AH63="","",(AG65+AG66)) | AI65: =IF(AI63="","",(AH65+AH66)) | AJ65: =IF(AJ63="","",(AI65+AI66)) | AK65: =IF(AK63="","",(AJ65+AJ66)) | ... AS65: =IF(AS63="","",(AR65+AR66))
B66: 補充 | H66: 7
B67: 単価 | C67: 300 | D67: =IF(D63="","",C67) -> 300 | E67: =IF(E63="","",D67) -> 300 | F67: =IF(F63="","",E67) -> 300 | G67: =IF(G63="","",F67) -> 300 | H67: =IF(H63="","",G67) -> 300 | I67: =IF(I63="","",H67) -> 300 | J67: =IF(J63="","",I67) -> 300 | K67: =IF(K63="","",J67) -> 300 | ... AS67: =IF(AS63="","",AR67)
A68: 月間予想 | B68: 景品名 | C68: ラブブMC | D68: =IF(D63="","",C68) -> ラブブMC | E68: =IF(E63="","",D68) -> ラブブMC | F68: =IF(F63="","",E68) -> ラブブMC | G68: =IF(G63="","",F68) -> ラブブMC | H68: =IF(H63="","",G68) -> ラブブMC | I68: =IF(I63="","",H68) -> ラブブMC | J68: =IF(J63="","",I68) -> ラブブMC | K68: =IF(K63="","",J68) -> ラブブMC | ... AS68: =IF(AS63="","",AR68)
A69: =AVERAGE(C70:AS70)*30*100 -> 27000 | B69: 設定
A70: =SUM(C70:AS70) -> 243 | B70: 百差 | C70: 0 | D70: =IF(D63="","",D63-C63) -> 0 | E70: =IF(E63="","",E63-D63) -> 22 | F70: =IF(F63="","",F63-E63) -> 0 | G70: =IF(G63="","",G63-F63) -> 0 | H70: =IF(H63="","",H63-G63) -> 60 | I70: =IF(I63="","",I63-H63) -> 0 | J70: =IF(J63="","",J63-I63) -> 0 | K70: =IF(K63="","",K63-J63) -> 0 | ... AS70: =IF(AS63="","",AS63-AR63)
A71: =SUM(C71:AS71) -> 2 | B71: P差 | C71: 0 | D71: =IF(D64="","",D64-C64) -> 0 | E71: =IF(E64="","",E64-D64) -> 0 | F71: =IF(F64="","",F64-E64) -> 0 | G71: =IF(G64="","",G64-F64) -> 0 | H71: =IF(H64="","",H64-G64) -> 0 | I71: =IF(I64="","",I64-H64) -> 0 | J71: =IF(J64="","",J64-I64) -> 0 | K71: =IF(K64="","",K64-J64) -> 0 | ... AS71: =IF(AS64="","",AS64-AR64)
A72: =SUM(C72:AS72) -> 2 | B72: 払出 | C72: 0 | D72: =IF(D65="","",C65+C66-D65) -> 0 | E72: =IF(E65="","",D65+D66-E65) -> 0 | F72: =IF(F65="","",E65+E66-F65) -> 0 | G72: =IF(G65="","",F65+F66-G65) -> 0 | H72: =IF(H65="","",G65+G66-H65) -> 0 | I72: =IF(I65="","",H65+H66-I65) -> 0 | J72: =IF(J65="","",I65+I66-J65) -> 0 | K72: =IF(K65="","",J65+J66-K65) -> 0 | ... AS72: =IF(AS65="","",AR65+AR66-AS65)
A73: =SUM(C73:AS73) -> 600 | B73: 払出額 | C73: 0 | D73: =IF(D63="","",D72*D67) -> 0 | E73: =IF(E63="","",E72*E67) -> 0 | F73: =IF(F63="","",F72*F67) -> 0 | G73: =IF(G63="","",G72*G67) -> 0 | H73: =IF(H63="","",H72*H67) -> 0 | I73: =IF(I63="","",I72*I67) -> 0 | J73: =IF(J63="","",J72*J67) -> 0 | K73: =IF(K63="","",K72*K67) -> 0 | ... AS73: =IF(AS63="","",AS72*AS67)
A74: =IF(A73="","",A73/(A70*100)) -> 0.024691358 | B74: 原価率 | D74: =IF(D73="","",IF(D73=0,"",D73/(D70*100))) | E74: =IF(E73="","",IF(E73=0,"",E73/(E70*100))) | F74: =IF(F73="","",IF(F73=0,"",F73/(F70*100))) | G74: =IF(G73="","",IF(G73=0,"",G73/(G70*100))) | H74: =IF(H73="","",IF(H73=0,"",H73/(H70*100))) | I74: =IF(I73="","",IF(I73=0,"",I73/(I70*100))) | J74: =IF(J73="","",IF(J73=0,"",J73/(J70*100))) | K74: =IF(K73="","",IF(K73=0,"",K73/(K70*100))) | ... AS74: =IF(AS73="","",IF(AS73=0,"",AS73/(AS70*100)))
A75: 宇宿 | B75: 100円 | C75: 18649 | D75: =IF(D$3="","",C75) -> 18649 | E75: 18652 | F75: =IF(F$3="","",E75) -> 18652 | G75: =IF(G$3="","",F75) -> 18652 | H75: 18728 | I75: =IF(I$3="","",H75) -> 18728 | J75: =IF(J$3="","",I75) -> 18728 | K75: =IF(K$3="","",J75) -> 18728 | L75: 18736 | M75: =IF(M$3="","",L75) -> 18736 | N75: =IF(N$3="","",M75) -> 18736 | O75: 18764 | P75: =IF(P$3="","",O75) -> 18764 | Q75: =IF(Q$3="","",P75) -> 18764 | R75: =IF(R$3="","",Q75) -> 18764 | S75: =IF(S$3="","",R75) -> 18764 | T75: 18806 | U75: =IF(U$3="","",T75) -> 18806 | V75: 18851 | W75: =IF(W$3="","",V75) -> 18851 | X75: =IF(X$3="","",W75) -> 18851 | Y75: =IF(Y$3="","",X75) -> 18851 | Z75: 18865 | AA75: =IF(AA$3="","",Z75) -> 18865 | AB75: =IF(AB$3="","",AA75) -> 18865 | AC75: 18897 | AD75: =IF(AD$3="","",AC75) | AE75: =IF(AE$3="","",AD75) | AF75: =IF(AF$3="","",AE75) | AG75: =IF(AG$3="","",AF75) | AH75: =IF(AH$3="","",AG75) | AI75: =IF(AI$3="","",AH75) | AJ75: =IF(AJ$3="","",AI75) | AK75: =IF(AK$3="","",AJ75) | ... AS75: =IF(AS$3="","",AR75)
A76: BUZZ＃2 | B76: プライズ | C76: 531 | D76: =IF(D$3="","",C76) -> 531 | E76: =IF(E$3="","",D76) -> 531 | F76: =IF(F$3="","",E76) -> 531 | G76: =IF(G$3="","",F76) -> 531 | H76: 533 | I76: =IF(I$3="","",H76) -> 533 | J76: =IF(J$3="","",I76) -> 533 | K76: =IF(K$3="","",J76) -> 533 | L76: =IF(L$3="","",K76) -> 533 | M76: =IF(M$3="","",L76) -> 533 | N76: =IF(N$3="","",M76) -> 533 | O76: 534 | P76: =IF(P$3="","",O76) -> 534 | Q76: =IF(Q$3="","",P76) -> 534 | R76: =IF(R$3="","",Q76) -> 534 | S76: =IF(S$3="","",R76) -> 534 | T76: 535 | U76: =IF(U$3="","",T76) -> 535 | V76: 537 | W76: =IF(W$3="","",V76) -> 537 | X76: =IF(X$3="","",W76) -> 537 | Y76: =IF(Y$3="","",X76) -> 537 | Z76: =IF(Z$3="","",Y76) -> 537 | AA76: =IF(AA$3="","",Z76) -> 537 | AB76: =IF(AB$3="","",AA76) -> 537 | AC76: 539 | AD76: =IF(AD$3="","",AC76) | AE76: =IF(AE$3="","",AD76) | AF76: =IF(AF$3="","",AE76) | AG76: =IF(AG$3="","",AF76) | AH76: =IF(AH$3="","",AG76) | AI76: =IF(AI$3="","",AH76) | AJ76: =IF(AJ$3="","",AI76) | AK76: =IF(AK$3="","",AJ76) | ... AS76: =IF(AS$3="","",AR76)
A77: 3 | B77: 投入残 | C77: 72 | D77: =IF(D75="","",(C77+C78)) -> 72 | E77: =IF(E75="","",(D77+D78)) -> 72 | F77: =IF(F75="","",(E77+E78)) -> 72 | G77: =IF(G75="","",(F77+F78)) -> 72 | H77: 70 | I77: =IF(I75="","",(H77+H78)) -> 70 | J77: =IF(J75="","",(I77+I78)) -> 70 | K77: =IF(K75="","",(J77+J78)) -> 70 | L77: =IF(L75="","",(K77+K78)) -> 70 | M77: =IF(M75="","",(L77+L78)) -> 70 | N77: =IF(N75="","",(M77+M78)) -> 70 | O77: 69 | P77: =IF(P75="","",(O77+O78)) -> 69 | Q77: =IF(Q75="","",(P77+P78)) -> 69 | R77: =IF(R75="","",(Q77+Q78)) -> 69 | S77: =IF(S75="","",(R77+R78)) -> 69 | T77: 68 | U77: =IF(U75="","",(T77+T78)) -> 116 | V77: 114 | W77: =IF(W75="","",(V77+V78)) -> 114 | X77: =IF(X75="","",(W77+W78)) -> 114 | Y77: =IF(Y75="","",(X77+X78)) -> 114 | Z77: =IF(Z75="","",(Y77+Y78)) -> 114 | AA77: =IF(AA75="","",(Z77+Z78)) -> 114 | AB77: =IF(AB75="","",(AA77+AA78)) -> 114 | AC77: 112 | AD77: =IF(AD75="","",(AC77+AC78)) | AE77: =IF(AE75="","",(AD77+AD78)) | AF77: =IF(AF75="","",(AE77+AE78)) | AG77: =IF(AG75="","",(AF77+AF78)) | AH77: =IF(AH75="","",(AG77+AG78)) | AI77: =IF(AI75="","",(AH77+AH78)) | AJ77: =IF(AJ75="","",(AI77+AI78)) | AK77: =IF(AK75="","",(AJ77+AJ78)) | ... AS77: =IF(AS75="","",(AR77+AR78))
B78: 補充 | T78: 48
B79: 単価 | C79: 150 | D79: =IF(D75="","",C79) -> 150 | E79: =IF(E75="","",D79) -> 150 | F79: =IF(F75="","",E79) -> 150 | G79: =IF(G75="","",F79) -> 150 | H79: =IF(H75="","",G79) -> 150 | I79: =IF(I75="","",H79) -> 150 | J79: =IF(J75="","",I79) -> 150 | K79: =IF(K75="","",J79) -> 150 | ... AS79: =IF(AS75="","",AR79)
A80: 月間予想 | B80: 景品名 | C80: AIモンスター | D80: =IF(D75="","",C80) -> AIモンスター | E80: =IF(E75="","",D80) -> AIモンスター | F80: =IF(F75="","",E80) -> AIモンスター | G80: =IF(G75="","",F80) -> AIモンスター | H80: =IF(H75="","",G80) -> AIモンスター | I80: =IF(I75="","",H80) -> AIモンスター | J80: =IF(J75="","",I80) -> AIモンスター | K80: =IF(K75="","",J80) -> AIモンスター | ... AS80: =IF(AS75="","",AR80)
A81: =AVERAGE(C82:AS82)*30*100 -> 27555.556 | B81: 設定
A82: =SUM(C82:AS82) -> 248 | B82: 百差 | C82: 0 | D82: =IF(D75="","",D75-C75) -> 0 | E82: =IF(E75="","",E75-D75) -> 3 | F82: =IF(F75="","",F75-E75) -> 0 | G82: =IF(G75="","",G75-F75) -> 0 | H82: =IF(H75="","",H75-G75) -> 76 | I82: =IF(I75="","",I75-H75) -> 0 | J82: =IF(J75="","",J75-I75) -> 0 | K82: =IF(K75="","",K75-J75) -> 0 | ... AS82: =IF(AS75="","",AS75-AR75)
A83: =SUM(C83:AS83) -> 8 | B83: P差 | C83: 0 | D83: =IF(D76="","",D76-C76) -> 0 | E83: =IF(E76="","",E76-D76) -> 0 | F83: =IF(F76="","",F76-E76) -> 0 | G83: =IF(G76="","",G76-F76) -> 0 | H83: =IF(H76="","",H76-G76) -> 2 | I83: =IF(I76="","",I76-H76) -> 0 | J83: =IF(J76="","",J76-I76) -> 0 | K83: =IF(K76="","",K76-J76) -> 0 | ... AS83: =IF(AS76="","",AS76-AR76)
A84: =SUM(C84:AS84) -> 8 | B84: 払出 | C84: 0 | D84: =IF(D77="","",C77+C78-D77) -> 0 | E84: =IF(E77="","",D77+D78-E77) -> 0 | F84: =IF(F77="","",E77+E78-F77) -> 0 | G84: =IF(G77="","",F77+F78-G77) -> 0 | H84: =IF(H77="","",G77+G78-H77) -> 2 | I84: =IF(I77="","",H77+H78-I77) -> 0 | J84: =IF(J77="","",I77+I78-J77) -> 0 | K84: =IF(K77="","",J77+J78-K77) -> 0 | ... AS84: =IF(AS77="","",AR77+AR78-AS77)
A85: =SUM(C85:AS85) -> 1200 | B85: 払出額 | C85: 0 | D85: =IF(D75="","",D84*D79) -> 0 | E85: =IF(E75="","",E84*E79) -> 0 | F85: =IF(F75="","",F84*F79) -> 0 | G85: =IF(G75="","",G84*G79) -> 0 | H85: =IF(H75="","",H84*H79) -> 300 | I85: =IF(I75="","",I84*I79) -> 0 | J85: =IF(J75="","",J84*J79) -> 0 | K85: =IF(K75="","",K84*K79) -> 0 | ... AS85: =IF(AS75="","",AS84*AS79)
A86: =IF(A85="","",A85/(A82*100)) -> 0.048387097 | B86: 原価率 | D86: =IF(D85="","",IF(D85=0,"",D85/(D82*100))) | E86: =IF(E85="","",IF(E85=0,"",E85/(E82*100))) | F86: =IF(F85="","",IF(F85=0,"",F85/(F82*100))) | G86: =IF(G85="","",IF(G85=0,"",G85/(G82*100))) | H86: =IF(H85="","",IF(H85=0,"",H85/(H82*100))) -> 0.039473684 | I86: =IF(I85="","",IF(I85=0,"",I85/(I82*100))) | J86: =IF(J85="","",IF(J85=0,"",J85/(J82*100))) | K86: =IF(K85="","",IF(K85=0,"",K85/(K82*100))) | ... AS86: =IF(AS85="","",IF(AS85=0,"",AS85/(AS82*100)))
