Workbook

Sheet クレーン佐賀八女
A1: =SUM(A9,A21,A33,A45,A57,A69,A81,A93,A105,A117,A129,A141,A153,A165,A177,A189,A201,A213,A225,A237,A249,A261,A273,A285,A297,A309,A321,A333,A345,A357,A369) -> 1013727.3 | B1: 日付 | C1: 46160 | D1: =C1+1 -> 46161 | E1: =D1+1 -> 46162 | F1: =E1+1 -> 46163 | G1: =F1+1 -> 46164 | H1: =G1+1 -> 46165 | I1: =H1+1 -> 46166 | J1: =I1+1 -> 46167 | K1: =J1+1 -> 46168 | ... BC1: =BB1+1 -> 46212
B2: =SUM(C2:AO2) -> 3717 | C2: 0 | D2: =SUM(D10,D22,D34,D46,D58,D70,D82,D94,D106,D118,D130,D142,D154,D166,D178,D190,D202,D214,D226,D238,D250,D262,D274,D286,D298,D310,D322,D334,D346,D358,D370) -> 0 | E2: =SUM(E10,E22,E34,E46,E58,E70,E82,E94,E106,E118,E130,E142,E154,E166,E178,E190,E202,E214,E226,E238,E250,E262,E274,E286,E298,E310,E322,E334,E346,E358,E370) -> 0 | F2: =SUM(F10,F22,F34,F46,F58,F70,F82,F94,F106,F118,F130,F142,F154,F166,F178,F190,F202,F214,F226,F238,F250,F262,F274,F286,F298,F310,F322,F334,F346,F358,F370) -> 1835 | G2: =SUM(G10,G22,G34,G46,G58,G70,G82,G94,G106,G118,G130,G142,G154,G166,G178,G190,G202,G214,G226,G238,G250,G262,G274,G286,G298,G310,G322,G334,G346,G358,G370) -> 0 | H2: =SUM(H10,H22,H34,H46,H58,H70,H82,H94,H106,H118,H130,H142,H154,H166,H178,H190,H202,H214,H226,H238,H250,H262,H274,H286,H298,H310,H322,H334,H346,H358,H370) -> 0 | I2: =SUM(I10,I22,I34,I46,I58,I70,I82,I94,I106,I118,I130,I142,I154,I166,I178,I190,I202,I214,I226,I238,I250,I262,I274,I286,I298,I310,I322,I334,I346,I358,I370) -> 1882 | J2: =SUM(J10,J22,J34,J46,J58,J70,J82,J94,J106,J118,J130,J142,J154,J166,J178,J190,J202,J214,J226,J238,J250,J262,J274,J286,J298,J310,J322,J334,J346,J358,J370) -> 0 | K2: =SUM(K10,K22,K34,K46,K58,K70,K82,K94,K106,K118,K130,K142,K154,K166,K178,K190,K202,K214,K226,K238,K250,K262,K274,K286,K298,K310,K322,K334,K346,K358,K370) -> 0 | ... BC2: =SUM(BC10,BC22,BC34,BC46,BC58,BC70,BC82,BC94,BC106,BC118,BC130,BC142,BC154,BC166,BC178,BC190,BC202,BC214,BC226,BC238,BC250,BC262,BC274,BC286,BC298,BC310,BC322,BC334,BC346,BC358,BC370) -> 0
A3: 八女 | B3: 100円 | C3: 33500 | D3: 33500 | E3: 33500 | F3: 33558 | G3: 33558 | H3: 33558 | I3: 33618 | J3: 33618 | K3: 33618 | L3: 33618 | M3: 33618
A4: クリスタル | B4: プライズ | C4: 1234 | D4: =IF(D$3="","",C4) -> 1234 | E4: =IF(E$3="","",D4) -> 1234 | F4: 1241 | G4: =IF(G$3="","",F4) -> 1241 | H4: =IF(H$3="","",G4) -> 1241 | I4: 1242 | J4: =IF(J$3="","",I4) -> 1242 | K4: =IF(K$3="","",J4) -> 1242 | L4: =IF(L$3="","",K4) -> 1242 | M4: =IF(M$3="","",L4) -> 1242 | N4: =IF(N$3="","",M4) | O4: =IF(O$3="","",N4) | P4: =IF(P$3="","",O4) | Q4: =IF(Q$3="","",P4) | ... BC4: =IF(BC$3="","",BB4)
B5: 投入残 | C5: 46 | D5: =IF(D3="","",(C5+C6)) -> 46 | E5: =IF(E3="","",(D5+D6)) -> 46 | F5: 39 | G5: =IF(G3="","",(F5+F6)) -> 39 | H5: =IF(H3="","",(G5+G6)) -> 39 | I5: 38 | J5: =IF(J3="","",(I5+I6)) -> 58 | K5: =IF(K3="","",(J5+J6)) -> 58 | L5: =IF(L3="","",(K5+K6)) -> 58 | M5: =IF(M3="","",(L5+L6)) -> 58 | N5: =IF(N3="","",(M5+M6)) | O5: =IF(O3="","",(N5+N6)) | P5: =IF(P3="","",(O5+O6)) | Q5: =IF(Q3="","",(P5+P6)) | ... BC5: =IF(BC3="","",(BB5+BB6))
B6: 補充 | I6: 20
B7: 単価 | C7: 300 | D7: =IF(D3="","",C7) -> 300 | E7: =IF(E3="","",D7) -> 300 | F7: =IF(F3="","",E7) -> 300 | G7: =IF(G3="","",F7) -> 300 | H7: =IF(H3="","",G7) -> 300 | I7: =IF(I3="","",H7) -> 300 | J7: =IF(J3="","",I7) -> 300 | K7: =IF(K3="","",J7) -> 300 | ... BC7: =IF(BC3="","",BB7)
A8: 月間予想 | B8: 景品名 | C8: フルーツスクイーズ | D8: =IF(D3="","",C8) -> フルーツスクイーズ | E8: =IF(E3="","",D8) -> フルーツスクイーズ | F8: =IF(F3="","",E8) -> フルーツスクイーズ | G8: =IF(G3="","",F8) -> フルーツスクイーズ | H8: =IF(H3="","",G8) -> フルーツスクイーズ | I8: =IF(I3="","",H8) -> フルーツスクイーズ | J8: =IF(J3="","",I8) -> フルーツスクイーズ | K8: =IF(K3="","",J8) -> フルーツスクイーズ | ... BC8: =IF(BC3="","",BB8)
A9: =AVERAGE(C10:AS10)*30*100 -> 32181.818 | B9: 設定
A10: =SUM(C10:AS10) -> 118 | B10: 百差 | C10: 0 | D10: =IF(D3="","",D3-C3) -> 0 | E10: =IF(E3="","",E3-D3) -> 0 | F10: =IF(F3="","",F3-E3) -> 58 | G10: =IF(G3="","",G3-F3) -> 0 | H10: =IF(H3="","",H3-G3) -> 0 | I10: =IF(I3="","",I3-H3) -> 60 | J10: =IF(J3="","",J3-I3) -> 0 | K10: =IF(K3="","",K3-J3) -> 0 | ... BC10: =IF(BC3="","",BC3-BB3)
A11: =SUM(C11:AS11) -> 8 | B11: P差 | C11: 0 | D11: =IF(D4="","",D4-C4) -> 0 | E11: =IF(E4="","",E4-D4) -> 0 | F11: =IF(F4="","",F4-E4) -> 7 | G11: =IF(G4="","",G4-F4) -> 0 | H11: =IF(H4="","",H4-G4) -> 0 | I11: =IF(I4="","",I4-H4) -> 1 | J11: =IF(J4="","",J4-I4) -> 0 | K11: =IF(K4="","",K4-J4) -> 0 | ... BC11: =IF(BC4="","",BC4-BB4)
A12: =SUM(C12:AS12) -> 8 | B12: 払出 | C12: 0 | D12: =IF(D5="","",C5+C6-D5) -> 0 | E12: =IF(E5="","",D5+D6-E5) -> 0 | F12: =IF(F5="","",E5+E6-F5) -> 7 | G12: =IF(G5="","",F5+F6-G5) -> 0 | H12: =IF(H5="","",G5+G6-H5) -> 0 | I12: =IF(I5="","",H5+H6-I5) -> 1 | J12: =IF(J5="","",I5+I6-J5) -> 0 | K12: =IF(K5="","",J5+J6-K5) -> 0 | ... BC12: =IF(BC5="","",BB5+BB6-BC5)
A13: =SUM(C13:AS13) -> 2400 | B13: 払出額 | C13: 0 | D13: =IF(D3="","",D12*D7) -> 0 | E13: =IF(E3="","",E12*E7) -> 0 | F13: =IF(F3="","",F12*F7) -> 2100 | G13: =IF(G3="","",G12*G7) -> 0 | H13: =IF(H3="","",H12*H7) -> 0 | I13: =IF(I3="","",I12*I7) -> 300 | J13: =IF(J3="","",J12*J7) -> 0 | K13: =IF(K3="","",K12*K7) -> 0 | ... BC13: =IF(BC3="","",BC12*BC7)
A14: =IF(A13="","",A13/(A10*100)) -> 0.20338983 | B14: 原価率 | D14: =IF(D13="","",IF(D13=0,"",D13/(D10*100))) | E14: =IF(E13="","",IF(E13=0,"",E13/(E10*100))) | F14: =IF(F13="","",IF(F13=0,"",F13/(F10*100))) -> 0.36206897 | G14: =IF(G13="","",IF(G13=0,"",G13/(G10*100))) | H14: =IF(H13="","",IF(H13=0,"",H13/(H10*100))) | I14: =IF(I13="","",IF(I13=0,"",I13/(I10*100))) -> 0.05 | J14: =IF(J13="","",IF(J13=0,"",J13/(J10*100))) | K14: =IF(K13="","",IF(K13=0,"",K13/(K10*100))) | ... BC14: =IF(BC13="","",IF(BC13=0,"",BC13/(BC10*100)))
A15: 八女 | B15: 100円 | C15: 28348 | D15: =IF(D$3="","",C15) -> 28348 | E15: =IF(E$3="","",D15) -> 28348 | F15: 28443 | G15: =IF(G$3="","",F15) -> 28443 | H15: =IF(H$3="","",G15) -> 28443 | I15: 28496 | J15: =IF(J$3="","",I15) -> 28496 | K15: =IF(K$3="","",J15) -> 28496 | L15: =IF(L$3="","",K15) -> 28496 | M15: =IF(M$3="","",L15) -> 28496 | N15: =IF(N$3="","",M15) | O15: =IF(O$3="","",N15) | P15: =IF(P$3="","",O15) | Q15: =IF(Q$3="","",P15) | ... BC15: =IF(BC$3="","",BB15)
A16: BUZZ＃1 | B16: プライズ | C16: 997 | D16: =IF(D$3="","",C16) -> 997 | E16: =IF(E$3="","",D16) -> 997 | F16: =IF(F$3="","",E16) -> 997 | G16: =IF(G$3="","",F16) -> 997 | H16: =IF(H$3="","",G16) -> 997 | I16: 998 | J16: =IF(J$3="","",I16) -> 998 | K16: =IF(K$3="","",J16) -> 998 | L16: =IF(L$3="","",K16) -> 998 | M16: =IF(M$3="","",L16) -> 998 | N16: =IF(N$3="","",M16) | O16: =IF(O$3="","",N16) | P16: =IF(P$3="","",O16) | Q16: =IF(Q$3="","",P16) | ... BC16: =IF(BC$3="","",BB16)
A17: 1 | B17: 投入残 | C17: 11 | D17: =IF(D15="","",(C17+C18)) -> 11 | E17: =IF(E15="","",(D17+D18)) -> 11 | F17: =IF(F15="","",(E17+E18)) -> 11 | G17: =IF(G15="","",(F17+F18)) -> 11 | H17: =IF(H15="","",(G17+G18)) -> 11 | I17: 10 | J17: =IF(J15="","",(I17+I18)) -> 10 | K17: =IF(K15="","",(J17+J18)) -> 10 | L17: =IF(L15="","",(K17+K18)) -> 10 | M17: =IF(M15="","",(L17+L18)) -> 10 | N17: =IF(N15="","",(M17+M18)) | O17: =IF(O15="","",(N17+N18)) | P17: =IF(P15="","",(O17+O18)) | Q17: =IF(Q15="","",(P17+P18)) | ... BC17: =IF(BC15="","",(BB17+BB18))
A18: 機械合計 | B18: 補充
A19: =+(A22+A34+A46+A58)*100 -> 69800 | B19: 単価 | C19: 1100 | D19: =IF(D15="","",C19) -> 1100 | E19: =IF(E15="","",D19) -> 1100 | F19: =IF(F15="","",E19) -> 1100 | G19: =IF(G15="","",F19) -> 1100 | H19: =IF(H15="","",G19) -> 1100 | I19: =IF(I15="","",H19) -> 1100 | J19: =IF(J15="","",I19) -> 1100 | K19: =IF(K15="","",J19) -> 1100 | ... BC19: =IF(BC15="","",BB19)
A20: 月間予想 | B20: 景品名 | C20: サンリオファン | D20: =IF(D15="","",C20) -> サンリオファン | E20: =IF(E15="","",D20) -> サンリオファン | F20: =IF(F15="","",E20) -> サンリオファン | G20: =IF(G15="","",F20) -> サンリオファン | H20: =IF(H15="","",G20) -> サンリオファン | I20: =IF(I15="","",H20) -> サンリオファン | J20: =IF(J15="","",I20) -> サンリオファン | K20: =IF(K15="","",J20) -> サンリオファン | ... BC20: =IF(BC15="","",BB20)
A21: =AVERAGE(C22:AS22)*30*100 -> 40363.636 | B21: 設定
A22: =SUM(C22:AS22) -> 148 | B22: 百差 | C22: 0 | D22: =IF(D15="","",D15-C15) -> 0 | E22: =IF(E15="","",E15-D15) -> 0 | F22: =IF(F15="","",F15-E15) -> 95 | G22: =IF(G15="","",G15-F15) -> 0 | H22: =IF(H15="","",H15-G15) -> 0 | I22: =IF(I15="","",I15-H15) -> 53 | J22: =IF(J15="","",J15-I15) -> 0 | K22: =IF(K15="","",K15-J15) -> 0 | ... BC22: =IF(BC15="","",BC15-BB15)
A23: =SUM(C23:AS23) -> 1 | B23: P差 | C23: 0 | D23: =IF(D16="","",D16-C16) -> 0 | E23: =IF(E16="","",E16-D16) -> 0 | F23: =IF(F16="","",F16-E16) -> 0 | G23: =IF(G16="","",G16-F16) -> 0 | H23: =IF(H16="","",H16-G16) -> 0 | I23: =IF(I16="","",I16-H16) -> 1 | J23: =IF(J16="","",J16-I16) -> 0 | K23: =IF(K16="","",K16-J16) -> 0 | ... BC23: =IF(BC16="","",BC16-BB16)
A24: =SUM(C24:AS24) -> 1 | B24: 払出 | C24: 0 | D24: =IF(D17="","",C17+C18-D17) -> 0 | E24: =IF(E17="","",D17+D18-E17) -> 0 | F24: =IF(F17="","",E17+E18-F17) -> 0 | G24: =IF(G17="","",F17+F18-G17) -> 0 | H24: =IF(H17="","",G17+G18-H17) -> 0 | I24: =IF(I17="","",H17+H18-I17) -> 1 | J24: =IF(J17="","",I17+I18-J17) -> 0 | K24: =IF(K17="","",J17+J18-K17) -> 0 | ... BC24: =IF(BC17="","",BB17+BB18-BC17)
A25: =SUM(C25:AS25) -> 1100 | B25: 払出額 | C25: 0 | D25: =IF(D15="","",D24*D19) -> 0 | E25: =IF(E15="","",E24*E19) -> 0 | F25: =IF(F15="","",F24*F19) -> 0 | G25: =IF(G15="","",G24*G19) -> 0 | H25: =IF(H15="","",H24*H19) -> 0 | I25: =IF(I15="","",I24*I19) -> 1100 | J25: =IF(J15="","",J24*J19) -> 0 | K25: =IF(K15="","",K24*K19) -> 0 | ... BC25: =IF(BC15="","",BC24*BC19)
A26: =IF(A25="","",A25/(A22*100)) -> 0.074324324 | B26: 原価率 | D26: =IF(D25="","",IF(D25=0,"",D25/(D22*100))) | E26: =IF(E25="","",IF(E25=0,"",E25/(E22*100))) | F26: =IF(F25="","",IF(F25=0,"",F25/(F22*100))) | G26: =IF(G25="","",IF(G25=0,"",G25/(G22*100))) | H26: =IF(H25="","",IF(H25=0,"",H25/(H22*100))) | I26: =IF(I25="","",IF(I25=0,"",I25/(I22*100))) -> 0.20754717 | J26: =IF(J25="","",IF(J25=0,"",J25/(J22*100))) | K26: =IF(K25="","",IF(K25=0,"",K25/(K22*100))) | ... BC26: =IF(BC25="","",IF(BC25=0,"",BC25/(BC22*100)))
A27: 八女 | B27: 100円 | C27: 21919 | D27: =IF(D$3="","",C27) -> 21919 | E27: =IF(E$3="","",D27) -> 21919 | F27: 22145 | G27: =IF(G$3="","",F27) -> 22145 | H27: =IF(H$3="","",G27) -> 22145 | I27: 22186 | J27: =IF(J$3="","",I27) -> 22186 | K27: =IF(K$3="","",J27) -> 22186 | L27: =IF(L$3="","",K27) -> 22186 | M27: =IF(M$3="","",L27) -> 22186 | N27: =IF(N$3="","",M27) | O27: =IF(O$3="","",N27) | P27: =IF(P$3="","",O27) | Q27: =IF(Q$3="","",P27) | ... BC27: =IF(BC$3="","",BB27)
A28: BUZZ＃1 | B28: プライズ | C28: 1001 | D28: =IF(D$3="","",C28) -> 1001 | E28: =IF(E$3="","",D28) -> 1001 | F28: 1011 | G28: =IF(G$3="","",F28) -> 1011 | H28: =IF(H$3="","",G28) -> 1011 | I28: 1017 | J28: =IF(J$3="","",I28) -> 1017 | K28: =IF(K$3="","",J28) -> 1017 | L28: =IF(L$3="","",K28) -> 1017 | M28: =IF(M$3="","",L28) -> 1017 | N28: =IF(N$3="","",M28) | O28: =IF(O$3="","",N28) | P28: =IF(P$3="","",O28) | Q28: =IF(Q$3="","",P28) | ... BC28: =IF(BC$3="","",BB28)
A29: 2 | B29: 投入残 | C29: 18 | D29: =IF(D27="","",(C29+C30)) -> 18 | E29: =IF(E27="","",(D29+D30)) -> 18 | F29: =IF(F27="","",(E29+E30)) -> 18 | G29: =IF(G27="","",(F29+F30)) -> 18 | H29: =IF(H27="","",(G29+G30)) -> 18 | I29: 17 | J29: =IF(J27="","",(I29+I30)) -> 17 | K29: =IF(K27="","",(J29+J30)) -> 17 | L29: =IF(L27="","",(K29+K30)) -> 17 | M29: =IF(M27="","",(L29+L30)) -> 17 | N29: =IF(N27="","",(M29+M30)) | O29: =IF(O27="","",(N29+N30)) | P29: =IF(P27="","",(O29+O30)) | Q29: =IF(Q27="","",(P29+P30)) | ... BC29: =IF(BC27="","",(BB29+BB30))
B30: 補充
B31: 単価 | C31: 500 | D31: =IF(D27="","",C31) -> 500 | E31: =IF(E27="","",D31) -> 500 | F31: =IF(F27="","",E31) -> 500 | G31: =IF(G27="","",F31) -> 500 | H31: =IF(H27="","",G31) -> 500 | I31: =IF(I27="","",H31) -> 500 | J31: =IF(J27="","",I31) -> 500 | K31: =IF(K27="","",J31) -> 500 | ... BC31: =IF(BC27="","",BB31)
A32: 月間予想 | B32: 景品名 | C32: サンリオデカぱっちん | D32: =IF(D27="","",C32) -> サンリオデカぱっちん | E32: =IF(E27="","",D32) -> サンリオデカぱっちん | F32: =IF(F27="","",E32) -> サンリオデカぱっちん | G32: =IF(G27="","",F32) -> サンリオデカぱっちん | H32: =IF(H27="","",G32) -> サンリオデカぱっちん | I32: =IF(I27="","",H32) -> サンリオデカぱっちん | J32: =IF(J27="","",I32) -> サンリオデカぱっちん | K32: =IF(K27="","",J32) -> サンリオデカぱっちん | ... BC32: =IF(BC27="","",BB32)
A33: =AVERAGE(C34:AS34)*30*100 -> 72818.182 | B33: 設定
A34: =SUM(C34:AS34) -> 267 | B34: 百差 | C34: 0 | D34: =IF(D27="","",D27-C27) -> 0 | E34: =IF(E27="","",E27-D27) -> 0 | F34: =IF(F27="","",F27-E27) -> 226 | G34: =IF(G27="","",G27-F27) -> 0 | H34: =IF(H27="","",H27-G27) -> 0 | I34: =IF(I27="","",I27-H27) -> 41 | J34: =IF(J27="","",J27-I27) -> 0 | K34: =IF(K27="","",K27-J27) -> 0 | ... BC34: =IF(BC27="","",BC27-BB27)
A35: =SUM(C35:AS35) -> 16 | B35: P差 | C35: 0 | D35: =IF(D28="","",D28-C28) -> 0 | E35: =IF(E28="","",E28-D28) -> 0 | F35: =IF(F28="","",F28-E28) -> 10 | G35: =IF(G28="","",G28-F28) -> 0 | H35: =IF(H28="","",H28-G28) -> 0 | I35: =IF(I28="","",I28-H28) -> 6 | J35: =IF(J28="","",J28-I28) -> 0 | K35: =IF(K28="","",K28-J28) -> 0 | ... BC35: =IF(BC28="","",BC28-BB28)
A36: =SUM(C36:AS36) -> 1 | B36: 払出 | C36: 0 | D36: =IF(D29="","",C29+C30-D29) -> 0 | E36: =IF(E29="","",D29+D30-E29) -> 0 | F36: =IF(F29="","",E29+E30-F29) -> 0 | G36: =IF(G29="","",F29+F30-G29) -> 0 | H36: =IF(H29="","",G29+G30-H29) -> 0 | I36: =IF(I29="","",H29+H30-I29) -> 1 | J36: =IF(J29="","",I29+I30-J29) -> 0 | K36: =IF(K29="","",J29+J30-K29) -> 0 | ... BC36: =IF(BC29="","",BB29+BB30-BC29)
A37: =SUM(C37:AS37) -> 500 | B37: 払出額 | C37: 0 | D37: =IF(D27="","",D36*D31) -> 0 | E37: =IF(E27="","",E36*E31) -> 0 | F37: =IF(F27="","",F36*F31) -> 0 | G37: =IF(G27="","",G36*G31) -> 0 | H37: =IF(H27="","",H36*H31) -> 0 | I37: =IF(I27="","",I36*I31) -> 500 | J37: =IF(J27="","",J36*J31) -> 0 | K37: =IF(K27="","",K36*K31) -> 0 | ... BC37: =IF(BC27="","",BC36*BC31)
A38: =IF(A37="","",A37/(A34*100)) -> 0.018726592 | B38: 原価率 | D38: =IF(D37="","",IF(D37=0,"",D37/(D34*100))) | E38: =IF(E37="","",IF(E37=0,"",E37/(E34*100))) | F38: =IF(F37="","",IF(F37=0,"",F37/(F34*100))) | G38: =IF(G37="","",IF(G37=0,"",G37/(G34*100))) | H38: =IF(H37="","",IF(H37=0,"",H37/(H34*100))) | I38: =IF(I37="","",IF(I37=0,"",I37/(I34*100))) -> 0.12195122 | J38: =IF(J37="","",IF(J37=0,"",J37/(J34*100))) | K38: =IF(K37="","",IF(K37=0,"",K37/(K34*100))) | ... BC38: =IF(BC37="","",IF(BC37=0,"",BC37/(BC34*100)))
A39: 八女 | B39: 100円 | C39: 22220 | D39: =IF(D$3="","",C39) -> 22220 | E39: =IF(E$3="","",D39) -> 22220 | F39: 22301 | G39: =IF(G$3="","",F39) -> 22301 | H39: =IF(H$3="","",G39) -> 22301 | I39: 22382 | J39: =IF(J$3="","",I39) -> 22382 | K39: =IF(K$3="","",J39) -> 22382 | L39: =IF(L$3="","",K39) -> 22382 | M39: =IF(M$3="","",L39) -> 22382 | N39: =IF(N$3="","",M39) | O39: =IF(O$3="","",N39) | P39: =IF(P$3="","",O39) | Q39: =IF(Q$3="","",P39) | ... BC39: =IF(BC$3="","",BB39)
A40: BUZZ＃1 | B40: プライズ | C40: 1045 | D40: =IF(D$3="","",C40) -> 1045 | E40: =IF(E$3="","",D40) -> 1045 | F40: 1052 | G40: =IF(G$3="","",F40) -> 1052 | H40: =IF(H$3="","",G40) -> 1052 | I40: 1055 | J40: =IF(J$3="","",I40) -> 1055 | K40: =IF(K$3="","",J40) -> 1055 | L40: =IF(L$3="","",K40) -> 1055 | M40: =IF(M$3="","",L40) -> 1055 | N40: =IF(N$3="","",M40) | O40: =IF(O$3="","",N40) | P40: =IF(P$3="","",O40) | Q40: =IF(Q$3="","",P40) | ... BC40: =IF(BC$3="","",BB40)
A41: 3 | B41: 投入残 | C41: 67 | D41: =IF(D39="","",(C41+C42)) -> 67 | E41: =IF(E39="","",(D41+D42)) -> 67 | F41: 60 | G41: =IF(G39="","",(F41+F42)) -> 60 | H41: =IF(H39="","",(G41+G42)) -> 60 | I41: 57 | J41: =IF(J39="","",(I41+I42)) -> 57 | K41: =IF(K39="","",(J41+J42)) -> 57 | L41: =IF(L39="","",(K41+K42)) -> 57 | M41: =IF(M39="","",(L41+L42)) -> 57 | N41: =IF(N39="","",(M41+M42)) | O41: =IF(O39="","",(N41+N42)) | P41: =IF(P39="","",(O41+O42)) | Q41: =IF(Q39="","",(P41+P42)) | ... BC41: =IF(BC39="","",(BB41+BB42))
B42: 補充
B43: 単価 | C43: 240 | D43: =IF(D39="","",C43) -> 240 | E43: =IF(E39="","",D43) -> 240 | F43: =IF(F39="","",E43) -> 240 | G43: =IF(G39="","",F43) -> 240 | H43: =IF(H39="","",G43) -> 240 | I43: =IF(I39="","",H43) -> 240 | J43: =IF(J39="","",I43) -> 240 | K43: =IF(K39="","",J43) -> 240 | ... BC43: =IF(BC39="","",BB43)
A44: 月間予想 | B44: 景品名 | C44: トロミスクイーズ | D44: =IF(D39="","",C44) -> トロミスクイーズ | E44: =IF(E39="","",D44) -> トロミスクイーズ | F44: =IF(F39="","",E44) -> トロミスクイーズ | G44: =IF(G39="","",F44) -> トロミスクイーズ | H44: =IF(H39="","",G44) -> トロミスクイーズ | I44: =IF(I39="","",H44) -> トロミスクイーズ | J44: =IF(J39="","",I44) -> トロミスクイーズ | K44: =IF(K39="","",J44) -> トロミスクイーズ | ... BC44: =IF(BC39="","",BB44)
A45: =AVERAGE(C46:AS46)*30*100 -> 44181.818 | B45: 設定
A46: =SUM(C46:AS46) -> 162 | B46: 百差 | C46: 0 | D46: =IF(D39="","",D39-C39) -> 0 | E46: =IF(E39="","",E39-D39) -> 0 | F46: =IF(F39="","",F39-E39) -> 81 | G46: =IF(G39="","",G39-F39) -> 0 | H46: =IF(H39="","",H39-G39) -> 0 | I46: =IF(I39="","",I39-H39) -> 81 | J46: =IF(J39="","",J39-I39) -> 0 | K46: =IF(K39="","",K39-J39) -> 0 | ... BC46: =IF(BC39="","",BC39-BB39)
A47: =SUM(C47:AS47) -> 10 | B47: P差 | C47: 0 | D47: =IF(D40="","",D40-C40) -> 0 | E47: =IF(E40="","",E40-D40) -> 0 | F47: =IF(F40="","",F40-E40) -> 7 | G47: =IF(G40="","",G40-F40) -> 0 | H47: =IF(H40="","",H40-G40) -> 0 | I47: =IF(I40="","",I40-H40) -> 3 | J47: =IF(J40="","",J40-I40) -> 0 | K47: =IF(K40="","",K40-J40) -> 0 | ... BC47: =IF(BC40="","",BC40-BB40)
A48: =SUM(C48:AS48) -> 10 | B48: 払出 | C48: 0 | D48: =IF(D41="","",C41+C42-D41) -> 0 | E48: =IF(E41="","",D41+D42-E41) -> 0 | F48: =IF(F41="","",E41+E42-F41) -> 7 | G48: =IF(G41="","",F41+F42-G41) -> 0 | H48: =IF(H41="","",G41+G42-H41) -> 0 | I48: =IF(I41="","",H41+H42-I41) -> 3 | J48: =IF(J41="","",I41+I42-J41) -> 0 | K48: =IF(K41="","",J41+J42-K41) -> 0 | ... BC48: =IF(BC41="","",BB41+BB42-BC41)
A49: =SUM(C49:AS49) -> 2400 | B49: 払出額 | C49: 0 | D49: =IF(D39="","",D48*D43) -> 0 | E49: =IF(E39="","",E48*E43) -> 0 | F49: =IF(F39="","",F48*F43) -> 1680 | G49: =IF(G39="","",G48*G43) -> 0 | H49: =IF(H39="","",H48*H43) -> 0 | I49: =IF(I39="","",I48*I43) -> 720 | J49: =IF(J39="","",J48*J43) -> 0 | K49: =IF(K39="","",K48*K43) -> 0 | ... BC49: =IF(BC39="","",BC48*BC43)
A50: =IF(A49="","",A49/(A46*100)) -> 0.14814815 | B50: 原価率 | D50: =IF(D49="","",IF(D49=0,"",D49/(D46*100))) | E50: =IF(E49="","",IF(E49=0,"",E49/(E46*100))) | F50: =IF(F49="","",IF(F49=0,"",F49/(F46*100))) -> 0.20740741 | G50: =IF(G49="","",IF(G49=0,"",G49/(G46*100))) | H50: =IF(H49="","",IF(H49=0,"",H49/(H46*100))) | I50: =IF(I49="","",IF(I49=0,"",I49/(I46*100))) -> 0.088888889 | J50: =IF(J49="","",IF(J49=0,"",J49/(J46*100))) | K50: =IF(K49="","",IF(K49=0,"",K49/(K46*100))) | ... BC50: =IF(BC49="","",IF(BC49=0,"",BC49/(BC46*100)))
A51: 八女 | B51: 100円 | C51: 18777 | D51: =IF(D$3="","",C51) -> 18777 | E51: =IF(E$3="","",D51) -> 18777 | F51: 18863 | G51: =IF(G$3="","",F51) -> 18863 | H51: =IF(H$3="","",G51) -> 18863 | I51: 18898 | J51: =IF(J$3="","",I51) -> 18898 | K51: =IF(K$3="","",J51) -> 18898 | L51: =IF(L$3="","",K51) -> 18898 | M51: =IF(M$3="","",L51) -> 18898 | N51: =IF(N$3="","",M51) | O51: =IF(O$3="","",N51) | P51: =IF(P$3="","",O51) | Q51: =IF(Q$3="","",P51) | ... BC51: =IF(BC$3="","",BB51)
A52: BUZZ＃1 | B52: プライズ | C52: 1685 | D52: =IF(D$3="","",C52) -> 1685 | E52: =IF(E$3="","",D52) -> 1685 | F52: 1689 | G52: =IF(G$3="","",F52) -> 1689 | H52: =IF(H$3="","",G52) -> 1689 | I52: 1690 | J52: =IF(J$3="","",I52) -> 1690 | K52: =IF(K$3="","",J52) -> 1690 | L52: =IF(L$3="","",K52) -> 1690 | M52: =IF(M$3="","",L52) -> 1690 | N52: =IF(N$3="","",M52) | O52: =IF(O$3="","",N52) | P52: =IF(P$3="","",O52) | Q52: =IF(Q$3="","",P52) | ... BC52: =IF(BC$3="","",BB52)
A53: 4 | B53: 投入残 | C53: 21 | D53: =IF(D51="","",(C53+C54)) -> 21 | E53: =IF(E51="","",(D53+D54)) -> 21 | F53: 17 | G53: =IF(G51="","",(F53+F54)) -> 17 | H53: =IF(H51="","",(G53+G54)) -> 17 | I53: =IF(I51="","",(H53+H54)) -> 17 | J53: =IF(J51="","",(I53+I54)) -> 37 | K53: =IF(K51="","",(J53+J54)) -> 37 | L53: =IF(L51="","",(K53+K54)) -> 37 | M53: =IF(M51="","",(L53+L54)) -> 37 | N53: =IF(N51="","",(M53+M54)) | ... BC53: =IF(BC51="","",(BB53+BB54))
B54: 補充 | I54: 20
B55: 単価 | C55: 240 | D55: =IF(D51="","",C55) -> 240 | E55: =IF(E51="","",D55) -> 240 | F55: =IF(F51="","",E55) -> 240 | G55: =IF(G51="","",F55) -> 240 | H55: =IF(H51="","",G55) -> 240 | I55: =IF(I51="","",H55) -> 240 | J55: =IF(J51="","",I55) -> 240 | K55: =IF(K51="","",J55) -> 240 | ... BC55: =IF(BC51="","",BB55)
A56: 月間予想 | B56: 景品名 | C56: レインボーバター | D56: =IF(D51="","",C56) -> レインボーバター | E56: =IF(E51="","",D56) -> レインボーバター | F56: =IF(F51="","",E56) -> レインボーバター | G56: =IF(G51="","",F56) -> レインボーバター | H56: =IF(H51="","",G56) -> レインボーバター | I56: =IF(I51="","",H56) -> レインボーバター | J56: =IF(J51="","",I56) -> レインボーバター | K56: =IF(K51="","",J56) -> レインボーバター | ... BC56: =IF(BC51="","",BB56)
A57: =AVERAGE(C58:AS58)*30*100 -> 33000 | B57: 設定
A58: =SUM(C58:AS58) -> 121 | B58: 百差 | C58: 0 | D58: =IF(D51="","",D51-C51) -> 0 | E58: =IF(E51="","",E51-D51) -> 0 | F58: =IF(F51="","",F51-E51) -> 86 | G58: =IF(G51="","",G51-F51) -> 0 | H58: =IF(H51="","",H51-G51) -> 0 | I58: =IF(I51="","",I51-H51) -> 35 | J58: =IF(J51="","",J51-I51) -> 0 | K58: =IF(K51="","",K51-J51) -> 0 | ... BC58: =IF(BC51="","",BC51-BB51)
A59: =SUM(C59:AS59) -> 5 | B59: P差 | C59: 0 | D59: =IF(D52="","",D52-C52) -> 0 | E59: =IF(E52="","",E52-D52) -> 0 | F59: =IF(F52="","",F52-E52) -> 4 | G59: =IF(G52="","",G52-F52) -> 0 | H59: =IF(H52="","",H52-G52) -> 0 | I59: =IF(I52="","",I52-H52) -> 1 | J59: =IF(J52="","",J52-I52) -> 0 | K59: =IF(K52="","",K52-J52) -> 0 | ... BC59: =IF(BC52="","",BC52-BB52)
A60: =SUM(C60:AS60) -> 4 | B60: 払出 | C60: 0 | D60: =IF(D53="","",C53+C54-D53) -> 0 | E60: =IF(E53="","",D53+D54-E53) -> 0 | F60: =IF(F53="","",E53+E54-F53) -> 4 | G60: =IF(G53="","",F53+F54-G53) -> 0 | H60: =IF(H53="","",G53+G54-H53) -> 0 | I60: =IF(I53="","",H53+H54-I53) -> 0 | J60: =IF(J53="","",I53+I54-J53) -> 0 | K60: =IF(K53="","",J53+J54-K53) -> 0 | ... BC60: =IF(BC53="","",BB53+BB54-BC53)
A61: =SUM(C61:AS61) -> 960 | B61: 払出額 | C61: 0 | D61: =IF(D51="","",D60*D55) -> 0 | E61: =IF(E51="","",E60*E55) -> 0 | F61: =IF(F51="","",F60*F55) -> 960 | G61: =IF(G51="","",G60*G55) -> 0 | H61: =IF(H51="","",H60*H55) -> 0 | I61: =IF(I51="","",I60*I55) -> 0 | J61: =IF(J51="","",J60*J55) -> 0 | K61: =IF(K51="","",K60*K55) -> 0 | ... BC61: =IF(BC51="","",BC60*BC55)
A62: =IF(A61="","",A61/(A58*100)) -> 0.079338843 | B62: 原価率 | D62: =IF(D61="","",IF(D61=0,"",D61/(D58*100))) | E62: =IF(E61="","",IF(E61=0,"",E61/(E58*100))) | F62: =IF(F61="","",IF(F61=0,"",F61/(F58*100))) -> 0.11162791 | G62: =IF(G61="","",IF(G61=0,"",G61/(G58*100))) | H62: =IF(H61="","",IF(H61=0,"",H61/(H58*100))) | I62: =IF(I61="","",IF(I61=0,"",I61/(I58*100))) | J62: =IF(J61="","",IF(J61=0,"",J61/(J58*100))) | K62: =IF(K61="","",IF(K61=0,"",K61/(K58*100))) | ... BC62: =IF(BC61="","",IF(BC61=0,"",BC61/(BC58*100)))
A63: 八女 | B63: 100円 | C63: 24397 | D63: =IF(D$3="","",C63) -> 24397 | E63: =IF(E$3="","",D63) -> 24397 | F63: 24432 | G63: =IF(G$3="","",F63) -> 24432 | H63: =IF(H$3="","",G63) -> 24432 | I63: 24496 | J63: =IF(J$3="","",I63) -> 24496 | K63: =IF(K$3="","",J63) -> 24496 | L63: =IF(L$3="","",K63) -> 24496 | M63: =IF(M$3="","",L63) -> 24496 | N63: =IF(N$3="","",M63) | O63: =IF(O$3="","",N63) | P63: =IF(P$3="","",O63) | Q63: =IF(Q$3="","",P63) | ... BC63: =IF(BC$3="","",BB63)
A64: BUZZ＃2 | B64: プライズ | C64: 1268 | D64: =IF(D$3="","",C64) -> 1268 | E64: =IF(E$3="","",D64) -> 1268 | F64: 1276 | G64: =IF(G$3="","",F64) -> 1276 | H64: =IF(H$3="","",G64) -> 1276 | I64: 1282 | J64: =IF(J$3="","",I64) -> 1282 | K64: =IF(K$3="","",J64) -> 1282 | L64: =IF(L$3="","",K64) -> 1282 | M64: =IF(M$3="","",L64) -> 1282 | N64: =IF(N$3="","",M64) | O64: =IF(O$3="","",N64) | P64: =IF(P$3="","",O64) | Q64: =IF(Q$3="","",P64) | ... BC64: =IF(BC$3="","",BB64)
A65: 1 | B65: 投入残 | C65: 18 | D65: =IF(D63="","",(C65+C66)) -> 18 | E65: =IF(E63="","",(D65+D66)) -> 18 | F65: 10 | G65: =IF(G63="","",(F65+F66)) -> 10 | H65: =IF(H63="","",(G65+G66)) -> 10 | I65: 4 | J65: =IF(J63="","",(I65+I66)) -> 14 | K65: =IF(K63="","",(J65+J66)) -> 14 | L65: =IF(L63="","",(K65+K66)) -> 14 | M65: =IF(M63="","",(L65+L66)) -> 14 | N65: =IF(N63="","",(M65+M66)) | O65: =IF(O63="","",(N65+N66)) | P65: =IF(P63="","",(O65+O66)) | Q65: =IF(Q63="","",(P65+P66)) | ... BC65: =IF(BC63="","",(BB65+BB66))
A66: 機械合計 | B66: 補充 | I66: 10
A67: =+(A70+A82+A94+A106)*100 -> 59700 | B67: 単価 | C67: 560 | D67: =IF(D63="","",C67) -> 560 | E67: =IF(E63="","",D67) -> 560 | F67: =IF(F63="","",E67) -> 560 | G67: =IF(G63="","",F67) -> 560 | H67: =IF(H63="","",G67) -> 560 | I67: =IF(I63="","",H67) -> 560 | J67: =IF(J63="","",I67) -> 560 | K67: =IF(K63="","",J67) -> 560 | ... BC67: =IF(BC63="","",BB67)
A68: 月間予想 | B68: 景品名 | C68: おかしなたまごっち | D68: =IF(D63="","",C68) -> おかしなたまごっち | E68: =IF(E63="","",D68) -> おかしなたまごっち | F68: =IF(F63="","",E68) -> おかしなたまごっち | G68: =IF(G63="","",F68) -> おかしなたまごっち | H68: =IF(H63="","",G68) -> おかしなたまごっち | I68: =IF(I63="","",H68) -> おかしなたまごっち | J68: =IF(J63="","",I68) -> おかしなたまごっち | K68: =IF(K63="","",J68) -> おかしなたまごっち | ... BC68: =IF(BC63="","",BB68)
A69: =AVERAGE(C70:AS70)*30*100 -> 27000 | B69: 設定 | C69: 16.6.6.18 | G69: 15.5.6.18 | J69: 15.5.6.18
A70: =SUM(C70:AS70) -> 99 | B70: 百差 | C70: 0 | D70: =IF(D63="","",D63-C63) -> 0 | E70: =IF(E63="","",E63-D63) -> 0 | F70: =IF(F63="","",F63-E63) -> 35 | G70: =IF(G63="","",G63-F63) -> 0 | H70: =IF(H63="","",H63-G63) -> 0 | I70: =IF(I63="","",I63-H63) -> 64 | J70: =IF(J63="","",J63-I63) -> 0 | K70: =IF(K63="","",K63-J63) -> 0 | ... BC70: =IF(BC63="","",BC63-BB63)
A71: =SUM(C71:AS71) -> 14 | B71: P差 | C71: 0 | D71: =IF(D64="","",D64-C64) -> 0 | E71: =IF(E64="","",E64-D64) -> 0 | F71: =IF(F64="","",F64-E64) -> 8 | G71: =IF(G64="","",G64-F64) -> 0 | H71: =IF(H64="","",H64-G64) -> 0 | I71: =IF(I64="","",I64-H64) -> 6 | J71: =IF(J64="","",J64-I64) -> 0 | K71: =IF(K64="","",K64-J64) -> 0 | ... BC71: =IF(BC64="","",BC64-BB64)
A72: =SUM(C72:AS72) -> 14 | B72: 払出 | C72: 0 | D72: =IF(D65="","",C65+C66-D65) -> 0 | E72: =IF(E65="","",D65+D66-E65) -> 0 | F72: =IF(F65="","",E65+E66-F65) -> 8 | G72: =IF(G65="","",F65+F66-G65) -> 0 | H72: =IF(H65="","",G65+G66-H65) -> 0 | I72: =IF(I65="","",H65+H66-I65) -> 6 | J72: =IF(J65="","",I65+I66-J65) -> 0 | K72: =IF(K65="","",J65+J66-K65) -> 0 | ... BC72: =IF(BC65="","",BB65+BB66-BC65)
A73: =SUM(C73:AS73) -> 7840 | B73: 払出額 | C73: 0 | D73: =IF(D63="","",D72*D67) -> 0 | E73: =IF(E63="","",E72*E67) -> 0 | F73: =IF(F63="","",F72*F67) -> 4480 | G73: =IF(G63="","",G72*G67) -> 0 | H73: =IF(H63="","",H72*H67) -> 0 | I73: =IF(I63="","",I72*I67) -> 3360 | J73: =IF(J63="","",J72*J67) -> 0 | K73: =IF(K63="","",K72*K67) -> 0 | ... BC73: =IF(BC63="","",BC72*BC67)
A74: =IF(A73="","",A73/(A70*100)) -> 0.79191919 | B74: 原価率 | D74: =IF(D73="","",IF(D73=0,"",D73/(D70*100))) | E74: =IF(E73="","",IF(E73=0,"",E73/(E70*100))) | F74: =IF(F73="","",IF(F73=0,"",F73/(F70*100))) -> 1.28 | G74: =IF(G73="","",IF(G73=0,"",G73/(G70*100))) | H74: =IF(H73="","",IF(H73=0,"",H73/(H70*100))) | I74: =IF(I73="","",IF(I73=0,"",I73/(I70*100))) -> 0.525 | J74: =IF(J73="","",IF(J73=0,"",J73/(J70*100))) | K74: =IF(K73="","",IF(K73=0,"",K73/(K70*100))) | ... BC74: =IF(BC73="","",IF(BC73=0,"",BC73/(BC70*100)))
A75: 八女 | B75: 100円 | C75: 19552 | D75: =IF(D$3="","",C75) -> 19552 | E75: =IF(E$3="","",D75) -> 19552 | F75: 19684 | G75: =IF(G$3="","",F75) -> 19684 | H75: =IF(H$3="","",G75) -> 19684 | I75: 19761 | J75: =IF(J$3="","",I75) -> 19761 | K75: =IF(K$3="","",J75) -> 19761 | L75: =IF(L$3="","",K75) -> 19761 | M75: =IF(M$3="","",L75) -> 19761 | N75: =IF(N$3="","",M75) | O75: =IF(O$3="","",N75) | P75: =IF(P$3="","",O75) | Q75: =IF(Q$3="","",P75) | ... BC75: =IF(BC$3="","",BB75)
A76: BUZZ＃2 | B76: プライズ | C76: 1240 | D76: =IF(D$3="","",C76) -> 1240 | E76: =IF(E$3="","",D76) -> 1240 | F76: 1248 | G76: =IF(G$3="","",F76) -> 1248 | H76: =IF(H$3="","",G76) -> 1248 | I76: 1254 | J76: =IF(J$3="","",I76) -> 1254 | K76: =IF(K$3="","",J76) -> 1254 | L76: =IF(L$3="","",K76) -> 1254 | M76: =IF(M$3="","",L76) -> 1254 | N76: =IF(N$3="","",M76) | O76: =IF(O$3="","",N76) | P76: =IF(P$3="","",O76) | Q76: =IF(Q$3="","",P76) | ... BC76: =IF(BC$3="","",BB76)
A77: 2 | B77: 投入残 | C77: 19 | D77: =IF(D75="","",(C77+C78)) -> 19 | E77: =IF(E75="","",(D77+D78)) -> 19 | F77: 16 | G77: =IF(G75="","",(F77+F78)) -> 19 | H77: =IF(H75="","",(G77+G78)) -> 19 | I77: 17 | J77: =IF(J75="","",(I77+I78)) -> 20 | K77: =IF(K75="","",(J77+J78)) -> 20 | L77: =IF(L75="","",(K77+K78)) -> 20 | M77: =IF(M75="","",(L77+L78)) -> 20 | N77: =IF(N75="","",(M77+M78)) | O77: =IF(O75="","",(N77+N78)) | P77: =IF(P75="","",(O77+O78)) | Q77: =IF(Q75="","",(P77+P78)) | ... BC77: =IF(BC75="","",(BB77+BB78))
B78: 補充 | F78: 3 | I78: 3
B79: 単価 | C79: 880 | D79: =IF(D75="","",C79) -> 880 | E79: =IF(E75="","",D79) -> 880 | F79: =IF(F75="","",E79) -> 880 | G79: =IF(G75="","",F79) -> 880 | H79: =IF(H75="","",G79) -> 880 | I79: =IF(I75="","",H79) -> 880 | J79: =IF(J75="","",I79) -> 880 | K79: =IF(K75="","",J79) -> 880 | ... BC79: =IF(BC75="","",BB79)
A80: 月間予想 | B80: 景品名 | C80: ベアブリック | D80: =IF(D75="","",C80) -> ベアブリック | E80: =IF(E75="","",D80) -> ベアブリック | F80: =IF(F75="","",E80) -> ベアブリック | G80: =IF(G75="","",F80) -> ベアブリック | H80: =IF(H75="","",G80) -> ベアブリック | I80: =IF(I75="","",H80) -> ベアブリック | J80: =IF(J75="","",I80) -> ベアブリック | K80: =IF(K75="","",J80) -> ベアブリック | ... BC80: =IF(BC75="","",BB80)
A81: =AVERAGE(C82:AS82)*30*100 -> 57000 | B81: 設定
A82: =SUM(C82:AS82) -> 209 | B82: 百差 | C82: 0 | D82: =IF(D75="","",D75-C75) -> 0 | E82: =IF(E75="","",E75-D75) -> 0 | F82: =IF(F75="","",F75-E75) -> 132 | G82: =IF(G75="","",G75-F75) -> 0 | H82: =IF(H75="","",H75-G75) -> 0 | I82: =IF(I75="","",I75-H75) -> 77 | J82: =IF(J75="","",J75-I75) -> 0 | K82: =IF(K75="","",K75-J75) -> 0 | ... BC82: =IF(BC75="","",BC75-BB75)
A83: =SUM(C83:AS83) -> 14 | B83: P差 | C83: 0 | D83: =IF(D76="","",D76-C76) -> 0 | E83: =IF(E76="","",E76-D76) -> 0 | F83: =IF(F76="","",F76-E76) -> 8 | G83: =IF(G76="","",G76-F76) -> 0 | H83: =IF(H76="","",H76-G76) -> 0 | I83: =IF(I76="","",I76-H76) -> 6 | J83: =IF(J76="","",J76-I76) -> 0 | K83: =IF(K76="","",K76-J76) -> 0 | ... BC83: =IF(BC76="","",BC76-BB76)
A84: =SUM(C84:AS84) -> 5 | B84: 払出 | C84: 0 | D84: =IF(D77="","",C77+C78-D77) -> 0 | E84: =IF(E77="","",D77+D78-E77) -> 0 | F84: =IF(F77="","",E77+E78-F77) -> 3 | G84: =IF(G77="","",F77+F78-G77) -> 0 | H84: =IF(H77="","",G77+G78-H77) -> 0 | I84: =IF(I77="","",H77+H78-I77) -> 2 | J84: =IF(J77="","",I77+I78-J77) -> 0 | K84: =IF(K77="","",J77+J78-K77) -> 0 | ... BC84: =IF(BC77="","",BB77+BB78-BC77)
A85: =SUM(C85:AS85) -> 4400 | B85: 払出額 | C85: 0 | D85: =IF(D75="","",D84*D79) -> 0 | E85: =IF(E75="","",E84*E79) -> 0 | F85: =IF(F75="","",F84*F79) -> 2640 | G85: =IF(G75="","",G84*G79) -> 0 | H85: =IF(H75="","",H84*H79) -> 0 | I85: =IF(I75="","",I84*I79) -> 1760 | J85: =IF(J75="","",J84*J79) -> 0 | K85: =IF(K75="","",K84*K79) -> 0 | ... BC85: =IF(BC75="","",BC84*BC79)
A86: =IF(A85="","",A85/(A82*100)) -> 0.21052632 | B86: 原価率 | D86: =IF(D85="","",IF(D85=0,"",D85/(D82*100))) | E86: =IF(E85="","",IF(E85=0,"",E85/(E82*100))) | F86: =IF(F85="","",IF(F85=0,"",F85/(F82*100))) -> 0.2 | G86: =IF(G85="","",IF(G85=0,"",G85/(G82*100))) | H86: =IF(H85="","",IF(H85=0,"",H85/(H82*100))) | I86: =IF(I85="","",IF(I85=0,"",I85/(I82*100))) -> 0.22857143 | J86: =IF(J85="","",IF(J85=0,"",J85/(J82*100))) | K86: =IF(K85="","",IF(K85=0,"",K85/(K82*100))) | ... BC86: =IF(BC85="","",IF(BC85=0,"",BC85/(BC82*100)))
A87: 八女 | B87: 100円 | C87: 21267 | D87: =IF(D$3="","",C87) -> 21267 | E87: =IF(E$3="","",D87) -> 21267 | F87: 21401 | G87: =IF(G$3="","",F87) -> 21401 | H87: =IF(H$3="","",G87) -> 21401 | I87: 21467 | J87: =IF(J$3="","",I87) -> 21467 | K87: =IF(K$3="","",J87) -> 21467 | L87: =IF(L$3="","",K87) -> 21467 | M87: =IF(M$3="","",L87) -> 21467 | N87: =IF(N$3="","",M87) | O87: =IF(O$3="","",N87) | P87: =IF(P$3="","",O87) | Q87: =IF(Q$3="","",P87) | ... BC87: =IF(BC$3="","",BB87)
A88: BUZZ＃2 | B88: プライズ | C88: 1709 | D88: =IF(D$3="","",C88) -> 1709 | E88: =IF(E$3="","",D88) -> 1709 | F88: 1711 | G88: =IF(G$3="","",F88) -> 1711 | H88: =IF(H$3="","",G88) -> 1711 | I88: 1716 | J88: =IF(J$3="","",I88) -> 1716 | K88: =IF(K$3="","",J88) -> 1716 | L88: =IF(L$3="","",K88) -> 1716 | M88: =IF(M$3="","",L88) -> 1716 | N88: =IF(N$3="","",M88) | O88: =IF(O$3="","",N88) | P88: =IF(P$3="","",O88) | Q88: =IF(Q$3="","",P88) | ... BC88: =IF(BC$3="","",BB88)
A89: 3 | B89: 投入残 | C89: 14 | D89: =IF(D87="","",(C89+C90)) -> 14 | E89: =IF(E87="","",(D89+D90)) -> 14 | F89: 12 | G89: =IF(G87="","",(F89+F90)) -> 14 | H89: =IF(H87="","",(G89+G90)) -> 14 | I89: 9 | J89: =IF(J87="","",(I89+I90)) -> 9 | K89: =IF(K87="","",(J89+J90)) -> 9 | L89: =IF(L87="","",(K89+K90)) -> 9 | M89: =IF(M87="","",(L89+L90)) -> 9 | N89: =IF(N87="","",(M89+M90)) | O89: =IF(O87="","",(N89+N90)) | P89: =IF(P87="","",(O89+O90)) | Q89: =IF(Q87="","",(P89+P90)) | ... BC89: =IF(BC87="","",(BB89+BB90))
B90: 補充 | F90: 2
B91: 単価 | C91: 181 | D91: =IF(D87="","",C91) -> 181 | E91: =IF(E87="","",D91) -> 181 | F91: =IF(F87="","",E91) -> 181 | G91: =IF(G87="","",F91) -> 181 | H91: =IF(H87="","",G91) -> 181 | I91: =IF(I87="","",H91) -> 181 | J91: =IF(J87="","",I91) -> 181 | K91: =IF(K87="","",J91) -> 181 | ... BC91: =IF(BC87="","",BB91)
A92: 月間予想 | B92: 景品名 | C92: ふわもちミニパンケーキ | D92: =IF(D87="","",C92) -> ふわもちミニパンケーキ | E92: =IF(E87="","",D92) -> ふわもちミニパンケーキ | F92: =IF(F87="","",E92) -> ふわもちミニパンケーキ | G92: =IF(G87="","",F92) -> ふわもちミニパンケーキ | H92: =IF(H87="","",G92) -> ふわもちミニパンケーキ | I92: =IF(I87="","",H92) -> ふわもちミニパンケーキ | J92: =IF(J87="","",I92) -> ふわもちミニパンケーキ | K92: =IF(K87="","",J92) -> ふわもちミニパンケーキ | ... BC92: =IF(BC87="","",BB92)
A93: =AVERAGE(C94:AS94)*30*100 -> 54545.455 | B93: 設定
A94: =SUM(C94:AS94) -> 200 | B94: 百差 | C94: 0 | D94: =IF(D87="","",D87-C87) -> 0 | E94: =IF(E87="","",E87-D87) -> 0 | F94: =IF(F87="","",F87-E87) -> 134 | G94: =IF(G87="","",G87-F87) -> 0 | H94: =IF(H87="","",H87-G87) -> 0 | I94: =IF(I87="","",I87-H87) -> 66 | J94: =IF(J87="","",J87-I87) -> 0 | K94: =IF(K87="","",K87-J87) -> 0 | ... BC94: =IF(BC87="","",BC87-BB87)
A95: =SUM(C95:AS95) -> 7 | B95: P差 | C95: 0 | D95: =IF(D88="","",D88-C88) -> 0 | E95: =IF(E88="","",E88-D88) -> 0 | F95: =IF(F88="","",F88-E88) -> 2 | G95: =IF(G88="","",G88-F88) -> 0 | H95: =IF(H88="","",H88-G88) -> 0 | I95: =IF(I88="","",I88-H88) -> 5 | J95: =IF(J88="","",J88-I88) -> 0 | K95: =IF(K88="","",K88-J88) -> 0 | ... BC95: =IF(BC88="","",BC88-BB88)
A96: =SUM(C96:AS96) -> 7 | B96: 払出 | C96: 0 | D96: =IF(D89="","",C89+C90-D89) -> 0 | E96: =IF(E89="","",D89+D90-E89) -> 0 | F96: =IF(F89="","",E89+E90-F89) -> 2 | G96: =IF(G89="","",F89+F90-G89) -> 0 | H96: =IF(H89="","",G89+G90-H89) -> 0 | I96: =IF(I89="","",H89+H90-I89) -> 5 | J96: =IF(J89="","",I89+I90-J89) -> 0 | K96: =IF(K89="","",J89+J90-K89) -> 0 | ... BC96: =IF(BC89="","",BB89+BB90-BC89)
A97: =SUM(C97:AS97) -> 1267 | B97: 払出額 | C97: 0 | D97: =IF(D87="","",D96*D91) -> 0 | E97: =IF(E87="","",E96*E91) -> 0 | F97: =IF(F87="","",F96*F91) -> 362 | G97: =IF(G87="","",G96*G91) -> 0 | H97: =IF(H87="","",H96*H91) -> 0 | I97: =IF(I87="","",I96*I91) -> 905 | J97: =IF(J87="","",J96*J91) -> 0 | K97: =IF(K87="","",K96*K91) -> 0 | ... BC97: =IF(BC87="","",BC96*BC91)
A98: =IF(A97="","",A97/(A94*100)) -> 0.06335 | B98: 原価率 | D98: =IF(D97="","",IF(D97=0,"",D97/(D94*100))) | E98: =IF(E97="","",IF(E97=0,"",E97/(E94*100))) | F98: =IF(F97="","",IF(F97=0,"",F97/(F94*100))) -> 0.027014925 | G98: =IF(G97="","",IF(G97=0,"",G97/(G94*100))) | H98: =IF(H97="","",IF(H97=0,"",H97/(H94*100))) | I98: =IF(I97="","",IF(I97=0,"",I97/(I94*100))) -> 0.13712121 | J98: =IF(J97="","",IF(J97=0,"",J97/(J94*100))) | K98: =IF(K97="","",IF(K97=0,"",K97/(K94*100))) | ... BC98: =IF(BC97="","",IF(BC97=0,"",BC97/(BC94*100)))
A99: 八女 | B99: 100円 | C99: 17991 | D99: =IF(D$3="","",C99) -> 17991 | E99: =IF(E$3="","",D99) -> 17991 | F99: 18054 | G99: =IF(G$3="","",F99) -> 18054 | H99: =IF(H$3="","",G99) -> 18054 | I99: 18080 | J99: =IF(J$3="","",I99) -> 18080 | K99: =IF(K$3="","",J99) -> 18080 | L99: =IF(L$3="","",K99) -> 18080 | M99: =IF(M$3="","",L99) -> 18080 | N99: =IF(N$3="","",M99) | O99: =IF(O$3="","",N99) | P99: =IF(P$3="","",O99) | Q99: =IF(Q$3="","",P99) | ... BC99: =IF(BC$3="","",BB99)
A100: BUZZ＃2 | B100: プライズ | C100: 1872 | D100: =IF(D$3="","",C100) -> 1872 | E100: =IF(E$3="","",D100) -> 1872 | F100: 1876 | G100: =IF(G$3="","",F100) -> 1876 | H100: =IF(H$3="","",G100) -> 1876 | I100: 1880 | J100: =IF(J$3="","",I100) -> 1880 | K100: =IF(K$3="","",J100) -> 1880 | L100: =IF(L$3="","",K100) -> 1880 | M100: =IF(M$3="","",L100) -> 1880 | N100: =IF(N$3="","",M100) | O100: =IF(O$3="","",N100) | P100: =IF(P$3="","",O100) | Q100: =IF(Q$3="","",P100) | ... BC100: =IF(BC$3="","",BB100)
...

Sheet ガチャ
B1: 日付 | C1: 46157 | D1: =C1+1 -> 46158 | E1: =D1+1 -> 46159 | F1: =E1+1 -> 46160 | G1: =F1+1 -> 46161 | H1: =G1+1 -> 46162 | I1: =H1+1 -> 46163 | J1: =I1+1 -> 46164 | K1: =J1+1 -> 46165 | ... AU1: =AT1+1 -> 46201
A2: 八女 | B2: 1000円 | C2: 6561 | D2: 6568 | E2: 6573 | F2: 6576 | G2: 6576 | H2: 6581 | I2: 6582 | J2: 6582 | K2: 6587 | L2: 6587 | M2: 6587 | N2: 6590 | O2: 6591
A3: ガチャコロ | B3: カプセル上 | C3: 1814 | D3: 1817 | E3: 1818 | F3: 1819 | G3: 1819 | H3: 1821 | I3: 1821 | J3: 1821 | K3: 1823 | L3: 1823 | M3: 1823 | N3: 1824 | O3: 1824
A4: =+A9*1000 -> 30000 | B4: カプセル下 | C4: 3201 | D4: 3202 | E4: 3205 | F4: 3206 | G4: 3206 | H4: 3207 | I4: 3208 | J4: 3208 | K4: 3209 | L4: 3209 | M4: 3209 | N4: 3210 | O4: 3211
A5: 月間予想 | B5: 補充
A6: =AVERAGE(C9:AS9)*30*1000 -> 75000 | B6: 単価
B7: 払出No
B8: 備考
A9: =SUM(C9:AS9) -> 30 | B9: 千差 | D9: =IF(D2="","",D2-C2) -> 7 | E9: =IF(E2="","",E2-D2) -> 5 | F9: =IF(F2="","",F2-E2) -> 3 | G9: =IF(G2="","",G2-F2) -> 0 | H9: =IF(H2="","",H2-G2) -> 5 | I9: =IF(I2="","",I2-H2) -> 1 | J9: =IF(J2="","",J2-I2) -> 0 | K9: =IF(K2="","",K2-J2) -> 5 | ... AU9: =IF(AU2="","",AU2-AT2)
A10: =SUM(C10:AS10) -> 10 | B10: CP上差 | D10: =IF(D3="","",D3-C3) -> 3 | E10: =IF(E3="","",E3-D3) -> 1 | F10: =IF(F3="","",F3-E3) -> 1 | G10: =IF(G3="","",G3-F3) -> 0 | H10: =IF(H3="","",H3-G3) -> 2 | I10: =IF(I3="","",I3-H3) -> 0 | J10: =IF(J3="","",J3-I3) -> 0 | K10: =IF(K3="","",K3-J3) -> 2 | ... AU10: =IF(AU3="","",AU3-AT3)
A11: =SUM(C11:AS11) -> 11 | B11: CP下差 | D11: =IF(D4="","",D4-C4) -> 1 | E11: =IF(E4="","",E4-D4) -> 3 | F11: =IF(F4="","",F4-E4) -> 1 | G11: =IF(G4="","",G4-F4) -> 0 | H11: =IF(H4="","",H4-G4) -> 1 | I11: =IF(I4="","",I4-H4) -> 1 | J11: =IF(J4="","",J4-I4) -> 0 | K11: =IF(K4="","",K4-J4) -> 1 | ... AE11: =IF(AE4="","",AE4-AD4) | AF11: 1 | AG11: =IF(AG4="","",AG4-AF4) | AH11: =IF(AH4="","",AH4-AG4) | AI11: =IF(AI4="","",AI4-AH4) | AJ11: =IF(AJ4="","",AJ4-AI4) | AK11: =IF(AK4="","",AK4-AJ4) | AL11: =IF(AL4="","",AL4-AK4) | AM11: =IF(AM4="","",AM4-AL4) | AN11: =IF(AN4="","",AN4-AM4) | ... AU11: =IF(AU4="","",AU4-AT4)
A12: =SUM(C12:AJ12) -> 0 | B12: 払出額
A13: =IF(A12="","",A12/(A9*100)) -> 0 | B13: 原価率

Sheet 集金
B1: 前回M | C1: 今回M | D1: 枚数 | F1: 千 | G1: 五百 | H1: 百 | I1: 金額 | K1: 立替
A2: 八女 | E2: =SUM(E3:E39) -> 4017 | L2: 両替機 | M2: メーター | O2: 途中両替
A3: ガチャコロ | B3: =MIN(ガチャ!2:2) -> 6561 | C3: =MAX(ガチャ!2:2) -> 6591 | D3: =C3-B3 -> 30 | E3: =D3*10 -> 300 | I3: =F3*1000 -> 0 | J3: =I3-E3*100 -> -30000 | L3: 千 | M3: 1006 | N3: =M3*1000 -> 1006000
A4: BUZZ1 | B4: =MIN(クレーン佐賀八女!A15:AR15) -> 28348 | C4: {=LOOKUP(2,1/(ISNUMBER(クレーン佐賀八女!B15:AS15)),クレーン佐賀八女!B15:AS15)} -> 28496 | D4: =C4-B4 -> 148 | E4: =SUM(D4:D7) -> 698 | I4: =F4*1000+G4*500+H4*100 -> 0 | J4: =I4-E4*100 -> -69800 | L4: 五百 | M4: 476 | N4: =M4*500 -> 238000
B5: =MIN(クレーン佐賀八女!A27:AR27) -> 21919 | C5: {=LOOKUP(2,1/(ISNUMBER(クレーン佐賀八女!B27:AS27)),クレーン佐賀八女!B27:AS27)} -> 22186 | D5: =C5-B5 -> 267 | L5: 百 | M5: 2440 | N5: =M5*100 -> 244000
B6: =MIN(クレーン佐賀八女!A39:AR39) -> 22220 | C6: {=LOOKUP(2,1/(ISNUMBER(クレーン佐賀八女!B39:AS39)),クレーン佐賀八女!B39:AS39)} -> 22382 | D6: =C6-B6 -> 162 | L6: 集金時実数
B7: =MIN(クレーン佐賀八女!A51:AR51) -> 18777 | C7: {=LOOKUP(2,1/(ISNUMBER(クレーン佐賀八女!B51:AS51)),クレーン佐賀八女!B51:AS51)} -> 18898 | D7: =C7-B7 -> 121 | L7: 千 | N7: =M7*1000 -> 0
A8: クリスタル | B8: =MIN(クレーン佐賀八女!A3:AR3) -> 33500 | C8: {=LOOKUP(2,1/(ISNUMBER(クレーン佐賀八女!B3:AS3)),クレーン佐賀八女!B3:AS3)} -> 33618 | D8: =C8-B8 -> 118 | E8: =SUM(D8) -> 118 | I8: =F8*1000+G8*500+H8*100 -> 0 | J8: =I8-E8*100 -> -11800 | L8: 五百 | N8: =M8*500 -> 0
A9: BUZZ２ | B9: =MIN(クレーン佐賀八女!A63:AR63) -> 24397 | C9: {=LOOKUP(2,1/(ISNUMBER(クレーン佐賀八女!B63:AS63)),クレーン佐賀八女!B63:AS63)} -> 24496 | D9: =C9-B9 -> 99 | E9: =SUM(D9:D12) -> 597 | I9: =F9*1000+G9*500+H9*100 -> 0 | J9: =I9-E9*100 -> -59700 | L9: 百残り | N9: =M9*100 -> 0
B10: =MIN(クレーン佐賀八女!A75:AR75) -> 19552 | C10: {=LOOKUP(2,1/(ISNUMBER(クレーン佐賀八女!B75:AS75)),クレーン佐賀八女!B75:AS75)} -> 19761 | D10: =C10-B10 -> 209 | L10: 集金後
B11: =MIN(クレーン佐賀八女!A87:AR87) -> 21267 | C11: {=LOOKUP(2,1/(ISNUMBER(クレーン佐賀八女!B87:AS87)),クレーン佐賀八女!B87:AS87)} -> 21467 | D11: =C11-B11 -> 200 | I11: =F11*1000+G11*500+H11*100 -> 0 | J11: =I11-E11*100 -> 0 | L11: 千 | N11: =M11*1000 -> 0
B12: =MIN(クレーン佐賀八女!A99:AR99) -> 17991 | C12: {=LOOKUP(2,1/(ISNUMBER(クレーン佐賀八女!B99:AS99)),クレーン佐賀八女!B99:AS99)} -> 18080 | D12: =C12-B12 -> 89 | L12: 五百 | N12: =M12*500 -> 0
A13: BUZZ3 | B13: =MIN(クレーン佐賀八女!A111:AR111) -> 7997 | C13: {=LOOKUP(2,1/(ISNUMBER(クレーン佐賀八女!B111:AS111)),クレーン佐賀八女!B111:AS111)} -> 8021 | D13: =C13-B13 -> 24 | E13: =SUM(D13:D16) -> 212 | I13: =F13*1000+G13*500+H13*100 -> 0 | J13: =I13-E13*100 -> -21200 | L13: 百 | M13: 2000 | N13: =M13*100 -> 200000 | O13: 両替金
B14: =MIN(クレーン佐賀八女!A123:AR123) -> 11553 | C14: {=LOOKUP(2,1/(ISNUMBER(クレーン佐賀八女!B123:AS123)),クレーン佐賀八女!B123:AS123)} -> 11604 | D14: =C14-B14 -> 51 | N14: =SUM(N11:N13) -> 200000 | O14: 200000
B15: =MIN(クレーン佐賀八女!A135:AR135) -> 7938 | C15: {=LOOKUP(2,1/(ISNUMBER(クレーン佐賀八女!B135:AS135)),クレーン佐賀八女!B135:AS135)} -> 8053 | D15: =C15-B15 -> 115 | I15: =F15*1000+G15*500+H15*100 -> 0 | J15: =I15-E15*100 -> 0
B16: =MIN(クレーン佐賀八女!A147:AR147) -> 9161 | C16: {=LOOKUP(2,1/(ISNUMBER(クレーン佐賀八女!B147:AS147)),クレーン佐賀八女!B147:AS147)} -> 9183 | D16: =C16-B16 -> 22
A17: Buzzミニ | B17: =MIN(クレーン佐賀八女!A159:AR159) -> 26427 | C17: {=LOOKUP(2,1/(ISNUMBER(クレーン佐賀八女!B159:AS159)),クレーン佐賀八女!B159:AS159)} -> 27236 | D17: =C17-B17 -> 809 | E17: =SUM(D17) -> 809 | I17: =F17*1000+G17*500+H17*100 -> 0 | J17: =I17-E17*100 -> -80900
A18: Buzzミニ | B18: =MIN(クレーン佐賀八女!A171:AR171) -> 14373 | C18: {=LOOKUP(2,1/(ISNUMBER(クレーン佐賀八女!B171:AS171)),クレーン佐賀八女!B171:AS171)} -> 14413 | D18: =C18-B18 -> 40 | E18: =SUM(D18) -> 40 | I18: =F18*1000+G18*500+H18*100 -> 0 | J18: =I18-E18*100 -> -4000
A19: Buzzミニ | B19: =MIN(クレーン佐賀八女!183:183) -> 6478 | C19: =MAX(クレーン佐賀八女!183:183) -> 6932 | D19: =C19-B19 -> 454 | E19: =SUM(D19) -> 454 | I19: =F19*1000+G19*500+H19*100 -> 0 | J19: =I19-E19*100 -> -45400
A20: BUZZ4 | B20: =MIN(クレーン佐賀八女!195:195) -> 0 | C20: =MAX(クレーン佐賀八女!195:195) -> 139 | D20: =C20-B20 -> 139 | E20: =SUM(D20:D23) -> 248 | I20: =F20*1000+G20*500+H20*100 -> 0 | J20: =I20-E20*100 -> -24800
B21: =MIN(クレーン佐賀八女!207:207) -> 0 | C21: =MAX(クレーン佐賀八女!207:207) -> 22 | D21: =C21-B21 -> 22
B22: =MIN(クレーン佐賀八女!A219:AR219) -> 0 | C22: =MAX(クレーン佐賀八女!B219:AS219) -> 42 | D22: =C22-B22 -> 42 | I22: =F22*1000+G22*500+H22*100 -> 0 | J22: =I22-E22*100 -> 0
B23: =MIN(クレーン佐賀八女!A231:AR231) -> 0 | C23: =MAX(クレーン佐賀八女!B231:AS231) -> 45 | D23: =C23-B23 -> 45
A24: BUZZ5 | B24: =MIN(クレーン佐賀八女!A243:AR243) -> 0 | C24: =MAX(クレーン佐賀八女!B243:AS243) -> 9 | D24: =C24-B24 -> 9 | E24: =SUM(D24:D27) -> 141 | I24: =F24*1000+G24*500+H24*100 -> 0 | J24: =I24-E24*100 -> -14100
B25: =MIN(クレーン佐賀八女!A255:AR255) -> 0 | C25: =MAX(クレーン佐賀八女!B255:AS255) -> 59 | D25: =C25-B25 -> 59
B26: =MIN(クレーン佐賀八女!A267:AR267) -> 0 | C26: =MAX(クレーン佐賀八女!B267:AS267) -> 44 | D26: =C26-B26 -> 44 | I26: =F26*1000+G26*500+H26*100 -> 0 | J26: =I26-E26*100 -> 0
B27: =MIN(クレーン佐賀八女!A279:AR279) -> 0 | C27: =MAX(クレーン佐賀八女!B279:AS279) -> 29 | D27: =C27-B27 -> 29
A28: BUZZ6 | B28: =MIN(クレーン佐賀八女!A291:AR291) -> 0 | C28: =MAX(クレーン佐賀八女!B291:AS291) -> 42 | D28: =C28-B28 -> 42 | E28: =SUM(D28:D31) -> 151 | I28: =F28*1000+G28*500+H28*100 -> 0 | J28: =I28-E28*100 -> -15100
B29: =MIN(クレーン佐賀八女!A303:AR303) -> 0 | C29: =MAX(クレーン佐賀八女!B303:AS303) -> 12 | D29: =C29-B29 -> 12
B30: =MIN(クレーン佐賀八女!A315:AR315) -> 0 | C30: =MAX(クレーン佐賀八女!B315:AS315) -> 19 | D30: =C30-B30 -> 19 | I30: =F30*1000+G30*500+H30*100 -> 0 | J30: =I30-E30*100 -> 0
B31: =MIN(クレーン佐賀八女!A327:AR327) -> 0 | C31: =MAX(クレーン佐賀八女!B327:AS327) -> 78 | D31: =C31-B31 -> 78
A32: Buzzミニ | B32: =MIN(クレーン佐賀八女!339:339) -> 237 | C32: =MAX(クレーン佐賀八女!339:339) -> 327 | D32: =C32-B32 -> 90 | E32: =SUM(D32) -> 90 | I32: =F32*1000+G32*500+H32*100 -> 0 | J32: =I32-E32*100 -> -9000
A33: Buzzミニ | B33: =MIN(クレーン佐賀八女!351:351) -> 230 | C33: =MAX(クレーン佐賀八女!351:351) -> 332 | D33: =C33-B33 -> 102 | E33: =SUM(D33) -> 102 | I33: =F33*1000+G33*500+H33*100 -> 0 | J33: =I33-E33*100 -> -10200
A34: Buzzミニ | B34: =MIN(クレーン佐賀八女!363:363) -> 230 | C34: =MAX(クレーン佐賀八女!363:363) -> 287 | D34: =C34-B34 -> 57 | E34: =SUM(D34:D51) -> 57 | I34: =F34*1000+G34*500+H34*100 -> 0 | J34: =I34-E34*100 -> -5700
I35: =SUM(I3:I19) -> 0

Sheet Sheet1
B1: 日付 | C1: 46129 | D1: =C1+1 -> 46130 | E1: =D1+1 -> 46131 | F1: =E1+1 -> 46132 | G1: =F1+1 -> 46133 | H1: =G1+1 -> 46134 | I1: =H1+1 -> 46135 | J1: =I1+1 -> 46136 | K1: =J1+1 -> 46137 | ... AU1: =AT1+1 -> 46173
A2: 八女 | B2: 1000円 | C2: 6380 | D2: 6380 | E2: 6394 | F2: 6400 | G2: 6409 | H2: 6413 | I2: 6416 | J2: 6416 | K2: 6422 | L2: 6447 | M2: 6452 | N2: 6461 | O2: 6466 | P2: 6467 | Q2: 6468 | R2: 6475 | S2: 6486 | T2: 6492 | U2: 6498 | V2: 6517 | W2: 6518 | X2: 6525 | Y2: 6527 | Z2: 6542 | AA2: 6545 | AB2: 6553 | AC2: 6555 | AD2: 6555 | AE2: 6561 | AF2: 6568 | AG2: 6573 | AH2: 6576 | AI2: 6576 | AJ2: 6581 | AK2: 6582 | AL2: 6582 | AM2: 6587
A3: ガチャコロ | B3: カプセル上 | C3: 1772 | D3: 1772 | E3: 1774 | F3: 1774 | G3: 1775 | H3: 1776 | I3: 1776 | J3: 1776 | K3: 1777 | L3: 1782 | M3: 1783 | N3: 1787 | O3: 1789 | P3: 1789 | Q3: 1789 | R3: 1791 | S3: 1793 | T3: 1795 | U3: 1795 | V3: 1801 | W3: 1801 | X3: 1804 | Y3: 1804 | Z3: 1807 | AA3: 1807 | AB3: 1811 | AC3: 1812 | AD3: 1812 | AE3: 1814 | AF3: 1817 | AG3: 1818 | AH3: 1819 | AI3: 1819 | AJ3: 1821 | AK3: 1821 | AL3: 1821 | AM3: 1823
A4: =+A9*1000 -> 207000 | B4: カプセル下 | C4: 3106 | D4: 3106 | E4: 3115 | F4: 3121 | G4: 3128 | H4: 3129 | I4: 3132 | J4: 3132 | K4: 3136 | L4: 3151 | M4: 3154 | N4: 3155 | O4: 3156 | P4: 3157 | Q4: 3158 | R4: 3161 | S4: 3168 | T4: 3170 | U4: 3176 | V4: 3183 | W4: 3184 | X4: 3185 | Y4: 3187 | Z4: 3196 | AA4: 3199 | AB4: 3199 | AC4: 3199 | AD4: 3199 | AE4: 3201 | AF4: 3202 | AG4: 3205 | AH4: 3206 | AI4: 3206 | AJ4: 3207 | AK4: 3208 | AL4: 3208 | AM4: 3209
A5: 月間予想 | B5: 補充
A6: =AVERAGE(C9:AS9)*30*1000 -> 172500 | B6: 単価
B7: 払出No
B8: 備考
A9: =SUM(C9:AS9) -> 207 | B9: 千差 | D9: =IF(D2="","",D2-C2) -> 0 | E9: =IF(E2="","",E2-D2) -> 14 | F9: =IF(F2="","",F2-E2) -> 6 | G9: =IF(G2="","",G2-F2) -> 9 | H9: =IF(H2="","",H2-G2) -> 4 | I9: =IF(I2="","",I2-H2) -> 3 | J9: =IF(J2="","",J2-I2) -> 0 | K9: =IF(K2="","",K2-J2) -> 6 | ... AU9: =IF(AU2="","",AU2-AT2)
A10: =SUM(C10:AS10) -> 51 | B10: CP上差 | D10: =IF(D3="","",D3-C3) -> 0 | E10: =IF(E3="","",E3-D3) -> 2 | F10: =IF(F3="","",F3-E3) -> 0 | G10: =IF(G3="","",G3-F3) -> 1 | H10: =IF(H3="","",H3-G3) -> 1 | I10: =IF(I3="","",I3-H3) -> 0 | J10: =IF(J3="","",J3-I3) -> 0 | K10: =IF(K3="","",K3-J3) -> 1 | ... AU10: =IF(AU3="","",AU3-AT3)
A11: =SUM(C11:AS11) -> 103 | B11: CP下差 | D11: =IF(D4="","",D4-C4) -> 0 | E11: =IF(E4="","",E4-D4) -> 9 | F11: =IF(F4="","",F4-E4) -> 6 | G11: =IF(G4="","",G4-F4) -> 7 | H11: =IF(H4="","",H4-G4) -> 1 | I11: =IF(I4="","",I4-H4) -> 3 | J11: =IF(J4="","",J4-I4) -> 0 | K11: =IF(K4="","",K4-J4) -> 4 | ... AE11: =IF(AE4="","",AE4-AD4) -> 2 | AF11: 1 | AG11: =IF(AG4="","",AG4-AF4) -> 3 | AH11: =IF(AH4="","",AH4-AG4) -> 1 | AI11: =IF(AI4="","",AI4-AH4) -> 0 | AJ11: =IF(AJ4="","",AJ4-AI4) -> 1 | AK11: =IF(AK4="","",AK4-AJ4) -> 1 | AL11: =IF(AL4="","",AL4-AK4) -> 0 | AM11: =IF(AM4="","",AM4-AL4) -> 1 | AN11: =IF(AN4="","",AN4-AM4) | ... AU11: =IF(AU4="","",AU4-AT4)
A12: =SUM(C12:AJ12) -> 0 | B12: 払出額
A13: =IF(A12="","",A12/(A9*100)) -> 0 | B13: 原価率
A14: =SUM(A22,A34,A46,A58,A70,A82,A94,A106,A118,A130,A142,A154,A166,A178,A190,A202) -> 1546497.5 | B14: 日付 | C14: 46129 | D14: =C14+1 -> 46130 | E14: =D14+1 -> 46131 | F14: =E14+1 -> 46132 | G14: =F14+1 -> 46133 | H14: =G14+1 -> 46134 | I14: =H14+1 -> 46135 | J14: =I14+1 -> 46136 | K14: =J14+1 -> 46137 | ... BC14: =BB14+1 -> 46181
B15: =SUM(C15:AO15) -> 17989 | C15: 450 | D15: =SUM(D23,D35,D47,D59,D71,D83,D95,D107,D119,D131,D143,D155,D167,D179,D191,D203) -> 0 | E15: =SUM(E23,E35,E47,E59,E71,E83,E95,E107,E119,E131,E143,E155,E167,E179,E191,E203) -> 1630 | F15: =SUM(F23,F35,F47,F59,F71,F83,F95,F107,F119,F131,F143,F155,F167,F179,F191,F203) -> 0 | G15: =SUM(G23,G35,G47,G59,G71,G83,G95,G107,G119,G131,G143,G155,G167,G179,G191,G203) -> 0 | H15: =SUM(H23,H35,H47,H59,H71,H83,H95,H107,H119,H131,H143,H155,H167,H179,H191,H203) -> 0 | I15: =SUM(I23,I35,I47,I59,I71,I83,I95,I107,I119,I131,I143,I155,I167,I179,I191,I203) -> 1113 | J15: =SUM(J23,J35,J47,J59,J71,J83,J95,J107,J119,J131,J143,J155,J167,J179,J191,J203) -> 0 | K15: =SUM(K23,K35,K47,K59,K71,K83,K95,K107,K119,K131,K143,K155,K167,K179,K191,K203) -> 0 | ... BC15: =SUM(BC23,BC35,BC47,BC59,BC71,BC83,BC95,BC107,BC119,BC131,BC143,BC155,BC167,BC179,BC191,BC203) -> 0
A16: 八女 | B16: 100円 | C16: 32769 | D16: 32769 | E16: 32823 | F16: 32823 | G16: 32823 | H16: 32823 | I16: 32879 | J16: 32879 | K16: 32879 | L16: 32983 | M16: 32983 | N16: 32983 | O16: 33062 | P16: 33062 | Q16: 33062 | R16: 33156 | S16: 33156 | T16: 33256 | U16: 33256 | V16: 33256 | W16: 33287 | X16: 33287 | Y16: 33287 | Z16: 33373 | AA16: 33373 | AB16: 33373 | AC16: 33373 | AD16: 33448 | AE16: 33448 | AF16: 33448 | AG16: 33500 | AH16: 33500 | AI16: 33500 | AJ16: 33500 | AK16: 33558
A17: クリスタル | B17: プライズ | C17: 1181 | D17: =IF(D$16="","",C17) -> 1181 | E17: 1182 | F17: =IF(F$16="","",E17) -> 1182 | G17: =IF(G$16="","",F17) -> 1182 | H17: =IF(H$16="","",G17) -> 1182 | I17: 1183 | J17: =IF(J$16="","",I17) -> 1183 | K17: =IF(K$16="","",J17) -> 1183 | L17: 1192 | M17: =IF(M$16="","",L17) -> 1192 | N17: =IF(N$16="","",M17) -> 1192 | O17: 1200 | P17: =IF(P$16="","",O17) -> 1200 | Q17: =IF(Q$16="","",P17) -> 1200 | R17: 1209 | S17: =IF(S$16="","",R17) -> 1209 | T17: 1215 | U17: =IF(U$16="","",T17) -> 1215 | V17: =IF(V$16="","",U17) -> 1215 | W17: 1217 | X17: =IF(X$16="","",W17) -> 1217 | Y17: =IF(Y$16="","",X17) -> 1217 | Z17: 1223 | AA17: =IF(AA$16="","",Z17) -> 1223 | AB17: =IF(AB$16="","",AA17) -> 1223 | AC17: =IF(AC$16="","",AB17) -> 1223 | AD17: 1228 | AE17: =IF(AE$16="","",AD17) -> 1228 | AF17: =IF(AF$16="","",AE17) -> 1228 | AG17: 1234 | AH17: =IF(AH$16="","",AG17) -> 1234 | AI17: =IF(AI$16="","",AH17) -> 1234 | AJ17: =IF(AJ$16="","",AI17) -> 1234 | AK17: 1241 | AL17: =IF(AL$16="","",AK17) | AM17: =IF(AM$16="","",AL17) | AN17: =IF(AN$16="","",AM17) | AO17: =IF(AO$16="","",AN17) | AP17: =IF(AP$16="","",AO17) | AQ17: =IF(AQ$16="","",AP17) | AR17: =IF(AR$16="","",AQ17) | AS17: =IF(AS$16="","",AR17) | ... BC17: =IF(BC$16="","",BB17)
B18: 投入残 | C18: 23 | D18: =IF(D16="","",(C18+C19)) -> 23 | E18: 22 | F18: =IF(F16="","",(E18+E19)) -> 22 | G18: =IF(G16="","",(F18+F19)) -> 22 | H18: =IF(H16="","",(G18+G19)) -> 22 | I18: 21 | J18: =IF(J16="","",(I18+I19)) -> 37 | K18: =IF(K16="","",(J18+J19)) -> 37 | L18: 33 | M18: =IF(M16="","",(L18+L19)) -> 33 | N18: =IF(N16="","",(M18+M19)) -> 33 | O18: 29 | P18: =IF(P16="","",(O18+O19)) -> 44 | Q18: =IF(Q16="","",(P18+P19)) -> 44 | R18: 39 | S18: =IF(S16="","",(R18+R19)) -> 39 | T18: 33 | U18: =IF(U16="","",(T18+T19)) -> 33 | V18: =IF(V16="","",(U18+U19)) -> 33 | W18: =IF(W16="","",(V18+V19)) -> 33 | X18: =IF(X16="","",(W18+W19)) -> 63 | Y18: =IF(Y16="","",(X18+X19)) -> 63 | Z18: 57 | AA18: =IF(AA16="","",(Z18+Z19)) -> 57 | AB18: =IF(AB16="","",(AA18+AA19)) -> 57 | AC18: =IF(AC16="","",(AB18+AB19)) -> 57 | AD18: 52 | AE18: =IF(AE16="","",(AD18+AD19)) -> 52 | AF18: =IF(AF16="","",(AE18+AE19)) -> 52 | AG18: 46 | AH18: =IF(AH16="","",(AG18+AG19)) -> 46 | AI18: =IF(AI16="","",(AH18+AH19)) -> 46 | AJ18: =IF(AJ16="","",(AI18+AI19)) -> 46 | AK18: 39 | AL18: =IF(AL16="","",(AK18+AK19)) | AM18: =IF(AM16="","",(AL18+AL19)) | AN18: =IF(AN16="","",(AM18+AM19)) | AO18: =IF(AO16="","",(AN18+AN19)) | AP18: =IF(AP16="","",(AO18+AO19)) | AQ18: =IF(AQ16="","",(AP18+AP19)) | AR18: =IF(AR16="","",(AQ18+AQ19)) | AS18: =IF(AS16="","",(AR18+AR19)) | ... BC18: =IF(BC16="","",(BB18+BB19))
B19: 補充 | I19: 16 | O19: 15 | W19: 30
B20: 単価 | C20: 1100 | D20: =IF(D16="","",C20) -> 1100 | E20: =IF(E16="","",D20) -> 1100 | F20: 300 | G20: =IF(G16="","",F20) -> 300 | H20: =IF(H16="","",G20) -> 300 | I20: =IF(I16="","",H20) -> 300 | J20: =IF(J16="","",I20) -> 300 | K20: =IF(K16="","",J20) -> 300 | L20: =IF(L16="","",K20) -> 300 | M20: =IF(M16="","",L20) -> 300 | N20: =IF(N16="","",M20) -> 300 | ... BC20: =IF(BC16="","",BB20)
A21: 月間予想 | B21: 景品名 | C21: マスコットポーチヒョウ | D21: =IF(D16="","",C21) -> マスコットポーチヒョウ | E21: =IF(E16="","",D21) -> マスコットポーチヒョウ | F21: フルーツスクイーズ | G21: =IF(G16="","",F21) -> フルーツスクイーズ | H21: =IF(H16="","",G21) -> フルーツスクイーズ | I21: =IF(I16="","",H21) -> フルーツスクイーズ | J21: =IF(J16="","",I21) -> フルーツスクイーズ | K21: =IF(K16="","",J21) -> フルーツスクイーズ | L21: =IF(L16="","",K21) -> フルーツスクイーズ | M21: =IF(M16="","",L21) -> フルーツスクイーズ | N21: =IF(N16="","",M21) -> フルーツスクイーズ | ... BC21: =IF(BC16="","",BB21)
A22: =AVERAGE(C23:AS23)*30*100 -> 69617.647 | B22: 設定
A23: =SUM(C23:AS23) -> 789 | B23: 百差 | D23: =IF(D16="","",D16-C16) -> 0 | E23: =IF(E16="","",E16-D16) -> 54 | F23: =IF(F16="","",F16-E16) -> 0 | G23: =IF(G16="","",G16-F16) -> 0 | H23: =IF(H16="","",H16-G16) -> 0 | I23: =IF(I16="","",I16-H16) -> 56 | J23: =IF(J16="","",J16-I16) -> 0 | K23: =IF(K16="","",K16-J16) -> 0 | ... BC23: =IF(BC16="","",BC16-BB16)
A24: =SUM(C24:AS24) -> 62 | B24: P差 | C24: 2 | D24: =IF(D17="","",D17-C17) -> 0 | E24: =IF(E17="","",E17-D17) -> 1 | F24: =IF(F17="","",F17-E17) -> 0 | G24: =IF(G17="","",G17-F17) -> 0 | H24: =IF(H17="","",H17-G17) -> 0 | I24: =IF(I17="","",I17-H17) -> 1 | J24: =IF(J17="","",J17-I17) -> 0 | K24: =IF(K17="","",K17-J17) -> 0 | ... BC24: =IF(BC17="","",BC17-BB17)
A25: =SUM(C25:AS25) -> 45 | B25: 払出 | C25: 0 | D25: =IF(D18="","",C18+C19-D18) -> 0 | E25: =IF(E18="","",D18+D19-E18) -> 1 | F25: =IF(F18="","",E18+E19-F18) -> 0 | G25: =IF(G18="","",F18+F19-G18) -> 0 | H25: =IF(H18="","",G18+G19-H18) -> 0 | I25: =IF(I18="","",H18+H19-I18) -> 1 | J25: =IF(J18="","",I18+I19-J18) -> 0 | K25: =IF(K18="","",J18+J19-K18) -> 0 | ... BC25: =IF(BC18="","",BB18+BB19-BC18)
A26: =SUM(C26:AS26) -> 14300 | B26: 払出額 | C26: 0 | D26: =IF(D16="","",D25*D20) -> 0 | E26: =IF(E16="","",E25*E20) -> 1100 | F26: =IF(F16="","",F25*F20) -> 0 | G26: =IF(G16="","",G25*G20) -> 0 | H26: =IF(H16="","",H25*H20) -> 0 | I26: =IF(I16="","",I25*I20) -> 300 | J26: =IF(J16="","",J25*J20) -> 0 | K26: =IF(K16="","",K25*K20) -> 0 | ... BC26: =IF(BC16="","",BC25*BC20)
A27: =IF(A26="","",A26/(A23*100)) -> 0.18124208 | B27: 原価率 | D27: =IF(D26="","",IF(D26=0,"",D26/(D23*100))) | E27: =IF(E26="","",IF(E26=0,"",E26/(E23*100))) -> 0.2037037 | F27: =IF(F26="","",IF(F26=0,"",F26/(F23*100))) | G27: =IF(G26="","",IF(G26=0,"",G26/(G23*100))) | H27: =IF(H26="","",IF(H26=0,"",H26/(H23*100))) | I27: =IF(I26="","",IF(I26=0,"",I26/(I23*100))) -> 0.053571429 | J27: =IF(J26="","",IF(J26=0,"",J26/(J23*100))) | K27: =IF(K26="","",IF(K26=0,"",K26/(K23*100))) | ... BC27: =IF(BC26="","",IF(BC26=0,"",BC26/(BC23*100)))
A28: 八女 | B28: 100円 | C28: 27401 | D28: =IF(D$16="","",C28) -> 27401 | E28: 27523 | F28: =IF(F$16="","",E28) -> 27523 | G28: =IF(G$16="","",F28) -> 27523 | H28: =IF(H$16="","",G28) -> 27523 | I28: 27644 | J28: =IF(J$16="","",I28) -> 27644 | K28: =IF(K$16="","",J28) -> 27644 | L28: 27710 | M28: =IF(M$16="","",L28) -> 27710 | N28: =IF(N$16="","",M28) -> 27710 | O28: 27785 | P28: =IF(P$16="","",O28) -> 27785 | Q28: =IF(Q$16="","",P28) -> 27785 | R28: 27867 | S28: =IF(S$16="","",R28) -> 27867 | T28: 28052 | U28: =IF(U$16="","",T28) -> 28052 | V28: =IF(V$16="","",U28) -> 28052 | W28: 28102 | X28: =IF(X$16="","",W28) -> 28102 | Y28: =IF(Y$16="","",X28) -> 28102 | Z28: 28162 | AA28: =IF(AA$16="","",Z28) -> 28162 | AB28: =IF(AB$16="","",AA28) -> 28162 | AC28: =IF(AC$16="","",AB28) -> 28162 | AD28: 28286 | AE28: =IF(AE$16="","",AD28) -> 28286 | AF28: =IF(AF$16="","",AE28) -> 28286 | AG28: 28348 | AH28: =IF(AH$16="","",AG28) -> 28348 | AI28: =IF(AI$16="","",AH28) -> 28348 | AJ28: =IF(AJ$16="","",AI28) -> 28348 | AK28: 28443 | AL28: =IF(AL$16="","",AK28) | AM28: =IF(AM$16="","",AL28) | AN28: =IF(AN$16="","",AM28) | AO28: =IF(AO$16="","",AN28) | AP28: =IF(AP$16="","",AO28) | AQ28: =IF(AQ$16="","",AP28) | AR28: =IF(AR$16="","",AQ28) | AS28: =IF(AS$16="","",AR28) | ... BC28: =IF(BC$16="","",BB28)
A29: BUZZ＃1 | B29: プライズ | C29: 965 | D29: =IF(D$16="","",C29) -> 965 | E29: 970 | F29: =IF(F$16="","",E29) -> 970 | G29: =IF(G$16="","",F29) -> 970 | H29: =IF(H$16="","",G29) -> 970 | I29: 975 | J29: =IF(J$16="","",I29) -> 975 | K29: =IF(K$16="","",J29) -> 975 | L29: 978 | M29: =IF(M$16="","",L29) -> 978 | N29: =IF(N$16="","",M29) -> 978 | O29: 983 | P29: =IF(P$16="","",O29) -> 983 | Q29: =IF(Q$16="","",P29) -> 983 | R29: 987 | S29: =IF(S$16="","",R29) -> 987 | T29: 988 | U29: =IF(U$16="","",T29) -> 988 | V29: =IF(V$16="","",U29) -> 988 | W29: 989 | X29: =IF(X$16="","",W29) -> 989 | Y29: =IF(Y$16="","",X29) -> 989 | Z29: 991 | AA29: =IF(AA$16="","",Z29) -> 991 | AB29: =IF(AB$16="","",AA29) -> 991 | AC29: =IF(AC$16="","",AB29) -> 991 | AD29: 993 | AE29: =IF(AE$16="","",AD29) -> 993 | AF29: =IF(AF$16="","",AE29) -> 993 | AG29: 997 | AH29: =IF(AH$16="","",AG29) -> 997 | AI29: =IF(AI$16="","",AH29) -> 997 | AJ29: =IF(AJ$16="","",AI29) -> 997 | AK29: =IF(AK$16="","",AJ29) -> 997 | AL29: =IF(AL$16="","",AK29) | AM29: =IF(AM$16="","",AL29) | AN29: =IF(AN$16="","",AM29) | AO29: =IF(AO$16="","",AN29) | ... BC29: =IF(BC$16="","",BB29)
A30: 1 | B30: 投入残 | C30: 11 | D30: =IF(D28="","",(C30+C31)) -> 12 | E30: 9 | F30: =IF(F28="","",(E30+E31)) -> 9 | G30: =IF(G28="","",(F30+F31)) -> 9 | H30: =IF(H28="","",(G30+G31)) -> 9 | I30: 7 | J30: =IF(J28="","",(I30+I31)) -> 12 | K30: =IF(K28="","",(J30+J31)) -> 12 | L30: 10 | M30: =IF(M28="","",(L30+L31)) -> 14 | N30: =IF(N28="","",(M30+M31)) -> 14 | O30: 12 | P30: =IF(P28="","",(O30+O31)) -> 12 | Q30: =IF(Q28="","",(P30+P31)) -> 12 | R30: 11 | S30: =IF(S28="","",(R30+R31)) -> 11 | T30: 10 | U30: =IF(U28="","",(T30+T31)) -> 12 | V30: =IF(V28="","",(U30+U31)) -> 12 | W30: =IF(W28="","",(V30+V31)) -> 12 | X30: =IF(X28="","",(W30+W31)) -> 12 | Y30: =IF(Y28="","",(X30+X31)) -> 12 | Z30: 11 | AA30: =IF(AA28="","",(Z30+Z31)) -> 11 | AB30: =IF(AB28="","",(AA30+AA31)) -> 11 | AC30: =IF(AC28="","",(AB30+AB31)) -> 11 | AD30: 9 | AE30: =IF(AE28="","",(AD30+AD31)) -> 11 | AF30: =IF(AF28="","",(AE30+AE31)) -> 11 | AG30: 9 | AH30: =IF(AH28="","",(AG30+AG31)) -> 11 | AI30: =IF(AI28="","",(AH30+AH31)) -> 11 | AJ30: =IF(AJ28="","",(AI30+AI31)) -> 11 | AK30: =IF(AK28="","",(AJ30+AJ31)) -> 11 | AL30: =IF(AL28="","",(AK30+AK31)) | AM30: =IF(AM28="","",(AL30+AL31)) | AN30: =IF(AN28="","",(AM30+AM31)) | AO30: =IF(AO28="","",(AN30+AN31)) | ... BC30: =IF(BC28="","",(BB30+BB31))
A31: 機械合計 | B31: 補充 | C31: 1 | I31: 5 | L31: 4 | T31: 2 | AD31: 2 | AG31: 2
A32: =+(A35+A47+A59+A71)*100 -> 551100 | B32: 単価 | C32: 1100 | D32: =IF(D28="","",C32) -> 1100 | E32: =IF(E28="","",D32) -> 1100 | F32: =IF(F28="","",E32) -> 1100 | G32: =IF(G28="","",F32) -> 1100 | H32: =IF(H28="","",G32) -> 1100 | I32: =IF(I28="","",H32) -> 1100 | J32: =IF(J28="","",I32) -> 1100 | K32: =IF(K28="","",J32) -> 1100 | ... BC32: =IF(BC28="","",BB32)
A33: 月間予想 | B33: 景品名 | C33: サンリオファン | D33: =IF(D28="","",C33) -> サンリオファン | E33: =IF(E28="","",D33) -> サンリオファン | F33: =IF(F28="","",E33) -> サンリオファン | G33: =IF(G28="","",F33) -> サンリオファン | H33: =IF(H28="","",G33) -> サンリオファン | I33: =IF(I28="","",H33) -> サンリオファン | J33: =IF(J28="","",I33) -> サンリオファン | K33: =IF(K28="","",J33) -> サンリオファン | ... BC33: =IF(BC28="","",BB33)
A34: =AVERAGE(C35:AS35)*30*100 -> 91941.176 | B34: 設定
A35: =SUM(C35:AS35) -> 1042 | B35: 百差 | D35: =IF(D28="","",D28-C28) -> 0 | E35: =IF(E28="","",E28-D28) -> 122 | F35: =IF(F28="","",F28-E28) -> 0 | G35: =IF(G28="","",G28-F28) -> 0 | H35: =IF(H28="","",H28-G28) -> 0 | I35: =IF(I28="","",I28-H28) -> 121 | J35: =IF(J28="","",J28-I28) -> 0 | K35: =IF(K28="","",K28-J28) -> 0 | ... BC35: =IF(BC28="","",BC28-BB28)
A36: =SUM(C36:AS36) -> 35 | B36: P差 | C36: 3 | D36: =IF(D29="","",D29-C29) -> 0 | E36: =IF(E29="","",E29-D29) -> 5 | F36: =IF(F29="","",F29-E29) -> 0 | G36: =IF(G29="","",G29-F29) -> 0 | H36: =IF(H29="","",H29-G29) -> 0 | I36: =IF(I29="","",I29-H29) -> 5 | J36: =IF(J29="","",J29-I29) -> 0 | K36: =IF(K29="","",K29-J29) -> 0 | ... BC36: =IF(BC29="","",BC29-BB29)
A37: =SUM(C37:AS37) -> 17 | B37: 払出 | C37: 1 | D37: =IF(D30="","",C30+C31-D30) -> 0 | E37: =IF(E30="","",D30+D31-E30) -> 3 | F37: =IF(F30="","",E30+E31-F30) -> 0 | G37: =IF(G30="","",F30+F31-G30) -> 0 | H37: =IF(H30="","",G30+G31-H30) -> 0 | I37: =IF(I30="","",H30+H31-I30) -> 2 | J37: =IF(J30="","",I30+I31-J30) -> 0 | K37: =IF(K30="","",J30+J31-K30) -> 0 | ... BC37: =IF(BC30="","",BB30+BB31-BC30)
A38: =SUM(C38:AS38) -> 18700 | B38: 払出額 | C38: 1100 | D38: =IF(D28="","",D37*D32) -> 0 | E38: =IF(E28="","",E37*E32) -> 3300 | F38: =IF(F28="","",F37*F32) -> 0 | G38: =IF(G28="","",G37*G32) -> 0 | H38: =IF(H28="","",H37*H32) -> 0 | I38: =IF(I28="","",I37*I32) -> 2200 | J38: =IF(J28="","",J37*J32) -> 0 | K38: =IF(K28="","",K37*K32) -> 0 | ... BC38: =IF(BC28="","",BC37*BC32)
A39: =IF(A38="","",A38/(A35*100)) -> 0.17946257 | B39: 原価率 | C39: 0.21153846 | D39: =IF(D38="","",IF(D38=0,"",D38/(D35*100))) | E39: =IF(E38="","",IF(E38=0,"",E38/(E35*100))) -> 0.2704918 | F39: =IF(F38="","",IF(F38=0,"",F38/(F35*100))) | G39: =IF(G38="","",IF(G38=0,"",G38/(G35*100))) | H39: =IF(H38="","",IF(H38=0,"",H38/(H35*100))) | I39: =IF(I38="","",IF(I38=0,"",I38/(I35*100))) -> 0.18181818 | J39: =IF(J38="","",IF(J38=0,"",J38/(J35*100))) | K39: =IF(K38="","",IF(K38=0,"",K38/(K35*100))) | ... BC39: =IF(BC38="","",IF(BC38=0,"",BC38/(BC35*100)))
A40: 八女 | B40: 100円 | C40: 20828 | D40: =IF(D$16="","",C40) -> 20828 | E40: 20925 | F40: =IF(F$16="","",E40) -> 20925 | G40: =IF(G$16="","",F40) -> 20925 | H40: =IF(H$16="","",G40) -> 20925 | I40: 20982 | J40: =IF(J$16="","",I40) -> 20982 | K40: =IF(K$16="","",J40) -> 20982 | L40: 21172 | M40: =IF(M$16="","",L40) -> 21172 | N40: =IF(N$16="","",M40) -> 21172 | O40: 21331 | P40: =IF(P$16="","",O40) -> 21331 | Q40: =IF(Q$16="","",P40) -> 21331 | R40: 21428 | S40: =IF(S$16="","",R40) -> 21428 | T40: 21500 | U40: =IF(U$16="","",T40) -> 21500 | V40: =IF(V$16="","",U40) -> 21500 | W40: 21578 | X40: =IF(X$16="","",W40) -> 21578 | Y40: =IF(Y$16="","",X40) -> 21578 | Z40: 21804 | AA40: =IF(AA$16="","",Z40) -> 21804 | AB40: =IF(AB$16="","",AA40) -> 21804 | AC40: =IF(AC$16="","",AB40) -> 21804 | AD40: 21844 | AE40: =IF(AE$16="","",AD40) -> 21844 | AF40: =IF(AF$16="","",AE40) -> 21844 | AG40: 21919 | AH40: =IF(AH$16="","",AG40) -> 21919 | AI40: =IF(AI$16="","",AH40) -> 21919 | AJ40: =IF(AJ$16="","",AI40) -> 21919 | AK40: 22145 | AL40: =IF(AL$16="","",AK40) | AM40: =IF(AM$16="","",AL40) | AN40: =IF(AN$16="","",AM40) | AO40: =IF(AO$16="","",AN40) | AP40: =IF(AP$16="","",AO40) | AQ40: =IF(AQ$16="","",AP40) | AR40: =IF(AR$16="","",AQ40) | AS40: =IF(AS$16="","",AR40) | ... BC40: =IF(BC$16="","",BB40)
A41: BUZZ＃1 | B41: プライズ | C41: 962 | D41: =IF(D$16="","",C41) -> 962 | E41: 965 | F41: =IF(F$16="","",E41) -> 965 | G41: =IF(G$16="","",F41) -> 965 | H41: =IF(H$16="","",G41) -> 965 | I41: 969 | J41: =IF(J$16="","",I41) -> 969 | K41: =IF(K$16="","",J41) -> 969 | L41: 973 | M41: =IF(M$16="","",L41) -> 973 | N41: =IF(N$16="","",M41) -> 973 | O41: 977 | P41: =IF(P$16="","",O41) -> 977 | Q41: =IF(Q$16="","",P41) -> 977 | R41: 981 | S41: =IF(S$16="","",R41) -> 981 | T41: 983 | U41: =IF(U$16="","",T41) -> 983 | V41: =IF(V$16="","",U41) -> 983 | W41: 985 | X41: =IF(X$16="","",W41) -> 985 | Y41: =IF(Y$16="","",X41) -> 985 | Z41: 992 | AA41: =IF(AA$16="","",Z41) -> 992 | AB41: =IF(AB$16="","",AA41) -> 992 | AC41: =IF(AC$16="","",AB41) -> 992 | AD41: 994 | AE41: =IF(AE$16="","",AD41) -> 994 | AF41: =IF(AF$16="","",AE41) -> 994 | AG41: 1001 | AH41: =IF(AH$16="","",AG41) -> 1001 | AI41: =IF(AI$16="","",AH41) -> 1001 | AJ41: =IF(AJ$16="","",AI41) -> 1001 | AK41: 1011 | AL41: =IF(AL$16="","",AK41) | AM41: =IF(AM$16="","",AL41) | AN41: =IF(AN$16="","",AM41) | AO41: =IF(AO$16="","",AN41) | AP41: =IF(AP$16="","",AO41) | AQ41: =IF(AQ$16="","",AP41) | AR41: =IF(AR$16="","",AQ41) | AS41: =IF(AS$16="","",AR41) | ... BC41: =IF(BC$16="","",BB41)
A42: 2 | B42: 投入残 | C42: 7 | D42: =IF(D40="","",(C42+C43)) -> 7 | E42: 4 | F42: =IF(F40="","",(E42+E43)) -> 11 | G42: =IF(G40="","",(F42+F43)) -> 11 | H42: =IF(H40="","",(G42+G43)) -> 11 | I42: 9 | J42: =IF(J40="","",(I42+I43)) -> 16 | K42: =IF(K40="","",(J42+J43)) -> 16 | L42: 12 | M42: =IF(M40="","",(L42+L43)) -> 15 | N42: =IF(N40="","",(M42+M43)) -> 15 | O42: 11 | P42: =IF(P40="","",(O42+O43)) -> 14 | Q42: =IF(Q40="","",(P42+P43)) -> 14 | R42: 13 | S42: =IF(S40="","",(R42+R43)) -> 13 | T42: 11 | U42: =IF(U40="","",(T42+T43)) -> 11 | V42: =IF(V40="","",(U42+U43)) -> 11 | W42: 10 | X42: =IF(X40="","",(W42+W43)) -> 10 | Y42: =IF(Y40="","",(X42+X43)) -> 10 | Z42: 2 | AA42: =IF(AA40="","",(Z42+Z43)) -> 2 | AB42: =IF(AB40="","",(AA42+AA43)) -> 2 | AC42: =IF(AC40="","",(AB42+AB43)) -> 2 | AD42: 0 | AE42: =IF(AE40="","",(AD42+AD43)) -> 22 | AF42: =IF(AF40="","",(AE42+AE43)) -> 22 | AG42: 18 | AH42: =IF(AH40="","",(AG42+AG43)) -> 18 | AI42: =IF(AI40="","",(AH42+AH43)) -> 18 | AJ42: =IF(AJ40="","",(AI42+AI43)) -> 18 | AK42: =IF(AK40="","",(AJ42+AJ43)) -> 18 | AL42: =IF(AL40="","",(AK42+AK43)) | AM42: =IF(AM40="","",(AL42+AL43)) | AN42: =IF(AN40="","",(AM42+AM43)) | AO42: =IF(AO40="","",(AN42+AN43)) | ... BC42: =IF(BC40="","",(BB42+BB43))
B43: 補充 | E43: 7 | I43: 7 | L43: 3 | O43: 3 | AD43: 22
B44: 単価 | C44: 500 | D44: =IF(D40="","",C44) -> 500 | E44: =IF(E40="","",D44) -> 500 | F44: =IF(F40="","",E44) -> 500 | G44: =IF(G40="","",F44) -> 500 | H44: =IF(H40="","",G44) -> 500 | I44: =IF(I40="","",H44) -> 500 | J44: =IF(J40="","",I44) -> 500 | K44: =IF(K40="","",J44) -> 500 | ... BC44: =IF(BC40="","",BB44)
A45: 月間予想 | B45: 景品名 | C45: たまごっちチャーム | D45: =IF(D40="","",C45) -> たまごっちチャーム | E45: =IF(E40="","",D45) -> たまごっちチャーム | F45: =IF(F40="","",E45) -> たまごっちチャーム | G45: =IF(G40="","",F45) -> たまごっちチャーム | H45: =IF(H40="","",G45) -> たまごっちチャーム | I45: =IF(I40="","",H45) -> たまごっちチャーム | J45: =IF(J40="","",I45) -> たまごっちチャーム | K45: =IF(K40="","",J45) -> たまごっちチャーム | ... AD45: =IF(AD40="","",AC45) -> たまごっちチャーム | AE45: サンリオデカぱっちん | AF45: =IF(AF40="","",AE45) -> サンリオデカぱっちん | AG45: =IF(AG40="","",AF45) -> サンリオデカぱっちん | AH45: =IF(AH40="","",AG45) -> サンリオデカぱっちん | AI45: =IF(AI40="","",AH45) -> サンリオデカぱっちん | AJ45: =IF(AJ40="","",AI45) -> サンリオデカぱっちん | AK45: =IF(AK40="","",AJ45) -> サンリオデカぱっちん | AL45: =IF(AL40="","",AK45) | AM45: =IF(AM40="","",AL45) | ... BC45: =IF(BC40="","",BB45)
A46: =AVERAGE(C47:AS47)*30*100 -> 116205.88 | B46: 設定 | AE46: 16.6.6.18
A47: =SUM(C47:AS47) -> 1317 | B47: 百差 | D47: =IF(D40="","",D40-C40) -> 0 | E47: =IF(E40="","",E40-D40) -> 97 | F47: =IF(F40="","",F40-E40) -> 0 | G47: =IF(G40="","",G40-F40) -> 0 | H47: =IF(H40="","",H40-G40) -> 0 | I47: =IF(I40="","",I40-H40) -> 57 | J47: =IF(J40="","",J40-I40) -> 0 | K47: =IF(K40="","",K40-J40) -> 0 | ... BC47: =IF(BC40="","",BC40-BB40)
A48: =SUM(C48:AS48) -> 49 | B48: P差 | C48: 0 | D48: =IF(D41="","",D41-C41) -> 0 | E48: =IF(E41="","",E41-D41) -> 3 | F48: =IF(F41="","",F41-E41) -> 0 | G48: =IF(G41="","",G41-F41) -> 0 | H48: =IF(H41="","",H41-G41) -> 0 | I48: =IF(I41="","",I41-H41) -> 4 | J48: =IF(J41="","",J41-I41) -> 0 | K48: =IF(K41="","",K41-J41) -> 0 | ... BC48: =IF(BC41="","",BC41-BB41)
A49: =SUM(C49:AS49) -> 31 | B49: 払出 | C49: 0 | D49: =IF(D42="","",C42+C43-D42) -> 0 | E49: =IF(E42="","",D42+D43-E42) -> 3 | F49: =IF(F42="","",E42+E43-F42) -> 0 | G49: =IF(G42="","",F42+F43-G42) -> 0 | H49: =IF(H42="","",G42+G43-H42) -> 0 | I49: =IF(I42="","",H42+H43-I42) -> 2 | J49: =IF(J42="","",I42+I43-J42) -> 0 | K49: =IF(K42="","",J42+J43-K42) -> 0 | ... BC49: =IF(BC42="","",BB42+BB43-BC42)
A50: =SUM(C50:AS50) -> 15500 | B50: 払出額 | C50: 0 | D50: =IF(D40="","",D49*D44) -> 0 | E50: =IF(E40="","",E49*E44) -> 1500 | F50: =IF(F40="","",F49*F44) -> 0 | G50: =IF(G40="","",G49*G44) -> 0 | H50: =IF(H40="","",H49*H44) -> 0 | I50: =IF(I40="","",I49*I44) -> 1000 | J50: =IF(J40="","",J49*J44) -> 0 | K50: =IF(K40="","",K49*K44) -> 0 | ... BC50: =IF(BC40="","",BC49*BC44)
A51: =IF(A50="","",A50/(A47*100)) -> 0.11769172 | B51: 原価率 | D51: =IF(D50="","",IF(D50=0,"",D50/(D47*100))) | E51: =IF(E50="","",IF(E50=0,"",E50/(E47*100))) -> 0.15463918 | F51: =IF(F50="","",IF(F50=0,"",F50/(F47*100))) | G51: =IF(G50="","",IF(G50=0,"",G50/(G47*100))) | H51: =IF(H50="","",IF(H50=0,"",H50/(H47*100))) | I51: =IF(I50="","",IF(I50=0,"",I50/(I47*100))) -> 0.1754386 | J51: =IF(J50="","",IF(J50=0,"",J50/(J47*100))) | K51: =IF(K50="","",IF(K50=0,"",K50/(K47*100))) | ... BC51: =IF(BC50="","",IF(BC50=0,"",BC50/(BC47*100)))
A52: 八女 | B52: 100円 | C52: 19946 | D52: =IF(D$16="","",C52) -> 19946 | E52: 20258 | F52: =IF(F$16="","",E52) -> 20258 | G52: =IF(G$16="","",F52) -> 20258 | H52: =IF(H$16="","",G52) -> 20258 | I52: 20371 | J52: =IF(J$16="","",I52) -> 20371 | K52: =IF(K$16="","",J52) -> 20371 | L52: 20673 | M52: =IF(M$16="","",L52) -> 20673 | N52: =IF(N$16="","",M52) -> 20673 | O52: 20895 | P52: =IF(P$16="","",O52) -> 20895 | Q52: =IF(Q$16="","",P52) -> 20895 | R52: 21178 | S52: =IF(S$16="","",R52) -> 21178 | T52: 21390 | U52: =IF(U$16="","",T52) -> 21390 | V52: =IF(V$16="","",U52) -> 21390 | W52: 21533 | X52: =IF(X$16="","",W52) -> 21533 | Y52: =IF(Y$16="","",X52) -> 21533 | Z52: 21772 | AA52: =IF(AA$16="","",Z52) -> 21772 | AB52: =IF(AB$16="","",AA52) -> 21772 | AC52: =IF(AC$16="","",AB52) -> 21772 | AD52: 21985 | AE52: =IF(AE$16="","",AD52) -> 21985 | AF52: =IF(AF$16="","",AE52) -> 21985 | AG52: 22220 | AH52: =IF(AH$16="","",AG52) -> 22220 | AI52: =IF(AI$16="","",AH52) -> 22220 | AJ52: =IF(AJ$16="","",AI52) -> 22220 | AK52: 22301 | AL52: =IF(AL$16="","",AK52) | AM52: =IF(AM$16="","",AL52) | AN52: =IF(AN$16="","",AM52) | AO52: =IF(AO$16="","",AN52) | AP52: =IF(AP$16="","",AO52) | AQ52: =IF(AQ$16="","",AP52) | AR52: =IF(AR$16="","",AQ52) | AS52: =IF(AS$16="","",AR52) | ... BC52: =IF(BC$16="","",BB52)
A53: BUZZ＃1 | B53: プライズ | C53: 947 | D53: =IF(D$16="","",C53) -> 947 | E53: 961 | F53: =IF(F$16="","",E53) -> 961 | G53: =IF(G$16="","",F53) -> 961 | H53: =IF(H$16="","",G53) -> 961 | I53: 964 | J53: =IF(J$16="","",I53) -> 964 | K53: =IF(K$16="","",J53) -> 964 | L53: 979 | M53: =IF(M$16="","",L53) -> 979 | N53: =IF(N$16="","",M53) -> 979 | O53: 990 | P53: =IF(P$16="","",O53) -> 990 | Q53: =IF(Q$16="","",P53) -> 990 | R53: 999 | S53: =IF(S$16="","",R53) -> 999 | T53: 1005 | U53: =IF(U$16="","",T53) -> 1005 | V53: =IF(V$16="","",U53) -> 1005 | W53: 1012 | X53: =IF(X$16="","",W53) -> 1012 | Y53: =IF(Y$16="","",X53) -> 1012 | Z53: 1022 | AA53: =IF(AA$16="","",Z53) -> 1022 | AB53: =IF(AB$16="","",AA53) -> 1022 | AC53: =IF(AC$16="","",AB53) -> 1022 | AD53: 1032 | AE53: =IF(AE$16="","",AD53) -> 1032 | AF53: =IF(AF$16="","",AE53) -> 1032 | AG53: 1045 | AH53: =IF(AH$16="","",AG53) -> 1045 | AI53: =IF(AI$16="","",AH53) -> 1045 | AJ53: =IF(AJ$16="","",AI53) -> 1045 | AK53: 1052 | AL53: =IF(AL$16="","",AK53) | AM53: =IF(AM$16="","",AL53) | AN53: =IF(AN$16="","",AM53) | AO53: =IF(AO$16="","",AN53) | AP53: =IF(AP$16="","",AO53) | AQ53: =IF(AQ$16="","",AP53) | AR53: =IF(AR$16="","",AQ53) | AS53: =IF(AS$16="","",AR53) | ... BC53: =IF(BC$16="","",BB53)
A54: 3 | B54: 投入残 | C54: 32 | D54: =IF(D52="","",(C54+C55)) -> 32 | E54: =IF(E52="","",(D54+D55)) -> 32 | F54: =IF(F52="","",(E54+E55)) -> 52 | G54: =IF(G52="","",(F54+F55)) -> 52 | H54: =IF(H52="","",(G54+G55)) -> 52 | I54: 49 | J54: =IF(J52="","",(I54+I55)) -> 79 | K54: =IF(K52="","",(J54+J55)) -> 79 | L54: 64 | M54: =IF(M52="","",(L54+L55)) -> 79 | N54: =IF(N52="","",(M54+M55)) -> 79 | O54: 68 | P54: =IF(P52="","",(O54+O55)) -> 68 | Q54: =IF(Q52="","",(P54+P55)) -> 68 | R54: 59 | S54: =IF(S52="","",(R54+R55)) -> 59 | T54: 53 | U54: =IF(U52="","",(T54+T55)) -> 73 | V54: =IF(V52="","",(U54+U55)) -> 73 | W54: 66 | X54: =IF(X52="","",(W54+W55)) -> 66 | Y54: =IF(Y52="","",(X54+X55)) -> 66 | Z54: 56 | AA54: =IF(AA52="","",(Z54+Z55)) -> 66 | AB54: =IF(AB52="","",(AA54+AA55)) -> 66 | AC54: =IF(AC52="","",(AB54+AB55)) -> 66 | AD54: 56 | AE54: =IF(AE52="","",(AD54+AD55)) -> 68 | AF54: =IF(AF52="","",(AE54+AE55)) -> 68 | AG54: 55 | AH54: =IF(AH52="","",(AG54+AG55)) -> 67 | AI54: =IF(AI52="","",(AH54+AH55)) -> 67 | AJ54: =IF(AJ52="","",(AI54+AI55)) -> 67 | AK54: 60 | AL54: =IF(AL52="","",(AK54+AK55)) | AM54: =IF(AM52="","",(AL54+AL55)) | AN54: =IF(AN52="","",(AM54+AM55)) | AO54: =IF(AO52="","",(AN54+AN55)) | AP54: =IF(AP52="","",(AO54+AO55)) | AQ54: =IF(AQ52="","",(AP54+AP55)) | AR54: =IF(AR52="","",(AQ54+AQ55)) | AS54: =IF(AS52="","",(AR54+AR55)) | ... BC54: =IF(BC52="","",(BB54+BB55))
B55: 補充 | E55: 20 | I55: 30 | L55: 15 | T55: 20 | Z55: 10 | AD55: 12 | AG55: 12
B56: 単価 | C56: 240 | D56: =IF(D52="","",C56) -> 240 | E56: =IF(E52="","",D56) -> 240 | F56: =IF(F52="","",E56) -> 240 | G56: =IF(G52="","",F56) -> 240 | H56: =IF(H52="","",G56) -> 240 | I56: =IF(I52="","",H56) -> 240 | J56: =IF(J52="","",I56) -> 240 | K56: =IF(K52="","",J56) -> 240 | ... BC56: =IF(BC52="","",BB56)
A57: 月間予想 | B57: 景品名 | C57: トロミスクイーズ | D57: =IF(D52="","",C57) -> トロミスクイーズ | E57: =IF(E52="","",D57) -> トロミスクイーズ | F57: =IF(F52="","",E57) -> トロミスクイーズ | G57: =IF(G52="","",F57) -> トロミスクイーズ | H57: =IF(H52="","",G57) -> トロミスクイーズ | I57: =IF(I52="","",H57) -> トロミスクイーズ | J57: =IF(J52="","",I57) -> トロミスクイーズ | K57: =IF(K52="","",J57) -> トロミスクイーズ | ... BC57: =IF(BC52="","",BB57)
A58: =AVERAGE(C59:AS59)*30*100 -> 207794.12 | B58: 設定
A59: =SUM(C59:AS59) -> 2355 | B59: 百差 | D59: =IF(D52="","",D52-C52) -> 0 | E59: =IF(E52="","",E52-D52) -> 312 | F59: =IF(F52="","",F52-E52) -> 0 | G59: =IF(G52="","",G52-F52) -> 0 | H59: =IF(H52="","",H52-G52) -> 0 | I59: =IF(I52="","",I52-H52) -> 113 | J59: =IF(J52="","",J52-I52) -> 0 | K59: =IF(K52="","",K52-J52) -> 0 | ... BC59: =IF(BC52="","",BC52-BB52)
A60: =SUM(C60:AS60) -> 106 | B60: P差 | C60: 1 | D60: =IF(D53="","",D53-C53) -> 0 | E60: =IF(E53="","",E53-D53) -> 14 | F60: =IF(F53="","",F53-E53) -> 0 | G60: =IF(G53="","",G53-F53) -> 0 | H60: =IF(H53="","",H53-G53) -> 0 | I60: =IF(I53="","",I53-H53) -> 3 | J60: =IF(J53="","",J53-I53) -> 0 | K60: =IF(K53="","",K53-J53) -> 0 | ... BC60: =IF(BC53="","",BC53-BB53)
A61: =SUM(C61:AS61) -> 91 | B61: 払出 | C61: 0 | D61: =IF(D54="","",C54+C55-D54) -> 0 | E61: =IF(E54="","",D54+D55-E54) -> 0 | F61: =IF(F54="","",E54+E55-F54) -> 0 | G61: =IF(G54="","",F54+F55-G54) -> 0 | H61: =IF(H54="","",G54+G55-H54) -> 0 | I61: =IF(I54="","",H54+H55-I54) -> 3 | J61: =IF(J54="","",I54+I55-J54) -> 0 | K61: =IF(K54="","",J54+J55-K54) -> 0 | ... BC61: =IF(BC54="","",BB54+BB55-BC54)
A62: =SUM(C62:AS62) -> 21840 | B62: 払出額 | C62: 0 | D62: =IF(D52="","",D61*D56) -> 0 | E62: =IF(E52="","",E61*E56) -> 0 | F62: =IF(F52="","",F61*F56) -> 0 | G62: =IF(G52="","",G61*G56) -> 0 | H62: =IF(H52="","",H61*H56) -> 0 | I62: =IF(I52="","",I61*I56) -> 720 | J62: =IF(J52="","",J61*J56) -> 0 | K62: =IF(K52="","",K61*K56) -> 0 | ... BC62: =IF(BC52="","",BC61*BC56)
A63: =IF(A62="","",A62/(A59*100)) -> 0.092738854 | B63: 原価率 | D63: =IF(D62="","",IF(D62=0,"",D62/(D59*100))) | E63: =IF(E62="","",IF(E62=0,"",E62/(E59*100))) | F63: =IF(F62="","",IF(F62=0,"",F62/(F59*100))) | G63: =IF(G62="","",IF(G62=0,"",G62/(G59*100))) | H63: =IF(H62="","",IF(H62=0,"",H62/(H59*100))) | I63: =IF(I62="","",IF(I62=0,"",I62/(I59*100))) -> 0.063716814 | J63: =IF(J62="","",IF(J62=0,"",J62/(J59*100))) | K63: =IF(K62="","",IF(K62=0,"",K62/(K59*100))) | ... BC63: =IF(BC62="","",IF(BC62=0,"",BC62/(BC59*100)))
A64: 八女 | B64: 100円 | C64: 18066 | D64: =IF(D$16="","",C64) -> 18066 | E64: 18107 | F64: =IF(F$16="","",E64) -> 18107 | G64: =IF(G$16="","",F64) -> 18107 | H64: =IF(H$16="","",G64) -> 18107 | I64: 18162 | J64: =IF(J$16="","",I64) -> 18162 | K64: =IF(K$16="","",J64) -> 18162 | L64: 18177 | M64: =IF(M$16="","",L64) -> 18177 | N64: =IF(N$16="","",M64) -> 18177 | O64: 18443 | P64: =IF(P$16="","",O64) -> 18443 | Q64: =IF(Q$16="","",P64) -> 18443 | R64: 18467 | S64: =IF(S$16="","",R64) -> 18467 | T64: 18510 | U64: =IF(U$16="","",T64) -> 18510 | V64: =IF(V$16="","",U64) -> 18510 | W64: 18524 | X64: =IF(X$16="","",W64) -> 18524 | Y64: =IF(Y$16="","",X64) -> 18524 | Z64: 18593 | AA64: =IF(AA$16="","",Z64) -> 18593 | AB64: =IF(AB$16="","",AA64) -> 18593 | AC64: =IF(AC$16="","",AB64) -> 18593 | AD64: 18728 | AE64: =IF(AE$16="","",AD64) -> 18728 | AF64: =IF(AF$16="","",AE64) -> 18728 | AG64: 18777 | AH64: =IF(AH$16="","",AG64) -> 18777 | AI64: =IF(AI$16="","",AH64) -> 18777 | AJ64: =IF(AJ$16="","",AI64) -> 18777 | AK64: 18863 | AL64: =IF(AL$16="","",AK64) | AM64: =IF(AM$16="","",AL64) | AN64: =IF(AN$16="","",AM64) | AO64: =IF(AO$16="","",AN64) | AP64: =IF(AP$16="","",AO64) | AQ64: =IF(AQ$16="","",AP64) | AR64: =IF(AR$16="","",AQ64) | AS64: =IF(AS$16="","",AR64) | ... BC64: =IF(BC$16="","",BB64)
A65: BUZZ＃1 | B65: プライズ | C65: 1643 | D65: =IF(D$16="","",C65) -> 1643 | E65: 1646 | F65: =IF(F$16="","",E65) -> 1646 | G65: =IF(G$16="","",F65) -> 1646 | H65: =IF(H$16="","",G65) -> 1646 | I65: =IF(I$16="","",H65) -> 1646 | J65: =IF(J$16="","",I65) -> 1646 | K65: =IF(K$16="","",J65) -> 1646 | L65: 1648 | M65: =IF(M$16="","",L65) -> 1648 | N65: =IF(N$16="","",M65) -> 1648 | O65: 1652 | P65: =IF(P$16="","",O65) -> 1652 | Q65: =IF(Q$16="","",P65) -> 1652 | R65: 1653 | S65: =IF(S$16="","",R65) -> 1653 | T65: 1654 | U65: =IF(U$16="","",T65) -> 1654 | V65: =IF(V$16="","",U65) -> 1654 | W65: 1655 | X65: =IF(X$16="","",W65) -> 1655 | Y65: =IF(Y$16="","",X65) -> 1655 | Z65: 1669 | AA65: =IF(AA$16="","",Z65) -> 1669 | AB65: =IF(AB$16="","",AA65) -> 1669 | AC65: =IF(AC$16="","",AB65) -> 1669 | AD65: 1681 | AE65: =IF(AE$16="","",AD65) -> 1681 | AF65: =IF(AF$16="","",AE65) -> 1681 | AG65: 1685 | AH65: =IF(AH$16="","",AG65) -> 1685 | AI65: =IF(AI$16="","",AH65) -> 1685 | AJ65: =IF(AJ$16="","",AI65) -> 1685 | AK65: 1689 | AL65: =IF(AL$16="","",AK65) | AM65: =IF(AM$16="","",AL65) | AN65: =IF(AN$16="","",AM65) | AO65: =IF(AO$16="","",AN65) | AP65: =IF(AP$16="","",AO65) | AQ65: =IF(AQ$16="","",AP65) | AR65: =IF(AR$16="","",AQ65) | AS65: =IF(AS$16="","",AR65) | ... BC65: =IF(BC$16="","",BB65)
A66: 4 | B66: 投入残 | C66: 11 | D66: =IF(D64="","",(C66+C67)) -> 11 | E66: 8 | F66: =IF(F64="","",(E66+E67)) -> 8 | G66: =IF(G64="","",(F66+F67)) -> 8 | H66: =IF(H64="","",(G66+G67)) -> 8 | I66: =IF(I64="","",(H66+H67)) -> 8 | J66: =IF(J64="","",(I66+I67)) -> 8 | K66: =IF(K64="","",(J66+J67)) -> 8 | L66: =IF(L64="","",(K66+K67)) -> 8 | M66: =IF(M64="","",(L66+L67)) -> 8 | N66: =IF(N64="","",(M66+M67)) -> 8 | O66: 4 | P66: =IF(P64="","",(O66+O67)) -> 6 | Q66: =IF(Q64="","",(P66+P67)) -> 6 | R66: 5 | S66: =IF(S64="","",(R66+R67)) -> 12 | T66: 11 | U66: =IF(U64="","",(T66+T67)) -> 11 | V66: =IF(V64="","",(U66+U67)) -> 11 | W66: =IF(W64="","",(V66+V67)) -> 11 | X66: =IF(X64="","",(W66+W67)) -> 16 | Y66: =IF(Y64="","",(X66+X67)) -> 16 | Z66: 13 | AA66: =IF(AA64="","",(Z66+Z67)) -> 15 | AB66: =IF(AB64="","",(AA66+AA67)) -> 15 | AC66: =IF(AC64="","",(AB66+AB67)) -> 15 | AD66: 10 | AE66: =IF(AE64="","",(AD66+AD67)) -> 25 | AF66: =IF(AF64="","",(AE66+AE67)) -> 25 | AG66: 21 | AH66: =IF(AH64="","",(AG66+AG67)) -> 21 | AI66: =IF(AI64="","",(AH66+AH67)) -> 21 | AJ66: =IF(AJ64="","",(AI66+AI67)) -> 21 | AK66: 17 | AL66: =IF(AL64="","",(AK66+AK67)) | AM66: =IF(AM64="","",(AL66+AL67)) | AN66: =IF(AN64="","",(AM66+AM67)) | AO66: =IF(AO64="","",(AN66+AN67)) | AP66: =IF(AP64="","",(AO66+AO67)) | AQ66: =IF(AQ64="","",(AP66+AP67)) | AR66: =IF(AR64="","",(AQ66+AQ67)) | AS66: =IF(AS64="","",(AR66+AR67)) | ... BC66: =IF(BC64="","",(BB66+BB67))
B67: 補充 | O67: 2 | R67: 7 | W67: 5 | Z67: 2 | AD67: 15
B68: 単価 | C68: 560 | D68: =IF(D64="","",C68) -> 560 | E68: =IF(E64="","",D68) -> 560 | F68: =IF(F64="","",E68) -> 560 | G68: =IF(G64="","",F68) -> 560 | H68: =IF(H64="","",G68) -> 560 | I68: =IF(I64="","",H68) -> 560 | J68: =IF(J64="","",I68) -> 560 | K68: =IF(K64="","",J68) -> 560 | ... W68: =IF(W64="","",V68) -> 560 | X68: 800 | Y68: =IF(Y64="","",X68) -> 800 | Z68: =IF(Z64="","",Y68) -> 800 | AA68: =IF(AA64="","",Z68) -> 800 | AB68: =IF(AB64="","",AA68) -> 800 | AC68: =IF(AC64="","",AB68) -> 800 | AD68: =IF(AD64="","",AC68) -> 800 | AE68: 240 | AF68: =IF(AF64="","",AE68) -> 240 | AG68: =IF(AG64="","",AF68) -> 240 | AH68: =IF(AH64="","",AG68) -> 240 | AI68: =IF(AI64="","",AH68) -> 240 | AJ68: =IF(AJ64="","",AI68) -> 240 | AK68: =IF(AK64="","",AJ68) -> 240 | AL68: =IF(AL64="","",AK68) | AM68: =IF(AM64="","",AL68) | ... BC68: =IF(BC64="","",BB68)
A69: 月間予想 | B69: 景品名 | C69: たまもりシール | D69: =IF(D64="","",C69) -> たまもりシール | E69: =IF(E64="","",D69) -> たまもりシール | F69: =IF(F64="","",E69) -> たまもりシール | G69: =IF(G64="","",F69) -> たまもりシール | H69: =IF(H64="","",G69) -> たまもりシール | I69: =IF(I64="","",H69) -> たまもりシール | J69: =IF(J64="","",I69) -> たまもりシール | K69: =IF(K64="","",J69) -> たまもりシール | ... W69: =IF(W64="","",V69) -> たまもりシール | X69: キティドデカぱっちん | Y69: =IF(Y64="","",X69) -> キティドデカぱっちん | Z69: =IF(Z64="","",Y69) -> キティドデカぱっちん | AA69: =IF(AA64="","",Z69) -> キティドデカぱっちん | AB69: =IF(AB64="","",AA69) -> キティドデカぱっちん | AC69: =IF(AC64="","",AB69) -> キティドデカぱっちん | AD69: =IF(AD64="","",AC69) -> キティドデカぱっちん | AE69: レインボーバター | AF69: =IF(AF64="","",AE69) -> レインボーバター | AG69: =IF(AG64="","",AF69) -> レインボーバター | AH69: =IF(AH64="","",AG69) -> レインボーバター | AI69: =IF(AI64="","",AH69) -> レインボーバター | AJ69: =IF(AJ64="","",AI69) -> レインボーバター | AK69: =IF(AK64="","",AJ69) -> レインボーバター | AL69: =IF(AL64="","",AK69) | AM69: =IF(AM64="","",AL69) | ... BC69: =IF(BC64="","",BB69)
A70: =AVERAGE(C71:AS71)*30*100 -> 70323.529 | B70: 設定 | C70: 20.7.8.20 | AE70: 24.8.9.24
A71: =SUM(C71:AS71) -> 797 | B71: 百差 | D71: =IF(D64="","",D64-C64) -> 0 | E71: =IF(E64="","",E64-D64) -> 41 | F71: =IF(F64="","",F64-E64) -> 0 | G71: =IF(G64="","",G64-F64) -> 0 | H71: =IF(H64="","",H64-G64) -> 0 | I71: =IF(I64="","",I64-H64) -> 55 | J71: =IF(J64="","",J64-I64) -> 0 | K71: =IF(K64="","",K64-J64) -> 0 | ... BC71: =IF(BC64="","",BC64-BB64)
A72: =SUM(C72:AS72) -> 46 | B72: P差 | C72: 0 | D72: =IF(D65="","",D65-C65) -> 0 | E72: =IF(E65="","",E65-D65) -> 3 | F72: =IF(F65="","",F65-E65) -> 0 | G72: =IF(G65="","",G65-F65) -> 0 | H72: =IF(H65="","",H65-G65) -> 0 | I72: =IF(I65="","",I65-H65) -> 0 | J72: =IF(J65="","",J65-I65) -> 0 | K72: =IF(K65="","",K65-J65) -> 0 | ... BC72: =IF(BC65="","",BC65-BB65)
A73: =SUM(C73:AS73) -> 25 | B73: 払出 | C73: 0 | D73: =IF(D66="","",C66+C67-D66) -> 0 | E73: =IF(E66="","",D66+D67-E66) -> 3 | F73: =IF(F66="","",E66+E67-F66) -> 0 | G73: =IF(G66="","",F66+F67-G66) -> 0 | H73: =IF(H66="","",G66+G67-H66) -> 0 | I73: =IF(I66="","",H66+H67-I66) -> 0 | J73: =IF(J66="","",I66+I67-J66) -> 0 | K73: =IF(K66="","",J66+J67-K66) -> 0 | ... BC73: =IF(BC66="","",BB66+BB67-BC66)
A74: =SUM(C74:AS74) -> 13360 | B74: 払出額 | C74: 0 | D74: =IF(D64="","",D73*D68) -> 0 | E74: =IF(E64="","",E73*E68) -> 1680 | F74: =IF(F64="","",F73*F68) -> 0 | G74: =IF(G64="","",G73*G68) -> 0 | H74: =IF(H64="","",H73*H68) -> 0 | I74: =IF(I64="","",I73*I68) -> 0 | J74: =IF(J64="","",J73*J68) -> 0 | K74: =IF(K64="","",K73*K68) -> 0 | ... BC74: =IF(BC64="","",BC73*BC68)
A75: =IF(A74="","",A74/(A71*100)) -> 0.16762861 | B75: 原価率 | D75: =IF(D74="","",IF(D74=0,"",D74/(D71*100))) | E75: =IF(E74="","",IF(E74=0,"",E74/(E71*100))) -> 0.4097561 | F75: =IF(F74="","",IF(F74=0,"",F74/(F71*100))) | G75: =IF(G74="","",IF(G74=0,"",G74/(G71*100))) | H75: =IF(H74="","",IF(H74=0,"",H74/(H71*100))) | I75: =IF(I74="","",IF(I74=0,"",I74/(I71*100))) | J75: =IF(J74="","",IF(J74=0,"",J74/(J71*100))) | K75: =IF(K74="","",IF(K74=0,"",K74/(K71*100))) | ... BC75: =IF(BC74="","",IF(BC74=0,"",BC74/(BC71*100)))
A76: 八女 | B76: 100円 | C76: 23254 | D76: =IF(D$16="","",C76) -> 23254 | E76: 23395 | F76: =IF(F$16="","",E76) -> 23395 | G76: =IF(G$16="","",F76) -> 23395 | H76: =IF(H$16="","",G76) -> 23395 | I76: 23491 | J76: =IF(J$16="","",I76) -> 23491 | K76: =IF(K$16="","",J76) -> 23491 | L76: 23585 | M76: =IF(M$16="","",L76) -> 23585 | N76: =IF(N$16="","",M76) -> 23585 | O76: 23646 | P76: =IF(P$16="","",O76) -> 23646 | Q76: =IF(Q$16="","",P76) -> 23646 | R76: 23734 | S76: =IF(S$16="","",R76) -> 23734 | T76: 23801 | U76: =IF(U$16="","",T76) -> 23801 | V76: =IF(V$16="","",U76) -> 23801 | W76: 23992 | X76: =IF(X$16="","",W76) -> 23992 | Y76: =IF(Y$16="","",X76) -> 23992 | Z76: 24158 | AA76: =IF(AA$16="","",Z76) -> 24158 | AB76: =IF(AB$16="","",AA76) -> 24158 | AC76: =IF(AC$16="","",AB76) -> 24158 | AD76: 24284 | AE76: =IF(AE$16="","",AD76) -> 24284 | AF76: =IF(AF$16="","",AE76) -> 24284 | AG76: 24397 | AH76: =IF(AH$16="","",AG76) -> 24397 | AI76: =IF(AI$16="","",AH76) -> 24397 | AJ76: =IF(AJ$16="","",AI76) -> 24397 | AK76: 24432 | AL76: =IF(AL$16="","",AK76) | AM76: =IF(AM$16="","",AL76) | AN76: =IF(AN$16="","",AM76) | AO76: =IF(AO$16="","",AN76) | AP76: =IF(AP$16="","",AO76) | AQ76: =IF(AQ$16="","",AP76) | AR76: =IF(AR$16="","",AQ76) | AS76: =IF(AS$16="","",AR76) | ... BC76: =IF(BC$16="","",BB76)
A77: BUZZ＃2 | B77: プライズ | C77: 1227 | D77: =IF(D$16="","",C77) -> 1227 | E77: 1230 | F77: =IF(F$16="","",E77) -> 1230 | G77: =IF(G$16="","",F77) -> 1230 | H77: =IF(H$16="","",G77) -> 1230 | I77: 1234 | J77: =IF(J$16="","",I77) -> 1234 | K77: =IF(K$16="","",J77) -> 1234 | L77: 1235 | M77: =IF(M$16="","",L77) -> 1235 | N77: =IF(N$16="","",M77) -> 1235 | O77: 1236 | P77: =IF(P$16="","",O77) -> 1236 | Q77: =IF(Q$16="","",P77) -> 1236 | R77: 1251 | S77: =IF(S$16="","",R77) -> 1251 | T77: 1257 | U77: =IF(U$16="","",T77) -> 1257 | V77: =IF(V$16="","",U77) -> 1257 | W77: =IF(W$16="","",V77) -> 1257 | X77: =IF(X$16="","",W77) -> 1257 | Y77: =IF(Y$16="","",X77) -> 1257 | Z77: 1261 | AA77: =IF(AA$16="","",Z77) -> 1261 | AB77: =IF(AB$16="","",AA77) -> 1261 | AC77: =IF(AC$16="","",AB77) -> 1261 | AD77: 1264 | AE77: =IF(AE$16="","",AD77) -> 1264 | AF77: =IF(AF$16="","",AE77) -> 1264 | AG77: 1268 | AH77: =IF(AH$16="","",AG77) -> 1268 | AI77: =IF(AI$16="","",AH77) -> 1268 | AJ77: =IF(AJ$16="","",AI77) -> 1268 | AK77: 1276 | AL77: =IF(AL$16="","",AK77) | AM77: =IF(AM$16="","",AL77) | AN77: =IF(AN$16="","",AM77) | AO77: =IF(AO$16="","",AN77) | AP77: =IF(AP$16="","",AO77) | AQ77: =IF(AQ$16="","",AP77) | AR77: =IF(AR$16="","",AQ77) | AS77: =IF(AS$16="","",AR77) | ... BC77: =IF(BC$16="","",BB77)
A78: 1 | B78: 投入残 | C78: 13 | D78: =IF(D76="","",(C78+C79)) -> 13 | E78: 10 | F78: =IF(F76="","",(E78+E79)) -> 10 | G78: =IF(G76="","",(F78+F79)) -> 10 | H78: =IF(H76="","",(G78+G79)) -> 10 | I78: 6 | J78: =IF(J76="","",(I78+I79)) -> 6 | K78: =IF(K76="","",(J78+J79)) -> 6 | L78: 4 | M78: =IF(M76="","",(L78+L79)) -> 4 | N78: =IF(N76="","",(M78+M79)) -> 4 | O78: 3 | P78: =IF(P76="","",(O78+O79)) -> 15 | Q78: =IF(Q76="","",(P78+P79)) -> 15 | R78: =IF(R76="","",(Q78+Q79)) -> 15 | S78: =IF(S76="","",(R78+R79)) -> 4 | T78: 1 | U78: =IF(U76="","",(T78+T79)) -> 5 | V78: =IF(V76="","",(U78+U79)) -> 5 | W78: =IF(W76="","",(V78+V79)) -> 5 | X78: =IF(X76="","",(W78+W79)) -> 5 | Y78: =IF(Y76="","",(X78+X79)) -> 5 | Z78: 1 | AA78: =IF(AA76="","",(Z78+Z79)) -> 7 | AB78: =IF(AB76="","",(AA78+AA79)) -> 7 | AC78: =IF(AC76="","",(AB78+AB79)) -> 7 | AD78: 4 | AE78: =IF(AE76="","",(AD78+AD79)) -> 4 | AF78: =IF(AF76="","",(AE78+AE79)) -> 4 | AG78: 0 | AH78: =IF(AH76="","",(AG78+AG79)) -> 18 | AI78: =IF(AI76="","",(AH78+AH79)) -> 18 | AJ78: =IF(AJ76="","",(AI78+AI79)) -> 18 | AK78: 10 | AL78: =IF(AL76="","",(AK78+AK79)) | AM78: =IF(AM76="","",(AL78+AL79)) | AN78: =IF(AN76="","",(AM78+AM79)) | AO78: =IF(AO76="","",(AN78+AN79)) | AP78: =IF(AP76="","",(AO78+AO79)) | AQ78: =IF(AQ76="","",(AP78+AP79)) | AR78: =IF(AR76="","",(AQ78+AQ79)) | AS78: =IF(AS76="","",(AR78+AR79)) | ... BC78: =IF(BC76="","",(BB78+BB79))
A79: 機械合計 | B79: 補充 | O79: 12 | R79: -11 | T79: 4 | Z79: 6 | AG79: 18
A80: =+(A83+A95+A107+A119)*100 -> 305600 | B80: 単価 | C80: 500 | D80: =IF(D76="","",C80) -> 500 | E80: =IF(E76="","",D80) -> 500 | F80: =IF(F76="","",E80) -> 500 | G80: =IF(G76="","",F80) -> 500 | H80: =IF(H76="","",G80) -> 500 | I80: =IF(I76="","",H80) -> 500 | J80: =IF(J76="","",I80) -> 500 | K80: =IF(K76="","",J80) -> 500 | ... O80: =IF(O76="","",N80) -> 500 | P80: 560 | Q80: =IF(Q76="","",P80) -> 560 | R80: =IF(R76="","",Q80) -> 560 | S80: =IF(S76="","",R80) -> 560 | T80: =IF(T76="","",S80) -> 560 | U80: =IF(U76="","",T80) -> 560 | V80: =IF(V76="","",U80) -> 560 | W80: =IF(W76="","",V80) -> 560 | X80: =IF(X76="","",W80) -> 560 | ... BC80: =IF(BC76="","",BB80)
A81: 月間予想 | B81: 景品名 | C81: たまごっちシール | D81: =IF(D76="","",C81) -> たまごっちシール | E81: =IF(E76="","",D81) -> たまごっちシール | F81: =IF(F76="","",E81) -> たまごっちシール | G81: =IF(G76="","",F81) -> たまごっちシール | H81: =IF(H76="","",G81) -> たまごっちシール | I81: =IF(I76="","",H81) -> たまごっちシール | J81: =IF(J76="","",I81) -> たまごっちシール | K81: =IF(K76="","",J81) -> たまごっちシール | ... O81: =IF(O76="","",N81) -> たまごっちシール | P81: たまごっちカスタムキーリング | Q81: =IF(Q76="","",P81) -> たまごっちカスタムキーリング | R81: =IF(R76="","",Q81) -> たまごっちカスタムキーリング | S81: =IF(S76="","",R81) -> たまごっちカスタムキーリング | T81: =IF(T76="","",S81) -> たまごっちカスタムキーリング | U81: =IF(U76="","",T81) -> たまごっちカスタムキーリング | V81: =IF(V76="","",U81) -> たまごっちカスタムキーリング | W81: =IF(W76="","",V81) -> たまごっちカスタムキーリング | X81: =IF(X76="","",W81) -> たまごっちカスタムキーリング | ... AG81: =IF(AG76="","",AF81) -> たまごっちカスタムキーリング | AH81: おかしなたまごっち | AI81: =IF(AI76="","",AH81) -> おかしなたまごっち | AJ81: =IF(AJ76="","",AI81) -> おかしなたまごっち | AK81: =IF(AK76="","",AJ81) -> おかしなたまごっち | AL81: =IF(AL76="","",AK81) | AM81: =IF(AM76="","",AL81) | AN81: =IF(AN76="","",AM81) | AO81: =IF(AO76="","",AN81) | AP81: =IF(AP76="","",AO81) | ... BC81: =IF(BC76="","",BB81)
A82: =AVERAGE(C83:AS83)*30*100 -> 103941.18 | B82: 設定 | P82: 18.7.8.18 | U82: 17.5.5.18 | AH82: 16.6.6.18 | AL82: 15.5.6.18
A83: =SUM(C83:AS83) -> 1178 | B83: 百差 | D83: =IF(D76="","",D76-C76) -> 0 | E83: =IF(E76="","",E76-D76) -> 141 | F83: =IF(F76="","",F76-E76) -> 0 | G83: =IF(G76="","",G76-F76) -> 0 | H83: =IF(H76="","",H76-G76) -> 0 | I83: =IF(I76="","",I76-H76) -> 96 | J83: =IF(J76="","",J76-I76) -> 0 | K83: =IF(K76="","",K76-J76) -> 0 | ... BC83: =IF(BC76="","",BC76-BB76)
A84: =SUM(C84:AS84) -> 51 | B84: P差 | C84: 2 | D84: =IF(D77="","",D77-C77) -> 0 | E84: =IF(E77="","",E77-D77) -> 3 | F84: =IF(F77="","",F77-E77) -> 0 | G84: =IF(G77="","",G77-F77) -> 0 | H84: =IF(H77="","",H77-G77) -> 0 | I84: =IF(I77="","",I77-H77) -> 4 | J84: =IF(J77="","",J77-I77) -> 0 | K84: =IF(K77="","",K77-J77) -> 0 | ... BC84: =IF(BC77="","",BC77-BB77)
A85: =SUM(C85:AS85) -> 34 | B85: 払出 | C85: 2 | D85: =IF(D78="","",C78+C79-D78) -> 0 | E85: =IF(E78="","",D78+D79-E78) -> 3 | F85: =IF(F78="","",E78+E79-F78) -> 0 | G85: =IF(G78="","",F78+F79-G78) -> 0 | H85: =IF(H78="","",G78+G79-H78) -> 0 | I85: =IF(I78="","",H78+H79-I78) -> 4 | J85: =IF(J78="","",I78+I79-J78) -> 0 | K85: =IF(K78="","",J78+J79-K78) -> 0 | ... BC85: =IF(BC78="","",BB78+BB79-BC78)
A86: =SUM(C86:AS86) -> 18320 | B86: 払出額 | C86: 1000 | D86: =IF(D76="","",D85*D80) -> 0 | E86: =IF(E76="","",E85*E80) -> 1500 | F86: =IF(F76="","",F85*F80) -> 0 | G86: =IF(G76="","",G85*G80) -> 0 | H86: =IF(H76="","",H85*H80) -> 0 | I86: =IF(I76="","",I85*I80) -> 2000 | J86: =IF(J76="","",J85*J80) -> 0 | K86: =IF(K76="","",K85*K80) -> 0 | ... BC86: =IF(BC76="","",BC85*BC80)
A87: =IF(A86="","",A86/(A83*100)) -> 0.15551783 | B87: 原価率 | C87: 0.20833333 | D87: =IF(D86="","",IF(D86=0,"",D86/(D83*100))) | E87: =IF(E86="","",IF(E86=0,"",E86/(E83*100))) -> 0.10638298 | F87: =IF(F86="","",IF(F86=0,"",F86/(F83*100))) | G87: =IF(G86="","",IF(G86=0,"",G86/(G83*100))) | H87: =IF(H86="","",IF(H86=0,"",H86/(H83*100))) | I87: =IF(I86="","",IF(I86=0,"",I86/(I83*100))) -> 0.20833333 | J87: =IF(J86="","",IF(J86=0,"",J86/(J83*100))) | K87: =IF(K86="","",IF(K86=0,"",K86/(K83*100))) | ... BC87: =IF(BC86="","",IF(BC86=0,"",BC86/(BC83*100)))
A88: 八女 | B88: 100円 | C88: 18856 | D88: =IF(D$16="","",C88) -> 18856 | E88: 18981 | F88: =IF(F$16="","",E88) -> 18981 | G88: =IF(G$16="","",F88) -> 18981 | H88: =IF(H$16="","",G88) -> 18981 | I88: 19015 | J88: =IF(J$16="","",I88) -> 19015 | K88: =IF(K$16="","",J88) -> 19015 | L88: 19098 | M88: =IF(M$16="","",L88) -> 19098 | N88: =IF(N$16="","",M88) -> 19098 | O88: 19142 | P88: =IF(P$16="","",O88) -> 19142 | Q88: =IF(Q$16="","",P88) -> 19142 | R88: 19239 | S88: =IF(S$16="","",R88) -> 19239 | T88: 19287 | U88: =IF(U$16="","",T88) -> 19287 | V88: =IF(V$16="","",U88) -> 19287 | W88: 19348 | X88: =IF(X$16="","",W88) -> 19348 | Y88: =IF(Y$16="","",X88) -> 19348 | Z88: 19433 | AA88: =IF(AA$16="","",Z88) -> 19433 | AB88: =IF(AB$16="","",AA88) -> 19433 | AC88: =IF(AC$16="","",AB88) -> 19433 | AD88: 19505 | AE88: =IF(AE$16="","",AD88) -> 19505 | AF88: =IF(AF$16="","",AE88) -> 19505 | AG88: 19552 | AH88: =IF(AH$16="","",AG88) -> 19552 | AI88: =IF(AI$16="","",AH88) -> 19552 | AJ88: =IF(AJ$16="","",AI88) -> 19552 | AK88: 19684 | AL88: =IF(AL$16="","",AK88) | AM88: =IF(AM$16="","",AL88) | AN88: =IF(AN$16="","",AM88) | AO88: =IF(AO$16="","",AN88) | AP88: =IF(AP$16="","",AO88) | AQ88: =IF(AQ$16="","",AP88) | AR88: =IF(AR$16="","",AQ88) | AS88: =IF(AS$16="","",AR88) | ... BC88: =IF(BC$16="","",BB88)
A89: BUZZ＃2 | B89: プライズ | C89: 1196 | D89: =IF(D$16="","",C89) -> 1196 | E89: 1198 | F89: =IF(F$16="","",E89) -> 1198 | G89: =IF(G$16="","",F89) -> 1198 | H89: =IF(H$16="","",G89) -> 1198 | I89: =IF(I$16="","",H89) -> 1198 | J89: =IF(J$16="","",I89) -> 1198 | K89: =IF(K$16="","",J89) -> 1198 | L89: =IF(L$16="","",K89) -> 1198 | M89: =IF(M$16="","",L89) -> 1198 | N89: =IF(N$16="","",M89) -> 1198 | O89: 1219 | P89: =IF(P$16="","",O89) -> 1219 | Q89: =IF(Q$16="","",P89) -> 1219 | R89: 1221 | S89: =IF(S$16="","",R89) -> 1221 | T89: 1223 | U89: =IF(U$16="","",T89) -> 1223 | V89: =IF(V$16="","",U89) -> 1223 | W89: 1225 | X89: =IF(X$16="","",W89) -> 1225 | Y89: =IF(Y$16="","",X89) -> 1225 | Z89: 1227 | AA89: =IF(AA$16="","",Z89) -> 1227 | AB89: =IF(AB$16="","",AA89) -> 1227 | AC89: =IF(AC$16="","",AB89) -> 1227 | AD89: 1232 | AE89: =IF(AE$16="","",AD89) -> 1232 | AF89: =IF(AF$16="","",AE89) -> 1232 | AG89: 1240 | AH89: =IF(AH$16="","",AG89) -> 1240 | AI89: =IF(AI$16="","",AH89) -> 1240 | AJ89: =IF(AJ$16="","",AI89) -> 1240 | AK89: 1248 | AL89: =IF(AL$16="","",AK89) | AM89: =IF(AM$16="","",AL89) | AN89: =IF(AN$16="","",AM89) | AO89: =IF(AO$16="","",AN89) | AP89: =IF(AP$16="","",AO89) | AQ89: =IF(AQ$16="","",AP89) | AR89: =IF(AR$16="","",AQ89) | AS89: =IF(AS$16="","",AR89) | ... BC89: =IF(BC$16="","",BB89)
A90: 2 | B90: 投入残 | C90: 22 | D90: =IF(D88="","",(C90+C91)) -> 22 | E90: 20 | F90: =IF(F88="","",(E90+E91)) -> 20 | G90: =IF(G88="","",(F90+F91)) -> 20 | H90: =IF(H88="","",(G90+G91)) -> 20 | I90: =IF(I88="","",(H90+H91)) -> 20 | J90: =IF(J88="","",(I90+I91)) -> 30 | K90: =IF(K88="","",(J90+J91)) -> 30 | L90: 4 | M90: =IF(M88="","",(L90+L91)) -> 18 | N90: =IF(N88="","",(M90+M91)) -> 18 | O90: =IF(O88="","",(N90+N91)) -> 18 | P90: =IF(P88="","",(O90+O91)) -> 18 | Q90: =IF(Q88="","",(P90+P91)) -> 18 | R90: 17 | S90: =IF(S88="","",(R90+R91)) -> 20 | T90: =IF(T88="","",(S90+S91)) -> 20 | U90: =IF(U88="","",(T90+T91)) -> 20 | V90: =IF(V88="","",(U90+U91)) -> 20 | W90: =IF(W88="","",(V90+V91)) -> 20 | X90: =IF(X88="","",(W90+W91)) -> 20 | Y90: =IF(Y88="","",(X90+X91)) -> 20 | Z90: 17 | AA90: =IF(AA88="","",(Z90+Z91)) -> 20 | AB90: =IF(AB88="","",(AA90+AA91)) -> 20 | AC90: =IF(AC88="","",(AB90+AB91)) -> 20 | AD90: 18 | AE90: =IF(AE88="","",(AD90+AD91)) -> 20 | AF90: =IF(AF88="","",(AE90+AE91)) -> 20 | AG90: 19 | AH90: =IF(AH88="","",(AG90+AG91)) -> 19 | AI90: =IF(AI88="","",(AH90+AH91)) -> 19 | AJ90: =IF(AJ88="","",(AI90+AI91)) -> 19 | AK90: 16 | AL90: =IF(AL88="","",(AK90+AK91)) | AM90: =IF(AM88="","",(AL90+AL91)) | AN90: =IF(AN88="","",(AM90+AM91)) | AO90: =IF(AO88="","",(AN90+AN91)) | AP90: =IF(AP88="","",(AO90+AO91)) | AQ90: =IF(AQ88="","",(AP90+AP91)) | AR90: =IF(AR88="","",(AQ90+AQ91)) | AS90: =IF(AS88="","",(AR90+AR91)) | ... BC90: =IF(BC88="","",(BB90+BB91))
B91: 補充 | I91: 10 | L91: 14 | R91: 3 | Z91: 3 | AD91: 2 | AK91: 3
B92: 単価 | C92: 340 | D92: =IF(D88="","",C92) -> 340 | E92: =IF(E88="","",D92) -> 340 | F92: =IF(F88="","",E92) -> 340 | G92: =IF(G88="","",F92) -> 340 | H92: =IF(H88="","",G92) -> 340 | I92: =IF(I88="","",H92) -> 340 | J92: 300 | K92: =IF(K88="","",J92) -> 300 | L92: 880 | M92: =IF(M88="","",L92) -> 880 | N92: =IF(N88="","",M92) -> 880 | O92: =IF(O88="","",N92) -> 880 | P92: =IF(P88="","",O92) -> 880 | Q92: =IF(Q88="","",P92) -> 880 | R92: =IF(R88="","",Q92) -> 880 | S92: =IF(S88="","",R92) -> 880 | T92: =IF(T88="","",S92) -> 880 | ... BC92: =IF(BC88="","",BB92)
A93: 月間予想 | B93: 景品名 | C93: バタースクイーズ | D93: =IF(D88="","",C93) -> バタースクイーズ | E93: =IF(E88="","",D93) -> バタースクイーズ | F93: =IF(F88="","",E93) -> バタースクイーズ | G93: =IF(G88="","",F93) -> バタースクイーズ | H93: =IF(H88="","",G93) -> バタースクイーズ | I93: =IF(I88="","",H93) -> バタースクイーズ | J93: ご当地もけけ | K93: =IF(K88="","",J93) -> ご当地もけけ | L93: =IF(L88="","",K93) -> ご当地もけけ | M93: ベアブリック | N93: =IF(N88="","",M93) -> ベアブリック | O93: =IF(O88="","",N93) -> ベアブリック | P93: =IF(P88="","",O93) -> ベアブリック | Q93: =IF(Q88="","",P93) -> ベアブリック | R93: =IF(R88="","",Q93) -> ベアブリック | S93: =IF(S88="","",R93) -> ベアブリック | T93: =IF(T88="","",S93) -> ベアブリック | U93: =IF(U88="","",T93) -> ベアブリック | ... BC93: =IF(BC88="","",BB93)
A94: =AVERAGE(C95:AS95)*30*100 -> 73058.824 | B94: 設定 | J94: 16.6.7.17 | M94: 24.9.11.24
A95: =SUM(C95:AS95) -> 828 | B95: 百差 | D95: =IF(D88="","",D88-C88) -> 0 | E95: =IF(E88="","",E88-D88) -> 125 | F95: =IF(F88="","",F88-E88) -> 0 | G95: =IF(G88="","",G88-F88) -> 0 | H95: =IF(H88="","",H88-G88) -> 0 | I95: =IF(I88="","",I88-H88) -> 34 | J95: =IF(J88="","",J88-I88) -> 0 | K95: =IF(K88="","",K88-J88) -> 0 | ... BC95: =IF(BC88="","",BC88-BB88)
A96: =SUM(C96:AS96) -> 53 | B96: P差 | C96: 1 | D96: =IF(D89="","",D89-C89) -> 0 | E96: =IF(E89="","",E89-D89) -> 2 | F96: =IF(F89="","",F89-E89) -> 0 | G96: =IF(G89="","",G89-F89) -> 0 | H96: =IF(H89="","",H89-G89) -> 0 | I96: =IF(I89="","",I89-H89) -> 0 | J96: =IF(J89="","",J89-I89) -> 0 | K96: =IF(K89="","",K89-J89) -> 0 | ... BC96: =IF(BC89="","",BC89-BB89)
A97: =SUM(C97:AS97) -> 39 | B97: 払出 | C97: 1 | D97: =IF(D90="","",C90+C91-D90) -> 0 | E97: =IF(E90="","",D90+D91-E90) -> 2 | F97: =IF(F90="","",E90+E91-F90) -> 0 | G97: =IF(G90="","",F90+F91-G90) -> 0 | H97: =IF(H90="","",G90+G91-H90) -> 0 | I97: =IF(I90="","",H90+H91-I90) -> 0 | J97: =IF(J90="","",I90+I91-J90) -> 0 | K97: =IF(K90="","",J90+J91-K90) -> 0 | ... BC97: =IF(BC90="","",BB90+BB91-BC90)
A98: =SUM(C98:AS98) -> 32700 | B98: 払出額 | C98: 340 | D98: =IF(D88="","",D97*D92) -> 0 | E98: =IF(E88="","",E97*E92) -> 680 | F98: =IF(F88="","",F97*F92) -> 0 | G98: =IF(G88="","",G97*G92) -> 0 | H98: =IF(H88="","",H97*H92) -> 0 | I98: =IF(I88="","",I97*I92) -> 0 | J98: =IF(J88="","",J97*J92) -> 0 | K98: =IF(K88="","",K97*K92) -> 0 | ... BC98: =IF(BC88="","",BC97*BC92)
A99: =IF(A98="","",A98/(A95*100)) -> 0.39492754 | B99: 原価率 | C99: 0.14166667 | D99: =IF(D98="","",IF(D98=0,"",D98/(D95*100))) | E99: =IF(E98="","",IF(E98=0,"",E98/(E95*100))) -> 0.0544 | F99: =IF(F98="","",IF(F98=0,"",F98/(F95*100))) | G99: =IF(G98="","",IF(G98=0,"",G98/(G95*100))) | H99: =IF(H98="","",IF(H98=0,"",H98/(H95*100))) | I99: =IF(I98="","",IF(I98=0,"",I98/(I95*100))) | J99: =IF(J98="","",IF(J98=0,"",J98/(J95*100))) | K99: =IF(K98="","",IF(K98=0,"",K98/(K95*100))) | ... BC99: =IF(BC98="","",IF(BC98=0,"",BC98/(BC95*100)))
A100: 八女 | B100: 100円 | C100: 20772 | D100: =IF(D$16="","",C100) -> 20772 | E100: 20826 | F100: =IF(F$16="","",E100) -> 20826 | G100: =IF(G$16="","",F100) -> 20826 | H100: =IF(H$16="","",G100) -> 20826 | I100: 20839 | J100: =IF(J$16="","",I100) -> 20839 | K100: =IF(K$16="","",J100) -> 20839 | L100: 20883 | M100: =IF(M$16="","",L100) -> 20883 | N100: =IF(N$16="","",M100) -> 20883 | O100: 20904 | P100: =IF(P$16="","",O100) -> 20904 | Q100: =IF(Q$16="","",P100) -> 20904 | R100: 20928 | S100: =IF(S$16="","",R100) -> 20928 | T100: 21002 | U100: =IF(U$16="","",T100) -> 21002 | V100: =IF(V$16="","",U100) -> 21002 | W100: 21057 | X100: =IF(X$16="","",W100) -> 21057 | Y100: =IF(Y$16="","",X100) -> 21057 | Z100: 21165 | AA100: =IF(AA$16="","",Z100) -> 21165 | AB100: =IF(AB$16="","",AA100) -> 21165 | AC100: =IF(AC$16="","",AB100) -> 21165 | AD100: 21207 | AE100: =IF(AE$16="","",AD100) -> 21207 | AF100: =IF(AF$16="","",AE100) -> 21207 | AG100: 21267 | AH100: =IF(AH$16="","",AG100) -> 21267 | AI100: =IF(AI$16="","",AH100) -> 21267 | AJ100: =IF(AJ$16="","",AI100) -> 21267 | AK100: 21401 | AL100: =IF(AL$16="","",AK100) | AM100: =IF(AM$16="","",AL100) | AN100: =IF(AN$16="","",AM100) | AO100: =IF(AO$16="","",AN100) | AP100: =IF(AP$16="","",AO100) | AQ100: =IF(AQ$16="","",AP100) | AR100: =IF(AR$16="","",AQ100) | AS100: =IF(AS$16="","",AR100) | ... BC100: =IF(BC$16="","",BB100)
...
