Workbook

Sheet 鹿屋
A1: =SUM(A62,A74,A86,A98,A14,A26,A38,A50,A206,A218,A230,A242,A110,A122,A134,A146,A158,A170,A182,A194,A254,A266) -> 1082400 | B1: 日付 | C1: 46157 | D1: 46158 | E1: 46159 | F1: 46160 | G1: 46161 | H1: 46162 | I1: 46163 | J1: =I1+1 -> 46164 | K1: =J1+1 -> 46165 | L1: =K1+1 -> 46166 | M1: =L1+1 -> 46167 | N1: =M1+1 -> 46168 | O1: =N1+1 -> 46169 | P1: =O1+1 -> 46170 | Q1: =P1+1 -> 46171 | ... AS1: =AR1+1 -> 46199
B2: =SUM(C2:AO2) -> 3608 | C2: 0 | D2: 0 | E2: 1432 | F2: 0 | G2: 0 | H2: 0 | I2: 821 | J2: =SUM(J63,J75,J87,J99,J15,J27,J39,J51,J207,J219,J231,J243,J195,J183,J171,J159,J147,J135,J123,J111,J255,J267) -> 0 | K2: =SUM(K63,K75,K87,K99,K15,K27,K39,K51,K207,K219,K231,K243,K195,K183,K171,K159,K147,K135,K123,K111,K255,K267) -> 0 | L2: =SUM(L63,L75,L87,L99,L15,L27,L39,L51,L207,L219,L231,L243,L195,L183,L171,L159,L147,L135,L123,L111,L255,L267) -> 1355 | M2: =SUM(M63,M75,M87,M99,M15,M27,M39,M51,M207,M219,M231,M243,M195,M183,M171,M159,M147,M135,M123,M111,M255,M267) -> 0 | N2: =SUM(N63,N75,N87,N99,N15,N27,N39,N51,N207,N219,N231,N243,N195,N183,N171,N159,N147,N135,N123,N111,N255,N267) -> 0 | O2: =SUM(O63,O75,O87,O99,O15,O27,O39,O51,O207,O219,O231,O243,O195,O183,O171,O159,O147,O135,O123,O111,O255,O267) -> 0 | P2: =SUM(P63,P75,P87,P99,P15,P27,P39,P51,P207,P219,P231,P243,P195,P183,P171,P159,P147,P135,P123,P111,P255,P267) -> 0 | Q2: =SUM(Q63,Q75,Q87,Q99,Q15,Q27,Q39,Q51,Q207,Q219,Q231,Q243,Q195,Q183,Q171,Q159,Q147,Q135,Q123,Q111,Q255,Q267) -> 0 | ... AS2: =SUM(AS63,AS75,AS87,AS99,AS15,AS27,AS39,AS51,AS207,AS219,AS231,AS243,AS195,AS183,AS171,AS159,AS147,AS135,AS123,AS111,AS255,AS267) -> 0
A3: 集金
A4: 両替機
A5: 百出 | E5: 1140 | L5: 2680
A6: 札入 | E6: 91 | L6: 204
A7: 五入 | E7: 46 | L7: 128
A8: 鹿屋 | B8: 100円 | C8: 5280 | D8: 5280 | E8: 5315 | F8: 5315 | G8: 5315 | H8: 5315 | I8: 5335 | J8: 5335 | K8: 5335 | L8: 5396
A9: BUZZ＃１ | B9: プライズ | C9: 351 | D9: 351 | E9: 357 | F9: 357 | G9: 357 | H9: 357 | I9: 359 | J9: =IF(J8="","",I9) -> 359 | K9: =IF(K8="","",J9) -> 359 | L9: 365 | M9: =IF(M8="","",L9) | N9: =IF(N8="","",M9) | O9: =IF(O8="","",N9) | P9: =IF(P8="","",O9) | Q9: =IF(Q8="","",P9) | R9: =IF(R8="","",Q9) | S9: =IF(S8="","",R9) | T9: =IF(T8="","",S9) | ... AS9: =IF(AS8="","",AR9)
A10: 1 | B10: 投入残 | C10: 40 | D10: 40 | E10: 34 | F10: 34 | G10: 34 | H10: 34 | I10: 32 | J10: =IF(J8="","",(I10+I11)) -> 32 | K10: =IF(K8="","",(J10+J11)) -> 32 | L10: 26 | M10: =IF(M8="","",(L10+L11)) | N10: =IF(N8="","",(M10+M11)) | O10: =IF(O8="","",(N10+N11)) | P10: =IF(P8="","",(O10+O11)) | Q10: =IF(Q8="","",(P10+P11)) | R10: =IF(R8="","",(Q10+Q11)) | S10: =IF(S8="","",(R10+R11)) | T10: =IF(T8="","",(S10+S11)) | ... AS10: =IF(AS8="","",(AR10+AR11))
A11: 機械合計 | B11: 補充
A12: =+(A15+A27+A39+A51)*100 -> 49200 | B12: 単価 | C12: 500 | D12: 500 | E12: 500 | F12: 500 | G12: 500 | H12: 500 | I12: 500 | J12: =IF(J8="","",I12) -> 500 | K12: =IF(K8="","",J12) -> 500 | L12: =IF(L8="","",K12) -> 500 | M12: =IF(M8="","",L12) | N12: =IF(N8="","",M12) | O12: =IF(O8="","",N12) | P12: =IF(P8="","",O12) | Q12: =IF(Q8="","",P12) | ... AS12: =IF(AS8="","",AR12)
A13: 月間予想 | B13: 景品名 | C13: 電ブル | D13: 電ブル | E13: 電ブル | F13: 電ブル | G13: 電ブル | H13: 電ブル | I13: 電ブル | J13: =IF(J8="","",I13) -> 電ブル | K13: =IF(K8="","",J13) -> 電ブル | L13: =IF(L8="","",K13) -> 電ブル | M13: =IF(M8="","",L13) | N13: =IF(N8="","",M13) | O13: =IF(O8="","",N13) | P13: =IF(P8="","",O13) | Q13: =IF(Q8="","",P13) | ... AS13: =IF(AS8="","",AR13)
A14: =AVERAGE(C15:AS15)*30*100 -> 34800 | B14: 設定
A15: =SUM(C15:AS15) -> 116 | B15: 百差 | C15: 0 | D15: 0 | E15: 35 | F15: 0 | G15: 0 | H15: 0 | I15: 20 | J15: =IF(J8="","",J8-I8) -> 0 | K15: =IF(K8="","",K8-J8) -> 0 | L15: =IF(L8="","",L8-K8) -> 61 | M15: =IF(M8="","",M8-L8) | N15: =IF(N8="","",N8-M8) | O15: =IF(O8="","",O8-N8) | P15: =IF(P8="","",P8-O8) | Q15: =IF(Q8="","",Q8-P8) | ... AS15: =IF(AS8="","",AS8-AR8)
A16: =SUM(C16:AS16) -> 14 | B16: P差 | C16: 0 | D16: 0 | E16: 6 | F16: 0 | G16: 0 | H16: 0 | I16: 2 | J16: =IF(J9="","",J9-I9) -> 0 | K16: =IF(K9="","",K9-J9) -> 0 | L16: =IF(L9="","",L9-K9) -> 6 | M16: =IF(M9="","",M9-L9) | N16: =IF(N9="","",N9-M9) | O16: =IF(O9="","",O9-N9) | P16: =IF(P9="","",P9-O9) | Q16: =IF(Q9="","",Q9-P9) | ... AS16: =IF(AS9="","",AS9-AR9)
A17: =SUM(C17:AS17) -> 14 | B17: 払出 | C17: 0 | D17: 0 | E17: 6 | F17: 0 | G17: 0 | H17: 0 | I17: 2 | J17: =IF(J10="","",I10+I11-J10) -> 0 | K17: =IF(K10="","",J10+J11-K10) -> 0 | L17: =IF(L10="","",K10+K11-L10) -> 6 | M17: =IF(M10="","",L10+L11-M10) | N17: =IF(N10="","",M10+M11-N10) | O17: =IF(O10="","",N10+N11-O10) | P17: =IF(P10="","",O10+O11-P10) | Q17: =IF(Q10="","",P10+P11-Q10) | ... AS17: =IF(AS10="","",AR10+AR11-AS10)
A18: =SUM(C18:AS18) -> 7000 | B18: 払出額 | C18: 0 | D18: 0 | E18: 3000 | F18: 0 | G18: 0 | H18: 0 | I18: 1000 | J18: =IF(J8="","",J17*J12) -> 0 | K18: =IF(K8="","",K17*K12) -> 0 | L18: =IF(L8="","",L17*L12) -> 3000 | M18: =IF(M8="","",M17*M12) | N18: =IF(N8="","",N17*N12) | O18: =IF(O8="","",O17*O12) | P18: =IF(P8="","",P17*P12) | Q18: =IF(Q8="","",Q17*Q12) | ... AS18: =IF(AS8="","",AS17*AS12) | AT18: =
A19: =IF(A18="","",A18/(A15*100)) -> 0.60344828 | B19: 原価率 | E19: 0.85714286 | I19: 0.5 | J19: =IF(J18="","",IF(J18=0,"",J18/(J15*100))) | K19: =IF(K18="","",IF(K18=0,"",K18/(K15*100))) | L19: =IF(L18="","",IF(L18=0,"",L18/(L15*100))) -> 0.49180328 | M19: =IF(M18="","",IF(M18=0,"",M18/(M15*100))) | N19: =IF(N18="","",IF(N18=0,"",N18/(N15*100))) | O19: =IF(O18="","",IF(O18=0,"",O18/(O15*100))) | P19: =IF(P18="","",IF(P18=0,"",P18/(P15*100))) | Q19: =IF(Q18="","",IF(Q18=0,"",Q18/(Q15*100))) | ... AS19: =IF(AS18="","",IF(AS18=0,"",AS18/(AS15*100)))
A20: 鹿屋 | B20: 100円 | C20: 7899 | D20: 7899 | E20: 7933 | F20: 7933 | G20: 7933 | H20: 7933 | I20: 7964 | J20: =IF(J8="","",I20) -> 7964 | K20: =IF(K8="","",J20) -> 7964 | L20: 7992 | M20: =IF(M8="","",L20) | N20: =IF(N8="","",M20) | O20: =IF(O8="","",N20) | P20: =IF(P8="","",O20) | Q20: =IF(Q8="","",P20) | R20: =IF(R8="","",Q20) | S20: =IF(S8="","",R20) | T20: =IF(T8="","",S20) | ... AS20: =IF(AS8="","",AR20)
A21: BUZZ＃１ | B21: プライズ | C21: 317 | D21: 317 | E21: 317 | F21: 317 | G21: 317 | H21: 317 | I21: 317 | J21: =IF(J8="","",I21) -> 317 | K21: =IF(K8="","",J21) -> 317 | L21: 317 | M21: =IF(M8="","",L21) | N21: =IF(N8="","",M21) | O21: =IF(O8="","",N21) | P21: =IF(P8="","",O21) | Q21: =IF(Q8="","",P21) | R21: =IF(R8="","",Q21) | S21: =IF(S8="","",R21) | T21: =IF(T8="","",S21) | ... AS21: =IF(AS8="","",AR21)
A22: 2 | B22: 投入残 | C22: 3 | D22: 3 | E22: 2 | F22: 2 | G22: 2 | H22: 2 | I22: 2 | J22: =IF(J20="","",(I22+I23)) -> 2 | K22: =IF(K20="","",(J22+J23)) -> 2 | L22: =IF(L20="","",(K22+K23)) -> 2 | M22: =IF(M20="","",(L22+L23)) | N22: =IF(N20="","",(M22+M23)) | O22: =IF(O20="","",(N22+N23)) | P22: =IF(P20="","",(O22+O23)) | Q22: =IF(Q20="","",(P22+P23)) | ... AS22: =IF(AS20="","",(AR22+AR23))
B23: 補充
B24: 単価 | C24: 750 | D24: 750 | E24: 750 | F24: 750 | G24: 750 | H24: 750 | I24: 750 | J24: =IF(J20="","",I24) -> 750 | K24: =IF(K20="","",J24) -> 750 | L24: =IF(L20="","",K24) -> 750 | M24: =IF(M20="","",L24) | N24: =IF(N20="","",M24) | O24: =IF(O20="","",N24) | P24: =IF(P20="","",O24) | Q24: =IF(Q20="","",P24) | ... AS24: =IF(AS20="","",AR24)
A25: 月間予想 | B25: 景品名 | C25: スンスンフェイスポーチ | D25: スンスンフェイスポーチ | E25: スンスンフェイスポーチ | F25: スンスンフェイスポーチ | G25: スンスンフェイスポーチ | H25: スンスンフェイスポーチ | I25: スンスンフェイスポーチ | J25: =IF(J20="","",I25) -> スンスンフェイスポーチ | K25: =IF(K20="","",J25) -> スンスンフェイスポーチ | L25: =IF(L20="","",K25) -> スンスンフェイスポーチ | M25: =IF(M20="","",L25) | N25: =IF(N20="","",M25) | O25: =IF(O20="","",N25) | P25: =IF(P20="","",O25) | Q25: =IF(Q20="","",P25) | ... AS25: =IF(AS20="","",AR25)
A26: =AVERAGE(C27:AS27)*30*100 -> 27900 | B26: 設定
A27: =SUM(C27:AS27) -> 93 | B27: 百差 | C27: 0 | D27: 0 | E27: 34 | F27: 0 | G27: 0 | H27: 0 | I27: 31 | J27: =IF(J20="","",J20-I20) -> 0 | K27: =IF(K20="","",K20-J20) -> 0 | L27: =IF(L20="","",L20-K20) -> 28 | M27: =IF(M20="","",M20-L20) | N27: =IF(N20="","",N20-M20) | O27: =IF(O20="","",O20-N20) | P27: =IF(P20="","",P20-O20) | Q27: =IF(Q20="","",Q20-P20) | ... AS27: =IF(AS20="","",AS20-AR20)
A28: =SUM(C28:AS28) -> 0 | B28: P差 | C28: 0 | D28: 0 | E28: 0 | F28: 0 | G28: 0 | H28: 0 | I28: 0 | J28: =IF(J21="","",J21-I21) -> 0 | K28: =IF(K21="","",K21-J21) -> 0 | L28: =IF(L21="","",L21-K21) -> 0 | M28: =IF(M21="","",M21-L21) | N28: =IF(N21="","",N21-M21) | O28: =IF(O21="","",O21-N21) | P28: =IF(P21="","",P21-O21) | Q28: =IF(Q21="","",Q21-P21) | ... AS28: =IF(AS21="","",AS21-AR21)
A29: =SUM(C29:AS29) -> 1 | B29: 払出 | C29: 0 | D29: 0 | E29: 1 | F29: 0 | G29: 0 | H29: 0 | I29: 0 | J29: =IF(J22="","",I22+I23-J22) -> 0 | K29: =IF(K22="","",J22+J23-K22) -> 0 | L29: =IF(L22="","",K22+K23-L22) -> 0 | M29: =IF(M22="","",L22+L23-M22) | N29: =IF(N22="","",M22+M23-N22) | O29: =IF(O22="","",N22+N23-O22) | P29: =IF(P22="","",O22+O23-P22) | Q29: =IF(Q22="","",P22+P23-Q22) | ... AS29: =IF(AS22="","",AR22+AR23-AS22)
A30: =SUM(C30:AS30) -> 750 | B30: 払出額 | C30: 0 | D30: 0 | E30: 750 | F30: 0 | G30: 0 | H30: 0 | I30: 0 | J30: =IF(J20="","",J29*J24) -> 0 | K30: =IF(K20="","",K29*K24) -> 0 | L30: =IF(L20="","",L29*L24) -> 0 | M30: =IF(M20="","",M29*M24) | N30: =IF(N20="","",N29*N24) | O30: =IF(O20="","",O29*O24) | P30: =IF(P20="","",P29*P24) | Q30: =IF(Q20="","",Q29*Q24) | ... AS30: =IF(AS20="","",AS29*AS24)
A31: =IF(A30="","",A30/(A27*100)) -> 0.080645161 | B31: 原価率 | E31: 0.22058824 | J31: =IF(J30="","",IF(J30=0,"",J30/(J27*100))) | K31: =IF(K30="","",IF(K30=0,"",K30/(K27*100))) | L31: =IF(L30="","",IF(L30=0,"",L30/(L27*100))) | M31: =IF(M30="","",IF(M30=0,"",M30/(M27*100))) | N31: =IF(N30="","",IF(N30=0,"",N30/(N27*100))) | O31: =IF(O30="","",IF(O30=0,"",O30/(O27*100))) | P31: =IF(P30="","",IF(P30=0,"",P30/(P27*100))) | Q31: =IF(Q30="","",IF(Q30=0,"",Q30/(Q27*100))) | ... AS31: =IF(AS30="","",IF(AS30=0,"",AS30/(AS27*100)))
A32: 鹿屋 | B32: 100円 | C32: 6830 | D32: 6830 | E32: 6871 | F32: 6871 | G32: 6871 | H32: 6871 | I32: 6917 | J32: =IF(J8="","",I32) -> 6917 | K32: =IF(K8="","",J32) -> 6917 | L32: 6997 | M32: =IF(M8="","",L32) | N32: =IF(N8="","",M32) | O32: =IF(O8="","",N32) | P32: =IF(P8="","",O32) | Q32: =IF(Q8="","",P32) | R32: =IF(R8="","",Q32) | S32: =IF(S8="","",R32) | T32: =IF(T8="","",S32) | ... AS32: =IF(AS8="","",AR32)
A33: BUZZ＃１ | B33: プライズ | C33: 390 | D33: 390 | E33: 391 | F33: 391 | G33: 391 | H33: 391 | I33: 391 | J33: =IF(J8="","",I33) -> 391 | K33: =IF(K8="","",J33) -> 391 | L33: 392 | M33: =IF(M8="","",L33) | N33: =IF(N8="","",M33) | O33: =IF(O8="","",N33) | P33: =IF(P8="","",O33) | Q33: =IF(Q8="","",P33) | R33: =IF(R8="","",Q33) | S33: =IF(S8="","",R33) | T33: =IF(T8="","",S33) | ... AS33: =IF(AS8="","",AR33)
A34: 3 | B34: 投入残 | C34: 8 | D34: 8 | E34: 7 | F34: 7 | G34: 7 | H34: 7 | I34: 7 | J34: =IF(J32="","",(I34+I35)) -> 7 | K34: =IF(K32="","",(J34+J35)) -> 7 | L34: 6 | M34: =IF(M32="","",(L34+L35)) | N34: =IF(N32="","",(M34+M35)) | O34: =IF(O32="","",(N34+N35)) | P34: =IF(P32="","",(O34+O35)) | Q34: =IF(Q32="","",(P34+P35)) | R34: =IF(R32="","",(Q34+Q35)) | S34: =IF(S32="","",(R34+R35)) | T34: =IF(T32="","",(S34+S35)) | ... AS34: =IF(AS32="","",(AR34+AR35))
B35: 補充
B36: 単価 | C36: 450 | D36: 450 | E36: 450 | F36: 450 | G36: 450 | H36: 450 | I36: 450 | J36: =IF(J32="","",I36) -> 450 | K36: =IF(K32="","",J36) -> 450 | L36: =IF(L32="","",K36) -> 450 | M36: =IF(M32="","",L36) | N36: =IF(N32="","",M36) | O36: =IF(O32="","",N36) | P36: =IF(P32="","",O36) | Q36: =IF(Q32="","",P36) | ... AS36: =IF(AS32="","",AR36)
A37: 月間予想 | B37: 景品名 | C37: たまごっちマスコット | D37: たまごっちマスコット | E37: たまごっちマスコット | F37: たまごっちマスコット | G37: たまごっちマスコット | H37: たまごっちマスコット | I37: たまごっちマスコット | J37: =IF(J32="","",I37) -> たまごっちマスコット | K37: =IF(K32="","",J37) -> たまごっちマスコット | L37: =IF(L32="","",K37) -> たまごっちマスコット | M37: =IF(M32="","",L37) | N37: =IF(N32="","",M37) | O37: =IF(O32="","",N37) | P37: =IF(P32="","",O37) | Q37: =IF(Q32="","",P37) | ... AS37: =IF(AS32="","",AR37)
A38: =AVERAGE(C39:AS39)*30*100 -> 50100 | B38: 設定
A39: =SUM(C39:AS39) -> 167 | B39: 百差 | C39: 0 | D39: 0 | E39: 41 | F39: 0 | G39: 0 | H39: 0 | I39: 46 | J39: =IF(J32="","",J32-I32) -> 0 | K39: =IF(K32="","",K32-J32) -> 0 | L39: =IF(L32="","",L32-K32) -> 80 | M39: =IF(M32="","",M32-L32) | N39: =IF(N32="","",N32-M32) | O39: =IF(O32="","",O32-N32) | P39: =IF(P32="","",P32-O32) | Q39: =IF(Q32="","",Q32-P32) | ... AS39: =IF(AS32="","",AS32-AR32)
A40: =SUM(C40:AS40) -> 2 | B40: P差 | C40: 0 | D40: 0 | E40: 1 | F40: 0 | G40: 0 | H40: 0 | I40: 0 | J40: =IF(J33="","",J33-I33) -> 0 | K40: =IF(K33="","",K33-J33) -> 0 | L40: =IF(L33="","",L33-K33) -> 1 | M40: =IF(M33="","",M33-L33) | N40: =IF(N33="","",N33-M33) | O40: =IF(O33="","",O33-N33) | P40: =IF(P33="","",P33-O33) | Q40: =IF(Q33="","",Q33-P33) | ... AS40: =IF(AS33="","",AS33-AR33)
A41: =SUM(C41:AS41) -> 2 | B41: 払出 | C41: 0 | D41: 0 | E41: 1 | F41: 0 | G41: 0 | H41: 0 | I41: 0 | J41: =IF(J34="","",I34+I35-J34) -> 0 | K41: =IF(K34="","",J34+J35-K34) -> 0 | L41: =IF(L34="","",K34+K35-L34) -> 1 | M41: =IF(M34="","",L34+L35-M34) | N41: =IF(N34="","",M34+M35-N34) | O41: =IF(O34="","",N34+N35-O34) | P41: =IF(P34="","",O34+O35-P34) | Q41: =IF(Q34="","",P34+P35-Q34) | ... AS41: =IF(AS34="","",AR34+AR35-AS34)
A42: =SUM(C42:AS42) -> 900 | B42: 払出額 | C42: 0 | D42: 0 | E42: 450 | F42: 0 | G42: 0 | H42: 0 | I42: 0 | J42: =IF(J32="","",J41*J36) -> 0 | K42: =IF(K32="","",K41*K36) -> 0 | L42: =IF(L32="","",L41*L36) -> 450 | M42: =IF(M32="","",M41*M36) | N42: =IF(N32="","",N41*N36) | O42: =IF(O32="","",O41*O36) | P42: =IF(P32="","",P41*P36) | Q42: =IF(Q32="","",Q41*Q36) | ... AS42: =IF(AS32="","",AS41*AS36)
A43: =IF(A42="","",A42/(A39*100)) -> 0.053892216 | B43: 原価率 | E43: 0.1097561 | J43: =IF(J42="","",IF(J42=0,"",J42/(J39*100))) | K43: =IF(K42="","",IF(K42=0,"",K42/(K39*100))) | L43: =IF(L42="","",IF(L42=0,"",L42/(L39*100))) -> 0.05625 | M43: =IF(M42="","",IF(M42=0,"",M42/(M39*100))) | N43: =IF(N42="","",IF(N42=0,"",N42/(N39*100))) | O43: =IF(O42="","",IF(O42=0,"",O42/(O39*100))) | P43: =IF(P42="","",IF(P42=0,"",P42/(P39*100))) | Q43: =IF(Q42="","",IF(Q42=0,"",Q42/(Q39*100))) | ... AS43: =IF(AS42="","",IF(AS42=0,"",AS42/(AS39*100)))
A44: 鹿屋 | B44: 100円 | C44: 10244 | D44: 10244 | E44: 10286 | F44: 10286 | G44: 10286 | H44: 10286 | I44: 10311 | J44: =IF(J8="","",I44) -> 10311 | K44: =IF(K8="","",J44) -> 10311 | L44: 10360 | M44: =IF(M8="","",L44) | N44: =IF(N8="","",M44) | O44: =IF(O8="","",N44) | P44: =IF(P8="","",O44) | Q44: =IF(Q8="","",P44) | R44: =IF(R8="","",Q44) | S44: =IF(S8="","",R44) | T44: =IF(T8="","",S44) | ... AS44: =IF(AS8="","",AR44)
A45: BUZZ＃１ | B45: プライズ | C45: 597 | D45: 597 | E45: 598 | F45: 598 | G45: 598 | H45: 598 | I45: 599 | J45: =IF(J8="","",I45) -> 599 | K45: =IF(K8="","",J45) -> 599 | L45: 601 | M45: =IF(M8="","",L45) | N45: =IF(N8="","",M45) | O45: =IF(O8="","",N45) | P45: =IF(P8="","",O45) | Q45: =IF(Q8="","",P45) | R45: =IF(R8="","",Q45) | S45: =IF(S8="","",R45) | T45: =IF(T8="","",S45) | ... AS45: =IF(AS8="","",AR45)
A46: 4 | B46: 投入残 | C46: 12 | D46: 12 | E46: 11 | F46: 17 | G46: 17 | H46: 17 | I46: 16 | J46: =IF(J44="","",(I46+I47)) -> 16 | K46: =IF(K44="","",(J46+J47)) -> 16 | L46: 14 | M46: =IF(M44="","",(L46+L47)) | N46: =IF(N44="","",(M46+M47)) | O46: =IF(O44="","",(N46+N47)) | P46: =IF(P44="","",(O46+O47)) | Q46: =IF(Q44="","",(P46+P47)) | R46: =IF(R44="","",(Q46+Q47)) | S46: =IF(S44="","",(R46+R47)) | T46: =IF(T44="","",(S46+S47)) | ... AS46: =IF(AS44="","",(AR46+AR47))
B47: 補充 | E47: 6 | L47: 3
B48: 単価 | C48: 150 | D48: 150 | E48: 150 | F48: 150 | G48: 150 | H48: 150 | I48: 150 | J48: =IF(J44="","",I48) -> 150 | K48: =IF(K44="","",J48) -> 150 | L48: =IF(L44="","",K48) -> 150 | M48: =IF(M44="","",L48) | N48: =IF(N44="","",M48) | O48: =IF(O44="","",N48) | P48: =IF(P44="","",O48) | Q48: =IF(Q44="","",P48) | ... AS48: =IF(AS44="","",AR48)
A49: 月間予想 | B49: 景品名 | C49: フルーツスクイーズ | D49: フルーツスクイーズ | E49: フルーツスクイーズ | F49: フルーツスクイーズ | G49: フルーツスクイーズ | H49: フルーツスクイーズ | I49: フルーツスクイーズ | J49: =IF(J44="","",I49) -> フルーツスクイーズ | K49: =IF(K44="","",J49) -> フルーツスクイーズ | L49: =IF(L44="","",K49) -> フルーツスクイーズ | M49: =IF(M44="","",L49) | N49: =IF(N44="","",M49) | O49: =IF(O44="","",N49) | P49: =IF(P44="","",O49) | Q49: =IF(Q44="","",P49) | ... AS49: =IF(AS44="","",AR49)
A50: =AVERAGE(C51:AS51)*30*100 -> 34800 | B50: 設定
A51: =SUM(C51:AS51) -> 116 | B51: 百差 | C51: 0 | D51: 0 | E51: 42 | F51: 0 | G51: 0 | H51: 0 | I51: 25 | J51: =IF(J44="","",J44-I44) -> 0 | K51: =IF(K44="","",K44-J44) -> 0 | L51: =IF(L44="","",L44-K44) -> 49 | M51: =IF(M44="","",M44-L44) | N51: =IF(N44="","",N44-M44) | O51: =IF(O44="","",O44-N44) | P51: =IF(P44="","",P44-O44) | Q51: =IF(Q44="","",Q44-P44) | ... AS51: =IF(AS44="","",AS44-AR44)
A52: =SUM(C52:AS52) -> 4 | B52: P差 | C52: 0 | D52: 0 | E52: 1 | F52: 0 | G52: 0 | H52: 0 | I52: 1 | J52: =IF(J45="","",J45-I45) -> 0 | K52: =IF(K45="","",K45-J45) -> 0 | L52: =IF(L45="","",L45-K45) -> 2 | M52: =IF(M45="","",M45-L45) | N52: =IF(N45="","",N45-M45) | O52: =IF(O45="","",O45-N45) | P52: =IF(P45="","",P45-O45) | Q52: =IF(Q45="","",Q45-P45) | ... AS52: =IF(AS45="","",AS45-AR45)
A53: =SUM(C53:AS53) -> 4 | B53: 払出 | C53: 0 | D53: 0 | E53: 1 | F53: 0 | G53: 0 | H53: 0 | I53: 1 | J53: =IF(J46="","",I46+I47-J46) -> 0 | K53: =IF(K46="","",J46+J47-K46) -> 0 | L53: =IF(L46="","",K46+K47-L46) -> 2 | M53: =IF(M46="","",L46+L47-M46) | N53: =IF(N46="","",M46+M47-N46) | O53: =IF(O46="","",N46+N47-O46) | P53: =IF(P46="","",O46+O47-P46) | Q53: =IF(Q46="","",P46+P47-Q46) | ... AS53: =IF(AS46="","",AR46+AR47-AS46)
A54: =SUM(C54:AS54) -> 600 | B54: 払出額 | C54: 0 | D54: 0 | E54: 150 | F54: 0 | G54: 0 | H54: 0 | I54: 150 | J54: =IF(J44="","",J53*J48) -> 0 | K54: =IF(K44="","",K53*K48) -> 0 | L54: =IF(L44="","",L53*L48) -> 300 | M54: =IF(M44="","",M53*M48) | N54: =IF(N44="","",N53*N48) | O54: =IF(O44="","",O53*O48) | P54: =IF(P44="","",P53*P48) | Q54: =IF(Q44="","",Q53*Q48) | ... AS54: =IF(AS44="","",AS53*AS48)
A55: =IF(A54="","",A54/(A51*100)) -> 0.051724138 | B55: 原価率 | E55: 0.035714286 | I55: 0.06 | J55: =IF(J54="","",IF(J54=0,"",J54/(J51*100))) | K55: =IF(K54="","",IF(K54=0,"",K54/(K51*100))) | L55: =IF(L54="","",IF(L54=0,"",L54/(L51*100))) -> 0.06122449 | M55: =IF(M54="","",IF(M54=0,"",M54/(M51*100))) | N55: =IF(N54="","",IF(N54=0,"",N54/(N51*100))) | O55: =IF(O54="","",IF(O54=0,"",O54/(O51*100))) | P55: =IF(P54="","",IF(P54=0,"",P54/(P51*100))) | Q55: =IF(Q54="","",IF(Q54=0,"",Q54/(Q51*100))) | ... AS55: =IF(AS54="","",IF(AS54=0,"",AS54/(AS51*100)))
A56: 鹿屋 | B56: 100円 | C56: 14202 | D56: 14202 | E56: 14251 | F56: 14251 | G56: 14251 | H56: 14251 | I56: 14265 | J56: =IF(J$8="","",I56) -> 14265 | K56: =IF(K$8="","",J56) -> 14265 | L56: 14276 | M56: =IF(M$8="","",L56) | N56: =IF(N$8="","",M56) | O56: =IF(O$8="","",N56) | P56: =IF(P$8="","",O56) | Q56: =IF(Q$8="","",P56) | R56: =IF(R$8="","",Q56) | S56: =IF(S$8="","",R56) | T56: =IF(T$8="","",S56) | ... AS56: =IF(AS$8="","",AR56)
A57: BUZZ＃2 | B57: プライズ | C57: 333 | D57: 333 | E57: 335 | F57: 335 | G57: 335 | H57: 335 | I57: 335 | J57: =IF(J$8="","",I57) -> 335 | K57: =IF(K$8="","",J57) -> 335 | L57: =IF(L$8="","",K57) -> 335 | M57: =IF(M$8="","",L57) | N57: =IF(N$8="","",M57) | O57: =IF(O$8="","",N57) | P57: =IF(P$8="","",O57) | Q57: =IF(Q$8="","",P57) | ... AS57: =IF(AS$8="","",AR57)
A58: 1 | B58: 投入残 | C58: 6 | D58: 6 | E58: 4 | F58: 4 | G58: 4 | H58: 4 | I58: 4 | J58: =IF(J$8="","",(I58+I59)) -> 4 | K58: =IF(K$8="","",(J58+J59)) -> 4 | L58: =IF(L$8="","",(K58+K59)) -> 4 | M58: =IF(M$8="","",(L58+L59)) | N58: =IF(N$8="","",(M58+M59)) | O58: =IF(O$8="","",(N58+N59)) | P58: =IF(P$8="","",(O58+O59)) | Q58: =IF(Q$8="","",(P58+P59)) | ... AS58: =IF(AS$8="","",(AR58+AR59))
A59: 機械合計 | B59: 補充
A60: =+(A63+A75+A87+A99)*100 -> 43200 | B60: 単価 | C60: 750 | D60: 750 | E60: 750 | F60: 750 | G60: 750 | H60: 750 | I60: 750 | J60: =IF(J$8="","",I60) -> 750 | K60: =IF(K$8="","",J60) -> 750 | L60: =IF(L$8="","",K60) -> 750 | M60: =IF(M$8="","",L60) | N60: =IF(N$8="","",M60) | O60: =IF(O$8="","",N60) | P60: =IF(P$8="","",O60) | Q60: =IF(Q$8="","",P60) | ... AS60: =IF(AS$8="","",AR60)
A61: 月間予想 | B61: 景品名 | C61: モンチッチキーケース | D61: モンチッチキーケース | E61: モンチッチキーケース | F61: モンチッチキーケース | G61: モンチッチキーケース | H61: モンチッチキーケース | I61: モンチッチキーケース | J61: =IF(J$8="","",I61) -> モンチッチキーケース | K61: =IF(K$8="","",J61) -> モンチッチキーケース | L61: =IF(L$8="","",K61) -> モンチッチキーケース | M61: =IF(M$8="","",L61) | N61: =IF(N$8="","",M61) | O61: =IF(O$8="","",N61) | P61: =IF(P$8="","",O61) | Q61: =IF(Q$8="","",P61) | ... AS61: =IF(AS$8="","",AR61)
A62: =AVERAGE(C63:AS63)*30*100 -> 22200 | B62: 設定
A63: =SUM(C63:AS63) -> 74 | B63: 百差 | C63: 0 | D63: 0 | E63: 49 | F63: 0 | G63: 0 | H63: 0 | I63: 14 | J63: =IF(J$8="","",J56-I56) -> 0 | K63: =IF(K$8="","",K56-J56) -> 0 | L63: =IF(L$8="","",L56-K56) -> 11 | M63: =IF(M$8="","",M56-L56) | N63: =IF(N$8="","",N56-M56) | O63: =IF(O$8="","",O56-N56) | P63: =IF(P$8="","",P56-O56) | Q63: =IF(Q$8="","",Q56-P56) | ... AS63: =IF(AS$8="","",AS56-AR56)
A64: =SUM(C64:AS64) -> 2 | B64: P差 | C64: 0 | D64: 0 | E64: 2 | F64: 0 | G64: 0 | H64: 0 | I64: 0 | J64: =IF(J$8="","",J57-I57) -> 0 | K64: =IF(K$8="","",K57-J57) -> 0 | L64: =IF(L$8="","",L57-K57) -> 0 | M64: =IF(M$8="","",M57-L57) | N64: =IF(N$8="","",N57-M57) | O64: =IF(O$8="","",O57-N57) | P64: =IF(P$8="","",P57-O57) | Q64: =IF(Q$8="","",Q57-P57) | ... AS64: =IF(AS$8="","",AS57-AR57)
A65: =SUM(C65:AS65) -> 2 | B65: 払出 | C65: 0 | D65: 0 | E65: 2 | F65: 0 | G65: 0 | H65: 0 | I65: 0 | J65: =IF(J$8="","",I58+I59-J58) -> 0 | K65: =IF(K$8="","",J58+J59-K58) -> 0 | L65: =IF(L$8="","",K58+K59-L58) -> 0 | M65: =IF(M$8="","",L58+L59-M58) | N65: =IF(N$8="","",M58+M59-N58) | O65: =IF(O$8="","",N58+N59-O58) | P65: =IF(P$8="","",O58+O59-P58) | Q65: =IF(Q$8="","",P58+P59-Q58) | ... AS65: =IF(AS$8="","",AR58+AR59-AS58)
A66: =SUM(C66:AS66) -> 1500 | B66: 払出額 | C66: 0 | D66: 0 | E66: 1500 | F66: 0 | G66: 0 | H66: 0 | I66: 0 | J66: =IF(J$8="","",J65*J60) -> 0 | K66: =IF(K$8="","",K65*K60) -> 0 | L66: =IF(L$8="","",L65*L60) -> 0 | M66: =IF(M$8="","",M65*M60) | N66: =IF(N$8="","",N65*N60) | O66: =IF(O$8="","",O65*O60) | P66: =IF(P$8="","",P65*P60) | Q66: =IF(Q$8="","",Q65*Q60) | ... AS66: =IF(AS$8="","",AS65*AS60)
A67: =IF(A66="","",A66/(A63*100)) -> 0.2027027 | B67: 原価率 | E67: 0.30612245 | J67: =IF(J$8="","",IF(J66=0,"",J66/(J63*100))) | K67: =IF(K$8="","",IF(K66=0,"",K66/(K63*100))) | L67: =IF(L$8="","",IF(L66=0,"",L66/(L63*100))) | M67: =IF(M$8="","",IF(M66=0,"",M66/(M63*100))) | N67: =IF(N$8="","",IF(N66=0,"",N66/(N63*100))) | O67: =IF(O$8="","",IF(O66=0,"",O66/(O63*100))) | P67: =IF(P$8="","",IF(P66=0,"",P66/(P63*100))) | Q67: =IF(Q$8="","",IF(Q66=0,"",Q66/(Q63*100))) | ... AS67: =IF(AS$8="","",IF(AS66=0,"",AS66/(AS63*100)))
A68: 鹿屋 | B68: 100円 | C68: 14514 | D68: 14514 | E68: 14565 | F68: 14565 | G68: 14565 | H68: 14565 | I68: 14599 | J68: =IF(J$8="","",I68) -> 14599 | K68: =IF(K$8="","",J68) -> 14599 | L68: 14669 | M68: =IF(M$8="","",L68) | N68: =IF(N$8="","",M68) | O68: =IF(O$8="","",N68) | P68: =IF(P$8="","",O68) | Q68: =IF(Q$8="","",P68) | R68: =IF(R$8="","",Q68) | S68: =IF(S$8="","",R68) | T68: =IF(T$8="","",S68) | ... AS68: =IF(AS$8="","",AR68)
A69: BUZZ＃2 | B69: プライズ | C69: 403 | D69: 403 | E69: 403 | F69: 403 | G69: 403 | H69: 403 | I69: 404 | J69: =IF(J$8="","",I69) -> 404 | K69: =IF(K$8="","",J69) -> 404 | L69: 406 | M69: =IF(M$8="","",L69) | N69: =IF(N$8="","",M69) | O69: =IF(O$8="","",N69) | P69: =IF(P$8="","",O69) | Q69: =IF(Q$8="","",P69) | R69: =IF(R$8="","",Q69) | S69: =IF(S$8="","",R69) | T69: =IF(T$8="","",S69) | ... AS69: =IF(AS$8="","",AR69)
A70: 2 | B70: 投入残 | C70: 11 | D70: 11 | E70: 11 | F70: 11 | G70: 11 | H70: 11 | I70: 10 | J70: =IF(J$8="","",(I70+I71)) -> 10 | K70: =IF(K$8="","",(J70+J71)) -> 10 | L70: 7 | M70: =IF(M$8="","",(L70+L71)) | N70: =IF(N$8="","",(M70+M71)) | O70: =IF(O$8="","",(N70+N71)) | P70: =IF(P$8="","",(O70+O71)) | Q70: =IF(Q$8="","",(P70+P71)) | R70: =IF(R$8="","",(Q70+Q71)) | S70: =IF(S$8="","",(R70+R71)) | T70: =IF(T$8="","",(S70+S71)) | ... AS70: =IF(AS$8="","",(AR70+AR71))
B71: 補充 | L71: 4
B72: 単価 | C72: 100 | D72: 100 | E72: 100 | F72: 100 | G72: 100 | H72: 100 | I72: 100 | J72: =IF(J$8="","",I72) -> 100 | K72: =IF(K$8="","",J72) -> 100 | L72: =IF(L$8="","",K72) -> 100 | M72: =IF(M$8="","",L72) | N72: =IF(N$8="","",M72) | O72: =IF(O$8="","",N72) | P72: =IF(P$8="","",O72) | Q72: =IF(Q$8="","",P72) | ... AS72: =IF(AS$8="","",AR72)
A73: 月間予想 | B73: 景品名 | C73: ベアブリック | D73: ベアブリック | E73: ベアブリック | F73: ベアブリック | G73: ベアブリック | H73: ベアブリック | I73: ベアブリック | J73: =IF(J$8="","",I73) -> ベアブリック | K73: =IF(K$8="","",J73) -> ベアブリック | L73: =IF(L$8="","",K73) -> ベアブリック | M73: =IF(M$8="","",L73) | N73: =IF(N$8="","",M73) | O73: =IF(O$8="","",N73) | P73: =IF(P$8="","",O73) | Q73: =IF(Q$8="","",P73) | ... AS73: =IF(AS$8="","",AR73)
A74: =AVERAGE(C75:AS75)*30*100 -> 46500 | B74: 設定
A75: =SUM(C75:AS75) -> 155 | B75: 百差 | C75: 0 | D75: 0 | E75: 51 | F75: 0 | G75: 0 | H75: 0 | I75: 34 | J75: =IF(J$8="","",J68-I68) -> 0 | K75: =IF(K$8="","",K68-J68) -> 0 | L75: =IF(L$8="","",L68-K68) -> 70 | M75: =IF(M$8="","",M68-L68) | N75: =IF(N$8="","",N68-M68) | O75: =IF(O$8="","",O68-N68) | P75: =IF(P$8="","",P68-O68) | Q75: =IF(Q$8="","",Q68-P68) | ... AS75: =IF(AS$8="","",AS68-AR68)
A76: =SUM(C76:AS76) -> 3 | B76: P差 | C76: 0 | D76: 0 | E76: 0 | F76: 0 | G76: 0 | H76: 0 | I76: 1 | J76: =IF(J$8="","",J69-I69) -> 0 | K76: =IF(K$8="","",K69-J69) -> 0 | L76: =IF(L$8="","",L69-K69) -> 2 | M76: =IF(M$8="","",M69-L69) | N76: =IF(N$8="","",N69-M69) | O76: =IF(O$8="","",O69-N69) | P76: =IF(P$8="","",P69-O69) | Q76: =IF(Q$8="","",Q69-P69) | ... AS76: =IF(AS$8="","",AS69-AR69)
A77: =SUM(C77:AS77) -> 4 | B77: 払出 | C77: 0 | D77: 0 | E77: 0 | F77: 0 | G77: 0 | H77: 0 | I77: 1 | J77: =IF(J$8="","",I70+I71-J70) -> 0 | K77: =IF(K$8="","",J70+J71-K70) -> 0 | L77: =IF(L$8="","",K70+K71-L70) -> 3 | M77: =IF(M$8="","",L70+L71-M70) | N77: =IF(N$8="","",M70+M71-N70) | O77: =IF(O$8="","",N70+N71-O70) | P77: =IF(P$8="","",O70+O71-P70) | Q77: =IF(Q$8="","",P70+P71-Q70) | ... AS77: =IF(AS$8="","",AR70+AR71-AS70)
A78: =SUM(C78:AS78) -> 400 | B78: 払出額 | C78: 0 | D78: 0 | E78: 0 | F78: 0 | G78: 0 | H78: 0 | I78: 100 | J78: =IF(J$8="","",J77*J72) -> 0 | K78: =IF(K$8="","",K77*K72) -> 0 | L78: =IF(L$8="","",L77*L72) -> 300 | M78: =IF(M$8="","",M77*M72) | N78: =IF(N$8="","",N77*N72) | O78: =IF(O$8="","",O77*O72) | P78: =IF(P$8="","",P77*P72) | Q78: =IF(Q$8="","",Q77*Q72) | ... AS78: =IF(AS$8="","",AS77*AS72)
A79: =IF(A78="","",A78/(A75*100)) -> 0.025806452 | B79: 原価率 | I79: 0.029411765 | J79: =IF(J$8="","",IF(J78=0,"",J78/(J75*100))) | K79: =IF(K$8="","",IF(K78=0,"",K78/(K75*100))) | L79: =IF(L$8="","",IF(L78=0,"",L78/(L75*100))) -> 0.042857143 | M79: =IF(M$8="","",IF(M78=0,"",M78/(M75*100))) | N79: =IF(N$8="","",IF(N78=0,"",N78/(N75*100))) | O79: =IF(O$8="","",IF(O78=0,"",O78/(O75*100))) | P79: =IF(P$8="","",IF(P78=0,"",P78/(P75*100))) | Q79: =IF(Q$8="","",IF(Q78=0,"",Q78/(Q75*100))) | ... AS79: =IF(AS$8="","",IF(AS78=0,"",AS78/(AS75*100)))
A80: 鹿屋 | B80: 100円 | C80: 12121 | D80: 12121 | E80: 12177 | F80: 12177 | G80: 12177 | H80: 12177 | I80: 12191 | J80: =IF(J$8="","",I80) -> 12191 | K80: =IF(K$8="","",J80) -> 12191 | L80: 12224 | M80: =IF(M$8="","",L80) | N80: =IF(N$8="","",M80) | O80: =IF(O$8="","",N80) | P80: =IF(P$8="","",O80) | Q80: =IF(Q$8="","",P80) | R80: =IF(R$8="","",Q80) | S80: =IF(S$8="","",R80) | T80: =IF(T$8="","",S80) | ... AS80: =IF(AS$8="","",AR80)
A81: BUZZ＃2 | B81: プライズ | C81: 694 | D81: 694 | E81: 695 | F81: 695 | G81: 695 | H81: 695 | I81: 695 | J81: =IF(J$8="","",I81) -> 695 | K81: =IF(K$8="","",J81) -> 695 | L81: 697 | M81: =IF(M$8="","",L81) | N81: =IF(N$8="","",M81) | O81: =IF(O$8="","",N81) | P81: =IF(P$8="","",O81) | Q81: =IF(Q$8="","",P81) | R81: =IF(R$8="","",Q81) | S81: =IF(S$8="","",R81) | T81: =IF(T$8="","",S81) | ... AS81: =IF(AS$8="","",AR81)
A82: 3 | B82: 投入残 | C82: 74 | D82: 74 | E82: 73 | F82: 73 | G82: 73 | H82: 73 | I82: 73 | J82: =IF(J$8="","",(I82+I83)) -> 73 | K82: =IF(K$8="","",(J82+J83)) -> 73 | L82: 71 | M82: =IF(M$8="","",(L82+L83)) | N82: =IF(N$8="","",(M82+M83)) | O82: =IF(O$8="","",(N82+N83)) | P82: =IF(P$8="","",(O82+O83)) | Q82: =IF(Q$8="","",(P82+P83)) | R82: =IF(R$8="","",(Q82+Q83)) | S82: =IF(S$8="","",(R82+R83)) | T82: =IF(T$8="","",(S82+S83)) | ... AS82: =IF(AS$8="","",(AR82+AR83))
B83: 補充
B84: 単価 | C84: 150 | D84: 150 | E84: 150 | F84: 150 | G84: 150 | H84: 150 | I84: 150 | J84: =IF(J$8="","",I84) -> 150 | K84: =IF(K$8="","",J84) -> 150 | L84: =IF(L$8="","",K84) -> 150 | M84: =IF(M$8="","",L84) | N84: =IF(N$8="","",M84) | O84: =IF(O$8="","",N84) | P84: =IF(P$8="","",O84) | Q84: =IF(Q$8="","",P84) | ... AS84: =IF(AS$8="","",AR84)
A85: 月間予想 | B85: 景品名 | C85: ラブブ風キーホルダー | D85: ラブブ風キーホルダー | E85: ラブブ風キーホルダー | F85: ラブブ風キーホルダー | G85: ラブブ風キーホルダー | H85: ラブブ風キーホルダー | I85: ラブブ風キーホルダー | J85: =IF(J$8="","",I85) -> ラブブ風キーホルダー | K85: =IF(K$8="","",J85) -> ラブブ風キーホルダー | L85: =IF(L$8="","",K85) -> ラブブ風キーホルダー | M85: =IF(M$8="","",L85) | N85: =IF(N$8="","",M85) | O85: =IF(O$8="","",N85) | P85: =IF(P$8="","",O85) | Q85: =IF(Q$8="","",P85) | ... AS85: =IF(AS$8="","",AR85)
A86: =AVERAGE(C87:AS87)*30*100 -> 30900 | B86: 設定
A87: =SUM(C87:AS87) -> 103 | B87: 百差 | C87: 0 | D87: 0 | E87: 56 | F87: 0 | G87: 0 | H87: 0 | I87: 14 | J87: =IF(J$8="","",J80-I80) -> 0 | K87: =IF(K$8="","",K80-J80) -> 0 | L87: =IF(L$8="","",L80-K80) -> 33 | M87: =IF(M$8="","",M80-L80) | N87: =IF(N$8="","",N80-M80) | O87: =IF(O$8="","",O80-N80) | P87: =IF(P$8="","",P80-O80) | Q87: =IF(Q$8="","",Q80-P80) | ... AS87: =IF(AS$8="","",AS80-AR80)
A88: =SUM(C88:AS88) -> 3 | B88: P差 | C88: 0 | D88: 0 | E88: 1 | F88: 0 | G88: 0 | H88: 0 | I88: 0 | J88: =IF(J$8="","",J81-I81) -> 0 | K88: =IF(K$8="","",K81-J81) -> 0 | L88: =IF(L$8="","",L81-K81) -> 2 | M88: =IF(M$8="","",M81-L81) | N88: =IF(N$8="","",N81-M81) | O88: =IF(O$8="","",O81-N81) | P88: =IF(P$8="","",P81-O81) | Q88: =IF(Q$8="","",Q81-P81) | ... AS88: =IF(AS$8="","",AS81-AR81)
A89: =SUM(C89:AS89) -> 3 | B89: 払出 | C89: 0 | D89: 0 | E89: 1 | F89: 0 | G89: 0 | H89: 0 | I89: 0 | J89: =IF(J$8="","",I82+I83-J82) -> 0 | K89: =IF(K$8="","",J82+J83-K82) -> 0 | L89: =IF(L$8="","",K82+K83-L82) -> 2 | M89: =IF(M$8="","",L82+L83-M82) | N89: =IF(N$8="","",M82+M83-N82) | O89: =IF(O$8="","",N82+N83-O82) | P89: =IF(P$8="","",O82+O83-P82) | Q89: =IF(Q$8="","",P82+P83-Q82) | ... AS89: =IF(AS$8="","",AR82+AR83-AS82)
A90: =SUM(C90:AS90) -> 450 | B90: 払出額 | C90: 0 | D90: 0 | E90: 150 | F90: 0 | G90: 0 | H90: 0 | I90: 0 | J90: =IF(J$8="","",J89*J84) -> 0 | K90: =IF(K$8="","",K89*K84) -> 0 | L90: =IF(L$8="","",L89*L84) -> 300 | M90: =IF(M$8="","",M89*M84) | N90: =IF(N$8="","",N89*N84) | O90: =IF(O$8="","",O89*O84) | P90: =IF(P$8="","",P89*P84) | Q90: =IF(Q$8="","",Q89*Q84) | ... AS90: =IF(AS$8="","",AS89*AS84)
A91: =IF(A90="","",A90/(A87*100)) -> 0.04368932 | B91: 原価率 | E91: 0.026785714 | J91: =IF(J$8="","",IF(J90=0,"",J90/(J87*100))) | K91: =IF(K$8="","",IF(K90=0,"",K90/(K87*100))) | L91: =IF(L$8="","",IF(L90=0,"",L90/(L87*100))) -> 0.090909091 | M91: =IF(M$8="","",IF(M90=0,"",M90/(M87*100))) | N91: =IF(N$8="","",IF(N90=0,"",N90/(N87*100))) | O91: =IF(O$8="","",IF(O90=0,"",O90/(O87*100))) | P91: =IF(P$8="","",IF(P90=0,"",P90/(P87*100))) | Q91: =IF(Q$8="","",IF(Q90=0,"",Q90/(Q87*100))) | ... AS91: =IF(AS$8="","",IF(AS90=0,"",AS90/(AS87*100)))
A92: 鹿屋 | B92: 100円 | C92: 18468 | D92: 18468 | E92: 18505 | F92: 18505 | G92: 18505 | H92: 18505 | I92: 18538 | J92: =IF(J$8="","",I92) -> 18538 | K92: =IF(K$8="","",J92) -> 18538 | L92: 18568 | M92: =IF(M$8="","",L92) | N92: =IF(N$8="","",M92) | O92: =IF(O$8="","",N92) | P92: =IF(P$8="","",O92) | Q92: =IF(Q$8="","",P92) | R92: =IF(R$8="","",Q92) | S92: =IF(S$8="","",R92) | T92: =IF(T$8="","",S92) | ... AS92: =IF(AS$8="","",AR92)
A93: BUZZ＃2 | B93: プライズ | C93: 644 | D93: 644 | E93: 649 | F93: 649 | G93: 649 | H93: 649 | I93: 654 | J93: =IF(J$8="","",I93) -> 654 | K93: =IF(K$8="","",J93) -> 654 | L93: 656 | M93: =IF(M$8="","",L93) | N93: =IF(N$8="","",M93) | O93: =IF(O$8="","",N93) | P93: =IF(P$8="","",O93) | Q93: =IF(Q$8="","",P93) | R93: =IF(R$8="","",Q93) | S93: =IF(S$8="","",R93) | T93: =IF(T$8="","",S93) | ... AS93: =IF(AS$8="","",AR93)
A94: 4 | B94: 投入残 | C94: 22 | D94: 22 | E94: 17 | F94: 29 | G94: 29 | H94: 29 | I94: 24 | J94: =IF(J$8="","",(I94+I95)) -> 24 | K94: =IF(K$8="","",(J94+J95)) -> 24 | L94: 21 | M94: =IF(M$8="","",(L94+L95)) | N94: =IF(N$8="","",(M94+M95)) | O94: =IF(O$8="","",(N94+N95)) | P94: =IF(P$8="","",(O94+O95)) | Q94: =IF(Q$8="","",(P94+P95)) | R94: =IF(R$8="","",(Q94+Q95)) | S94: =IF(S$8="","",(R94+R95)) | T94: =IF(T$8="","",(S94+S95)) | ... AS94: =IF(AS$8="","",(AR94+AR95))
B95: 補充 | E95: 12
B96: 単価 | C96: 400 | D96: 400 | E96: 400 | F96: 400 | G96: 400 | H96: 400 | I96: 400 | J96: =IF(J$8="","",I96) -> 400 | K96: =IF(K$8="","",J96) -> 400 | L96: =IF(L$8="","",K96) -> 400 | M96: =IF(M$8="","",L96) | N96: =IF(N$8="","",M96) | O96: =IF(O$8="","",N96) | P96: =IF(P$8="","",O96) | Q96: =IF(Q$8="","",P96) | ... AS96: =IF(AS$8="","",AR96)
A97: 月間予想 | B97: 景品名 | C97: ラブブMC | D97: ラブブMC | E97: ラブブMC | F97: ラブブMC | G97: ラブブMC | H97: ラブブMC | I97: ラブブMC | J97: =IF(J$8="","",I97) -> ラブブMC | K97: =IF(K$8="","",J97) -> ラブブMC | L97: =IF(L$8="","",K97) -> ラブブMC | M97: =IF(M$8="","",L97) | N97: =IF(N$8="","",M97) | O97: =IF(O$8="","",N97) | P97: =IF(P$8="","",O97) | Q97: =IF(Q$8="","",P97) | ... AS97: =IF(AS$8="","",AR97)
A98: =AVERAGE(C99:AS99)*30*100 -> 30000 | B98: 設定
A99: =SUM(C99:AS99) -> 100 | B99: 百差 | C99: 0 | D99: 0 | E99: 37 | F99: 0 | G99: 0 | H99: 0 | I99: 33 | J99: =IF(J$8="","",J92-I92) -> 0 | K99: =IF(K$8="","",K92-J92) -> 0 | L99: =IF(L$8="","",L92-K92) -> 30 | M99: =IF(M$8="","",M92-L92) | N99: =IF(N$8="","",N92-M92) | O99: =IF(O$8="","",O92-N92) | P99: =IF(P$8="","",P92-O92) | Q99: =IF(Q$8="","",Q92-P92) | ... AS99: =IF(AS$8="","",AS92-AR92)
A100: =SUM(C100:AS100) -> 12 | B100: P差 | C100: 0 | D100: 0 | E100: 5 | F100: 0 | G100: 0 | H100: 0 | I100: 5 | J100: =IF(J$8="","",J93-I93) -> 0 | K100: =IF(K$8="","",K93-J93) -> 0 | L100: =IF(L$8="","",L93-K93) -> 2 | M100: =IF(M$8="","",M93-L93) | N100: =IF(N$8="","",N93-M93) | O100: =IF(O$8="","",O93-N93) | P100: =IF(P$8="","",P93-O93) | Q100: =IF(Q$8="","",Q93-P93) | ... AS100: =IF(AS$8="","",AS93-AR93)
...

Sheet 都城
A1: =SUM(A62,A74,A86,A98,A14,A26,A38,A50,A206,A218,A230,A242,A110,A122,A134,A146,A158,A170,A182,A194,A253,A265) -> 1034700 | B1: 日付 | C1: 46157 | D1: 46158 | E1: 46159 | F1: 46160 | G1: 46161 | H1: 46162 | I1: 46163 | J1: =I1+1 -> 46164 | K1: =J1+1 -> 46165 | L1: =K1+1 -> 46166 | M1: =L1+1 -> 46167 | N1: =M1+1 -> 46168 | O1: =N1+1 -> 46169 | P1: =O1+1 -> 46170 | Q1: =P1+1 -> 46171 | ... AS1: =AR1+1 -> 46199
B2: =SUM(C2:AO2) -> 3449 | C2: 0 | D2: 0 | E2: 1209 | F2: 0 | G2: 0 | H2: 0 | I2: 967 | J2: =SUM(J15,J27,J39,J51,J63,J75,J87,J99,J111,J123,J135,J147,J159,J171,J183,J195,J207,J219,J231,J243) -> 0 | K2: =SUM(K15,K27,K39,K51,K63,K75,K87,K99,K111,K123,K135,K147,K159,K171,K183,K195,K207,K219,K231,K243) -> 0 | L2: =SUM(L15,L27,L39,L51,L63,L75,L87,L99,L111,L123,L135,L147,L159,L171,L183,L195,L207,L219,L231,L243) -> 1273 | M2: =SUM(M15,M27,M39,M51,M63,M75,M87,M99,M111,M123,M135,M147,M159,M171,M183,M195,M207,M219,M231,M243) -> 0 | N2: =SUM(N15,N27,N39,N51,N63,N75,N87,N99,N111,N123,N135,N147,N159,N171,N183,N195,N207,N219,N231,N243) -> 0 | O2: =SUM(O15,O27,O39,O51,O63,O75,O87,O99,O111,O123,O135,O147,O159,O171,O183,O195,O207,O219,O231,O243) -> 0 | P2: =SUM(P15,P27,P39,P51,P63,P75,P87,P99,P111,P123,P135,P147,P159,P171,P183,P195,P207,P219,P231,P243) -> 0 | Q2: =SUM(Q15,Q27,Q39,Q51,Q63,Q75,Q87,Q99,Q111,Q123,Q135,Q147,Q159,Q171,Q183,Q195,Q207,Q219,Q231,Q243) -> 0 | ... AS2: =SUM(AS15,AS27,AS39,AS51,AS63,AS75,AS87,AS99,AS111,AS123,AS135,AS147,AS159,AS171,AS183,AS195,AS207,AS219,AS231,AS243) -> 0
A3: 集金
A4: 両替機
A5: 百出 | E5: 1227 | I5: 2120 | L5: 3310
A6: 札入 | E6: 105 | I6: 174 | L6: 265
A7: 五入 | E7: 44 | I7: 76 | L7: 132
A8: 都城 | B8: 100円 | C8: 4765 | D8: 4765 | E8: 4800 | F8: 4800 | G8: 4800 | H8: 4800 | I8: 4843 | J8: 4843 | K8: 4843 | L8: 4895
A9: BUZZ＃１ | B9: プライズ | C9: 105 | D9: 105 | E9: 105 | F9: 105 | G9: 105 | H9: 105 | I9: 106 | J9: =IF(J8="","",I9) -> 106 | K9: =IF(K8="","",J9) -> 106 | L9: 108 | M9: =IF(M8="","",L9) | N9: =IF(N8="","",M9) | O9: =IF(O8="","",N9) | P9: =IF(P8="","",O9) | Q9: =IF(Q8="","",P9) | R9: =IF(R8="","",Q9) | S9: =IF(S8="","",R9) | T9: =IF(T8="","",S9) | ... AS9: =IF(AS8="","",AR9)
A10: 1 | B10: 投入残 | C10: 13 | D10: 13 | E10: 13 | F10: 13 | G10: 13 | H10: 13 | I10: 12 | J10: =IF(J8="","",(I10+I11)) -> 12 | K10: =IF(K8="","",(J10+J11)) -> 12 | L10: 10 | M10: =IF(M8="","",(L10+L11)) | N10: =IF(N8="","",(M10+M11)) | O10: =IF(O8="","",(N10+N11)) | P10: =IF(P8="","",(O10+O11)) | Q10: =IF(Q8="","",(P10+P11)) | R10: =IF(R8="","",(Q10+Q11)) | S10: =IF(S8="","",(R10+R11)) | T10: =IF(T8="","",(S10+S11)) | ... AS10: =IF(AS8="","",(AR10+AR11))
A11: 機械合計 | B11: 補充
A12: =+(A15+A27+A39+A51)*100 -> 92700 | B12: 単価 | C12: 500 | D12: 500 | E12: 500 | F12: 500 | G12: 500 | H12: 500 | I12: 500 | J12: =IF(J8="","",I12) -> 500 | K12: =IF(K8="","",J12) -> 500 | L12: =IF(L8="","",K12) -> 500 | M12: =IF(M8="","",L12) | N12: =IF(N8="","",M12) | O12: =IF(O8="","",N12) | P12: =IF(P8="","",O12) | Q12: =IF(Q8="","",P12) | ... AS12: =IF(AS8="","",AR12)
A13: 月間予想 | B13: 景品名 | C13: フルーツモンチッチマスコット | D13: フルーツモンチッチマスコット | E13: フルーツモンチッチマスコット | F13: フルーツモンチッチマスコット | G13: フルーツモンチッチマスコット | H13: フルーツモンチッチマスコット | I13: フルーツモンチッチマスコット | J13: =IF(J8="","",I13) -> フルーツモンチッチマスコット | K13: =IF(K8="","",J13) -> フルーツモンチッチマスコット | L13: =IF(L8="","",K13) -> フルーツモンチッチマスコット | M13: =IF(M8="","",L13) | N13: =IF(N8="","",M13) | O13: =IF(O8="","",N13) | P13: =IF(P8="","",O13) | Q13: =IF(Q8="","",P13) | ... AS13: =IF(AS8="","",AR13)
A14: =AVERAGE(C15:AS15)*30*100 -> 39000 | B14: 設定
A15: =SUM(C15:AS15) -> 130 | B15: 百差 | C15: 0 | D15: 0 | E15: 35 | F15: 0 | G15: 0 | H15: 0 | I15: 43 | J15: =IF(J8="","",J8-I8) -> 0 | K15: =IF(K8="","",K8-J8) -> 0 | L15: =IF(L8="","",L8-K8) -> 52 | M15: =IF(M8="","",M8-L8) | N15: =IF(N8="","",N8-M8) | O15: =IF(O8="","",O8-N8) | P15: =IF(P8="","",P8-O8) | Q15: =IF(Q8="","",Q8-P8) | ... AS15: =IF(AS8="","",AS8-AR8)
A16: =SUM(C16:AS16) -> 3 | B16: P差 | C16: 0 | D16: 0 | E16: 0 | F16: 0 | G16: 0 | H16: 0 | I16: 1 | J16: =IF(J9="","",J9-I9) -> 0 | K16: =IF(K9="","",K9-J9) -> 0 | L16: =IF(L9="","",L9-K9) -> 2 | M16: =IF(M9="","",M9-L9) | N16: =IF(N9="","",N9-M9) | O16: =IF(O9="","",O9-N9) | P16: =IF(P9="","",P9-O9) | Q16: =IF(Q9="","",Q9-P9) | ... AS16: =IF(AS9="","",AS9-AR9)
A17: =SUM(C17:AS17) -> 3 | B17: 払出 | C17: 0 | D17: 0 | E17: 0 | F17: 0 | G17: 0 | H17: 0 | I17: 1 | J17: =IF(J10="","",I10+I11-J10) -> 0 | K17: =IF(K10="","",J10+J11-K10) -> 0 | L17: =IF(L10="","",K10+K11-L10) -> 2 | M17: =IF(M10="","",L10+L11-M10) | N17: =IF(N10="","",M10+M11-N10) | O17: =IF(O10="","",N10+N11-O10) | P17: =IF(P10="","",O10+O11-P10) | Q17: =IF(Q10="","",P10+P11-Q10) | ... AS17: =IF(AS10="","",AR10+AR11-AS10)
A18: =SUM(C18:AS18) -> 1500 | B18: 払出額 | C18: 0 | D18: 0 | E18: 0 | F18: 0 | G18: 0 | H18: 0 | I18: 500 | J18: =IF(J8="","",J17*J12) -> 0 | K18: =IF(K8="","",K17*K12) -> 0 | L18: =IF(L8="","",L17*L12) -> 1000 | M18: =IF(M8="","",M17*M12) | N18: =IF(N8="","",N17*N12) | O18: =IF(O8="","",O17*O12) | P18: =IF(P8="","",P17*P12) | Q18: =IF(Q8="","",Q17*Q12) | ... AS18: =IF(AS8="","",AS17*AS12)
A19: =IF(A18="","",A18/(A15*100)) -> 0.11538462 | B19: 原価率 | I19: 0.11627907 | J19: =IF(J18="","",IF(J18=0,"",J18/(J15*100))) | K19: =IF(K18="","",IF(K18=0,"",K18/(K15*100))) | L19: =IF(L18="","",IF(L18=0,"",L18/(L15*100))) -> 0.19230769 | M19: =IF(M18="","",IF(M18=0,"",M18/(M15*100))) | N19: =IF(N18="","",IF(N18=0,"",N18/(N15*100))) | O19: =IF(O18="","",IF(O18=0,"",O18/(O15*100))) | P19: =IF(P18="","",IF(P18=0,"",P18/(P15*100))) | Q19: =IF(Q18="","",IF(Q18=0,"",Q18/(Q15*100))) | ... AS19: =IF(AS18="","",IF(AS18=0,"",AS18/(AS15*100)))
A20: 都城 | B20: 100円 | C20: 7591 | D20: 7591 | E20: 7676 | F20: 7676 | G20: 7676 | H20: 7676 | I20: 7782 | J20: =IF(J8="","",I20) -> 7782 | K20: =IF(K8="","",J20) -> 7782 | L20: 7917 | M20: =IF(M8="","",L20) | N20: =IF(N8="","",M20) | O20: =IF(O8="","",N20) | P20: =IF(P8="","",O20) | Q20: =IF(Q8="","",P20) | R20: =IF(R8="","",Q20) | S20: =IF(S8="","",R20) | T20: =IF(T8="","",S20) | ... AS20: =IF(AS8="","",AR20)
A21: BUZZ＃１ | B21: プライズ | C21: 102 | D21: 102 | E21: 104 | F21: 104 | G21: 104 | H21: 104 | I21: 106 | J21: =IF(J8="","",I21) -> 106 | K21: =IF(K8="","",J21) -> 106 | L21: =IF(L8="","",K21) -> 106 | M21: =IF(M8="","",L21) | N21: =IF(N8="","",M21) | O21: =IF(O8="","",N21) | P21: =IF(P8="","",O21) | Q21: =IF(Q8="","",P21) | ... AS21: =IF(AS8="","",AR21)
A22: 2 | B22: 投入残 | C22: 7 | D22: 7 | E22: 3 | F22: 8 | G22: 8 | H22: 8 | I22: 6 | J22: =IF(J20="","",(I22+I23)) -> 8 | K22: =IF(K20="","",(J22+J23)) -> 8 | L22: =IF(L20="","",(K22+K23)) -> 8 | M22: =IF(M20="","",(L22+L23)) | N22: =IF(N20="","",(M22+M23)) | O22: =IF(O20="","",(N22+N23)) | P22: =IF(P20="","",(O22+O23)) | Q22: =IF(Q20="","",(P22+P23)) | ... AS22: =IF(AS20="","",(AR22+AR23))
B23: 補充 | E23: 5 | I23: 2
B24: 単価 | C24: 800 | D24: 800 | E24: 800 | F24: 800 | G24: 800 | H24: 800 | I24: 800 | J24: =IF(J20="","",I24) -> 800 | K24: =IF(K20="","",J24) -> 800 | L24: =IF(L20="","",K24) -> 800 | M24: =IF(M20="","",L24) | N24: =IF(N20="","",M24) | O24: =IF(O20="","",N24) | P24: =IF(P20="","",O24) | Q24: =IF(Q20="","",P24) | ... AS24: =IF(AS20="","",AR24)
A25: 月間予想 | B25: 景品名 | C25: ミニファン | D25: ミニファン | E25: ミニファン | F25: ミニファン | G25: ミニファン | H25: ミニファン | I25: ミニファン | J25: =IF(J20="","",I25) -> ミニファン | K25: =IF(K20="","",J25) -> ミニファン | L25: =IF(L20="","",K25) -> ミニファン | M25: =IF(M20="","",L25) | N25: =IF(N20="","",M25) | O25: =IF(O20="","",N25) | P25: =IF(P20="","",O25) | Q25: =IF(Q20="","",P25) | ... AS25: =IF(AS20="","",AR25)
A26: =AVERAGE(C27:AS27)*30*100 -> 97800 | B26: 設定
A27: =SUM(C27:AS27) -> 326 | B27: 百差 | C27: 0 | D27: 0 | E27: 85 | F27: 0 | G27: 0 | H27: 0 | I27: 106 | J27: =IF(J20="","",J20-I20) -> 0 | K27: =IF(K20="","",K20-J20) -> 0 | L27: =IF(L20="","",L20-K20) -> 135 | M27: =IF(M20="","",M20-L20) | N27: =IF(N20="","",N20-M20) | O27: =IF(O20="","",O20-N20) | P27: =IF(P20="","",P20-O20) | Q27: =IF(Q20="","",Q20-P20) | ... AS27: =IF(AS20="","",AS20-AR20)
A28: =SUM(C28:AS28) -> 4 | B28: P差 | C28: 0 | D28: 0 | E28: 2 | F28: 0 | G28: 0 | H28: 0 | I28: 2 | J28: =IF(J21="","",J21-I21) -> 0 | K28: =IF(K21="","",K21-J21) -> 0 | L28: =IF(L21="","",L21-K21) -> 0 | M28: =IF(M21="","",M21-L21) | N28: =IF(N21="","",N21-M21) | O28: =IF(O21="","",O21-N21) | P28: =IF(P21="","",P21-O21) | Q28: =IF(Q21="","",Q21-P21) | ... AS28: =IF(AS21="","",AS21-AR21)
A29: =SUM(C29:AS29) -> 6 | B29: 払出 | C29: 0 | D29: 0 | E29: 4 | F29: 0 | G29: 0 | H29: 0 | I29: 2 | J29: =IF(J22="","",I22+I23-J22) -> 0 | K29: =IF(K22="","",J22+J23-K22) -> 0 | L29: =IF(L22="","",K22+K23-L22) -> 0 | M29: =IF(M22="","",L22+L23-M22) | N29: =IF(N22="","",M22+M23-N22) | O29: =IF(O22="","",N22+N23-O22) | P29: =IF(P22="","",O22+O23-P22) | Q29: =IF(Q22="","",P22+P23-Q22) | ... AS29: =IF(AS22="","",AR22+AR23-AS22)
A30: =SUM(C30:AS30) -> 4800 | B30: 払出額 | C30: 0 | D30: 0 | E30: 3200 | F30: 0 | G30: 0 | H30: 0 | I30: 1600 | J30: =IF(J20="","",J29*J24) -> 0 | K30: =IF(K20="","",K29*K24) -> 0 | L30: =IF(L20="","",L29*L24) -> 0 | M30: =IF(M20="","",M29*M24) | N30: =IF(N20="","",N29*N24) | O30: =IF(O20="","",O29*O24) | P30: =IF(P20="","",P29*P24) | Q30: =IF(Q20="","",Q29*Q24) | ... AS30: =IF(AS20="","",AS29*AS24)
A31: =IF(A30="","",A30/(A27*100)) -> 0.14723926 | B31: 原価率 | E31: 0.37647059 | I31: 0.1509434 | J31: =IF(J30="","",IF(J30=0,"",J30/(J27*100))) | K31: =IF(K30="","",IF(K30=0,"",K30/(K27*100))) | L31: =IF(L30="","",IF(L30=0,"",L30/(L27*100))) | M31: =IF(M30="","",IF(M30=0,"",M30/(M27*100))) | N31: =IF(N30="","",IF(N30=0,"",N30/(N27*100))) | O31: =IF(O30="","",IF(O30=0,"",O30/(O27*100))) | P31: =IF(P30="","",IF(P30=0,"",P30/(P27*100))) | Q31: =IF(Q30="","",IF(Q30=0,"",Q30/(Q27*100))) | ... AS31: =IF(AS30="","",IF(AS30=0,"",AS30/(AS27*100)))
A32: 都城 | B32: 100円 | C32: 7677 | D32: 7677 | E32: 7741 | F32: 7741 | G32: 7741 | H32: 7741 | I32: 7755 | J32: =IF(J8="","",I32) -> 7755 | K32: =IF(K8="","",J32) -> 7755 | L32: 7868 | M32: =IF(M8="","",L32) | N32: =IF(N8="","",M32) | O32: =IF(O8="","",N32) | P32: =IF(P8="","",O32) | Q32: =IF(Q8="","",P32) | R32: =IF(R8="","",Q32) | S32: =IF(S8="","",R32) | T32: =IF(T8="","",S32) | ... AS32: =IF(AS8="","",AR32)
A33: BUZZ＃１ | B33: プライズ | C33: 252 | D33: 252 | E33: 252 | F33: 252 | G33: 252 | H33: 252 | I33: 253 | J33: =IF(J8="","",I33) -> 253 | K33: =IF(K8="","",J33) -> 253 | L33: 258 | M33: =IF(M8="","",L33) | N33: =IF(N8="","",M33) | O33: =IF(O8="","",N33) | P33: =IF(P8="","",O33) | Q33: =IF(Q8="","",P33) | R33: =IF(R8="","",Q33) | S33: =IF(S8="","",R33) | T33: =IF(T8="","",S33) | ... AS33: =IF(AS8="","",AR33)
A34: 3 | B34: 投入残 | C34: 6 | D34: 6 | E34: 6 | F34: 6 | G34: 6 | H34: 6 | I34: 10 | J34: =IF(J32="","",(I34+I35)) -> 10 | K34: =IF(K32="","",(J34+J35)) -> 10 | L34: 7 | M34: =IF(M32="","",(L34+L35)) | N34: =IF(N32="","",(M34+M35)) | O34: =IF(O32="","",(N34+N35)) | P34: =IF(P32="","",(O34+O35)) | Q34: =IF(Q32="","",(P34+P35)) | R34: =IF(R32="","",(Q34+Q35)) | S34: =IF(S32="","",(R34+R35)) | T34: =IF(T32="","",(S34+S35)) | ... AS34: =IF(AS32="","",(AR34+AR35))
B35: 補充 | H35: 4
B36: 単価 | C36: 175 | D36: 175 | E36: 175 | F36: 175 | G36: 175 | H36: 175 | I36: 175 | J36: =IF(J32="","",I36) -> 175 | K36: =IF(K32="","",J36) -> 175 | L36: =IF(L32="","",K36) -> 175 | M36: =IF(M32="","",L36) | N36: =IF(N32="","",M36) | O36: =IF(O32="","",N36) | P36: =IF(P32="","",O36) | Q36: =IF(Q32="","",P36) | ... AS36: =IF(AS32="","",AR36)
A37: 月間予想 | B37: 景品名 | C37: スライム | D37: スライム | E37: スライム | F37: スライム | G37: スライム | H37: スライム | I37: クリームタルトスクイーズ | J37: =IF(J32="","",I37) -> クリームタルトスクイーズ | K37: =IF(K32="","",J37) -> クリームタルトスクイーズ | L37: =IF(L32="","",K37) -> クリームタルトスクイーズ | M37: =IF(M32="","",L37) | N37: =IF(N32="","",M37) | O37: =IF(O32="","",N37) | P37: =IF(P32="","",O37) | Q37: =IF(Q32="","",P37) | ... AS37: =IF(AS32="","",AR37)
A38: =AVERAGE(C39:AS39)*30*100 -> 57300 | B38: 設定
A39: =SUM(C39:AS39) -> 191 | B39: 百差 | C39: 0 | D39: 0 | E39: 64 | F39: 0 | G39: 0 | H39: 0 | I39: 14 | J39: =IF(J32="","",J32-I32) -> 0 | K39: =IF(K32="","",K32-J32) -> 0 | L39: =IF(L32="","",L32-K32) -> 113 | M39: =IF(M32="","",M32-L32) | N39: =IF(N32="","",N32-M32) | O39: =IF(O32="","",O32-N32) | P39: =IF(P32="","",P32-O32) | Q39: =IF(Q32="","",Q32-P32) | ... AS39: =IF(AS32="","",AS32-AR32)
A40: =SUM(C40:AS40) -> 6 | B40: P差 | C40: 0 | D40: 0 | E40: 0 | F40: 0 | G40: 0 | H40: 0 | I40: 1 | J40: =IF(J33="","",J33-I33) -> 0 | K40: =IF(K33="","",K33-J33) -> 0 | L40: =IF(L33="","",L33-K33) -> 5 | M40: =IF(M33="","",M33-L33) | N40: =IF(N33="","",N33-M33) | O40: =IF(O33="","",O33-N33) | P40: =IF(P33="","",P33-O33) | Q40: =IF(Q33="","",Q33-P33) | ... AS40: =IF(AS33="","",AS33-AR33)
A41: =SUM(C41:AS41) -> 3 | B41: 払出 | C41: 0 | D41: 0 | E41: 0 | F41: 0 | G41: 0 | H41: 0 | I41: 0 | J41: =IF(J34="","",I34+I35-J34) -> 0 | K41: =IF(K34="","",J34+J35-K34) -> 0 | L41: =IF(L34="","",K34+K35-L34) -> 3 | M41: =IF(M34="","",L34+L35-M34) | N41: =IF(N34="","",M34+M35-N34) | O41: =IF(O34="","",N34+N35-O34) | P41: =IF(P34="","",O34+O35-P34) | Q41: =IF(Q34="","",P34+P35-Q34) | ... AS41: =IF(AS34="","",AR34+AR35-AS34)
A42: =SUM(C42:AS42) -> 525 | B42: 払出額 | C42: 0 | D42: 0 | E42: 0 | F42: 0 | G42: 0 | H42: 0 | I42: 0 | J42: =IF(J32="","",J41*J36) -> 0 | K42: =IF(K32="","",K41*K36) -> 0 | L42: =IF(L32="","",L41*L36) -> 525 | M42: =IF(M32="","",M41*M36) | N42: =IF(N32="","",N41*N36) | O42: =IF(O32="","",O41*O36) | P42: =IF(P32="","",P41*P36) | Q42: =IF(Q32="","",Q41*Q36) | ... AS42: =IF(AS32="","",AS41*AS36)
A43: =IF(A42="","",A42/(A39*100)) -> 0.027486911 | B43: 原価率 | J43: =IF(J42="","",IF(J42=0,"",J42/(J39*100))) | K43: =IF(K42="","",IF(K42=0,"",K42/(K39*100))) | L43: =IF(L42="","",IF(L42=0,"",L42/(L39*100))) -> 0.046460177 | M43: =IF(M42="","",IF(M42=0,"",M42/(M39*100))) | N43: =IF(N42="","",IF(N42=0,"",N42/(N39*100))) | O43: =IF(O42="","",IF(O42=0,"",O42/(O39*100))) | P43: =IF(P42="","",IF(P42=0,"",P42/(P39*100))) | Q43: =IF(Q42="","",IF(Q42=0,"",Q42/(Q39*100))) | ... AS43: =IF(AS42="","",IF(AS42=0,"",AS42/(AS39*100)))
A44: 都城 | B44: 100円 | C44: 4964 | D44: 4964 | E44: 5124 | F44: 5124 | G44: 5124 | H44: 5124 | I44: 5153 | J44: =IF(J8="","",I44) -> 5153 | K44: =IF(K8="","",J44) -> 5153 | L44: 5244 | M44: =IF(M8="","",L44) | N44: =IF(N8="","",M44) | O44: =IF(O8="","",N44) | P44: =IF(P8="","",O44) | Q44: =IF(Q8="","",P44) | R44: =IF(R8="","",Q44) | S44: =IF(S8="","",R44) | T44: =IF(T8="","",S44) | ... AS44: =IF(AS8="","",AR44)
A45: BUZZ＃１ | B45: プライズ | C45: 146 | D45: 146 | E45: 155 | F45: 155 | G45: 155 | H45: 155 | I45: 155 | J45: =IF(J8="","",I45) -> 155 | K45: =IF(K8="","",J45) -> 155 | L45: 158 | M45: =IF(M8="","",L45) | N45: =IF(N8="","",M45) | O45: =IF(O8="","",N45) | P45: =IF(P8="","",O45) | Q45: =IF(Q8="","",P45) | R45: =IF(R8="","",Q45) | S45: =IF(S8="","",R45) | T45: =IF(T8="","",S45) | ... AS45: =IF(AS8="","",AR45)
A46: 4 | B46: 投入残 | C46: 55 | D46: 55 | E46: 46 | F46: 46 | G46: 46 | H46: 46 | I46: 46 | J46: =IF(J44="","",(I46+I47)) -> 46 | K46: =IF(K44="","",(J46+J47)) -> 46 | L46: 43 | M46: =IF(M44="","",(L46+L47)) | N46: =IF(N44="","",(M46+M47)) | O46: =IF(O44="","",(N46+N47)) | P46: =IF(P44="","",(O46+O47)) | Q46: =IF(Q44="","",(P46+P47)) | R46: =IF(R44="","",(Q46+Q47)) | S46: =IF(S44="","",(R46+R47)) | T46: =IF(T44="","",(S46+S47)) | ... AS46: =IF(AS44="","",(AR46+AR47))
B47: 補充
B48: 単価 | C48: 100 | D48: 100 | E48: 100 | F48: 100 | G48: 100 | H48: 100 | I48: 100 | J48: =IF(J44="","",I48) -> 100 | K48: =IF(K44="","",J48) -> 100 | L48: =IF(L44="","",K48) -> 100 | M48: =IF(M44="","",L48) | N48: =IF(N44="","",M48) | O48: =IF(O44="","",N48) | P48: =IF(P44="","",O48) | Q48: =IF(Q44="","",P48) | ... AS48: =IF(AS44="","",AR48)
A49: 月間予想 | B49: 景品名 | C49: ベーカリースクイーズ | D49: ベーカリースクイーズ | E49: ベーカリースクイーズ | F49: ベーカリースクイーズ | G49: ベーカリースクイーズ | H49: ベーカリースクイーズ | I49: ベーカリースクイーズ | J49: =IF(J44="","",I49) -> ベーカリースクイーズ | K49: =IF(K44="","",J49) -> ベーカリースクイーズ | L49: =IF(L44="","",K49) -> ベーカリースクイーズ | M49: =IF(M44="","",L49) | N49: =IF(N44="","",M49) | O49: =IF(O44="","",N49) | P49: =IF(P44="","",O49) | Q49: =IF(Q44="","",P49) | ... AS49: =IF(AS44="","",AR49)
A50: =AVERAGE(C51:AS51)*30*100 -> 84000 | B50: 設定
A51: =SUM(C51:AS51) -> 280 | B51: 百差 | C51: 0 | D51: 0 | E51: 160 | F51: 0 | G51: 0 | H51: 0 | I51: 29 | J51: =IF(J44="","",J44-I44) -> 0 | K51: =IF(K44="","",K44-J44) -> 0 | L51: =IF(L44="","",L44-K44) -> 91 | M51: =IF(M44="","",M44-L44) | N51: =IF(N44="","",N44-M44) | O51: =IF(O44="","",O44-N44) | P51: =IF(P44="","",P44-O44) | Q51: =IF(Q44="","",Q44-P44) | ... AS51: =IF(AS44="","",AS44-AR44)
A52: =SUM(C52:AS52) -> 12 | B52: P差 | C52: 0 | D52: 0 | E52: 9 | F52: 0 | G52: 0 | H52: 0 | I52: 0 | J52: =IF(J45="","",J45-I45) -> 0 | K52: =IF(K45="","",K45-J45) -> 0 | L52: =IF(L45="","",L45-K45) -> 3 | M52: =IF(M45="","",M45-L45) | N52: =IF(N45="","",N45-M45) | O52: =IF(O45="","",O45-N45) | P52: =IF(P45="","",P45-O45) | Q52: =IF(Q45="","",Q45-P45) | ... AS52: =IF(AS45="","",AS45-AR45)
A53: =SUM(C53:AS53) -> 12 | B53: 払出 | C53: 0 | D53: 0 | E53: 9 | F53: 0 | G53: 0 | H53: 0 | I53: 0 | J53: =IF(J46="","",I46+I47-J46) -> 0 | K53: =IF(K46="","",J46+J47-K46) -> 0 | L53: =IF(L46="","",K46+K47-L46) -> 3 | M53: =IF(M46="","",L46+L47-M46) | N53: =IF(N46="","",M46+M47-N46) | O53: =IF(O46="","",N46+N47-O46) | P53: =IF(P46="","",O46+O47-P46) | Q53: =IF(Q46="","",P46+P47-Q46) | ... AS53: =IF(AS46="","",AR46+AR47-AS46)
A54: =SUM(C54:AS54) -> 1200 | B54: 払出額 | C54: 0 | D54: 0 | E54: 900 | F54: 0 | G54: 0 | H54: 0 | I54: 0 | J54: =IF(J44="","",J53*J48) -> 0 | K54: =IF(K44="","",K53*K48) -> 0 | L54: =IF(L44="","",L53*L48) -> 300 | M54: =IF(M44="","",M53*M48) | N54: =IF(N44="","",N53*N48) | O54: =IF(O44="","",O53*O48) | P54: =IF(P44="","",P53*P48) | Q54: =IF(Q44="","",Q53*Q48) | ... AS54: =IF(AS44="","",AS53*AS48)
A55: =IF(A54="","",A54/(A51*100)) -> 0.042857143 | B55: 原価率 | E55: 0.05625 | J55: =IF(J54="","",IF(J54=0,"",J54/(J51*100))) | K55: =IF(K54="","",IF(K54=0,"",K54/(K51*100))) | L55: =IF(L54="","",IF(L54=0,"",L54/(L51*100))) -> 0.032967033 | M55: =IF(M54="","",IF(M54=0,"",M54/(M51*100))) | N55: =IF(N54="","",IF(N54=0,"",N54/(N51*100))) | O55: =IF(O54="","",IF(O54=0,"",O54/(O51*100))) | P55: =IF(P54="","",IF(P54=0,"",P54/(P51*100))) | Q55: =IF(Q54="","",IF(Q54=0,"",Q54/(Q51*100))) | ... AS55: =IF(AS54="","",IF(AS54=0,"",AS54/(AS51*100)))
A56: 都城 | B56: 100円 | C56: 4233 | D56: 4233 | E56: 4257 | F56: 4257 | G56: 4257 | H56: 4257 | I56: 4285 | J56: =IF(J$8="","",I56) -> 4285 | K56: =IF(K$8="","",J56) -> 4285 | L56: 4354 | M56: =IF(M$8="","",L56) | N56: =IF(N$8="","",M56) | O56: =IF(O$8="","",N56) | P56: =IF(P$8="","",O56) | Q56: =IF(Q$8="","",P56) | R56: =IF(R$8="","",Q56) | S56: =IF(S$8="","",R56) | T56: =IF(T$8="","",S56) | ... AS56: =IF(AS$8="","",AR56)
A57: BUZZ＃2 | B57: プライズ | C57: 141 | D57: 141 | E57: 142 | F57: 142 | G57: 142 | H57: 142 | I57: 143 | J57: =IF(J$8="","",I57) -> 143 | K57: =IF(K$8="","",J57) -> 143 | L57: 147 | M57: =IF(M$8="","",L57) | N57: =IF(N$8="","",M57) | O57: =IF(O$8="","",N57) | P57: =IF(P$8="","",O57) | Q57: =IF(Q$8="","",P57) | R57: =IF(R$8="","",Q57) | S57: =IF(S$8="","",R57) | T57: =IF(T$8="","",S57) | ... AS57: =IF(AS$8="","",AR57)
A58: 1 | B58: 投入残 | C58: 33 | D58: 33 | E58: 33 | F58: 33 | G58: 33 | H58: 33 | I58: 32 | J58: =IF(J$8="","",(I58+I59)) -> 32 | K58: =IF(K$8="","",(J58+J59)) -> 32 | L58: 28 | M58: =IF(M$8="","",(L58+L59)) | N58: =IF(N$8="","",(M58+M59)) | O58: =IF(O$8="","",(N58+N59)) | P58: =IF(P$8="","",(O58+O59)) | Q58: =IF(Q$8="","",(P58+P59)) | R58: =IF(R$8="","",(Q58+Q59)) | S58: =IF(S$8="","",(R58+R59)) | T58: =IF(T$8="","",(S58+S59)) | ... AS58: =IF(AS$8="","",(AR58+AR59))
A59: 機械合計 | B59: 補充 | L59: 10
A60: =+(A63+A75+A87+A99)*100 -> 48800 | B60: 単価 | C60: 250 | D60: 250 | E60: 250 | F60: 250 | G60: 250 | H60: 250 | I60: 250 | J60: =IF(J$8="","",I60) -> 250 | K60: =IF(K$8="","",J60) -> 250 | L60: =IF(L$8="","",K60) -> 250 | M60: =IF(M$8="","",L60) | N60: =IF(N$8="","",M60) | O60: =IF(O$8="","",N60) | P60: =IF(P$8="","",O60) | Q60: =IF(Q$8="","",P60) | ... AS60: =IF(AS$8="","",AR60)
A61: 月間予想 | B61: 景品名 | C61: 電ブル | D61: 電ブル | E61: 電ブル | F61: 電ブル | G61: 電ブル | H61: 電ブル | I61: 電ブル | J61: =IF(J$8="","",I61) -> 電ブル | K61: =IF(K$8="","",J61) -> 電ブル | L61: =IF(L$8="","",K61) -> 電ブル | M61: =IF(M$8="","",L61) | N61: =IF(N$8="","",M61) | O61: =IF(O$8="","",N61) | P61: =IF(P$8="","",O61) | Q61: =IF(Q$8="","",P61) | ... AS61: =IF(AS$8="","",AR61)
A62: =AVERAGE(C63:AS63)*30*100 -> 36300 | B62: 設定
A63: =SUM(C63:AS63) -> 121 | B63: 百差 | C63: 0 | D63: 0 | E63: 24 | F63: 0 | G63: 0 | H63: 0 | I63: 28 | J63: =IF(J$8="","",J56-I56) -> 0 | K63: =IF(K$8="","",K56-J56) -> 0 | L63: =IF(L$8="","",L56-K56) -> 69 | M63: =IF(M$8="","",M56-L56) | N63: =IF(N$8="","",N56-M56) | O63: =IF(O$8="","",O56-N56) | P63: =IF(P$8="","",P56-O56) | Q63: =IF(Q$8="","",Q56-P56) | ... AS63: =IF(AS$8="","",AS56-AR56)
A64: =SUM(C64:AS64) -> 6 | B64: P差 | C64: 0 | D64: 0 | E64: 1 | F64: 0 | G64: 0 | H64: 0 | I64: 1 | J64: =IF(J$8="","",J57-I57) -> 0 | K64: =IF(K$8="","",K57-J57) -> 0 | L64: =IF(L$8="","",L57-K57) -> 4 | M64: =IF(M$8="","",M57-L57) | N64: =IF(N$8="","",N57-M57) | O64: =IF(O$8="","",O57-N57) | P64: =IF(P$8="","",P57-O57) | Q64: =IF(Q$8="","",Q57-P57) | ... AS64: =IF(AS$8="","",AS57-AR57)
A65: =SUM(C65:AS65) -> 5 | B65: 払出 | C65: 0 | D65: 0 | E65: 0 | F65: 0 | G65: 0 | H65: 0 | I65: 1 | J65: =IF(J$8="","",I58+I59-J58) -> 0 | K65: =IF(K$8="","",J58+J59-K58) -> 0 | L65: =IF(L$8="","",K58+K59-L58) -> 4 | M65: =IF(M$8="","",L58+L59-M58) | N65: =IF(N$8="","",M58+M59-N58) | O65: =IF(O$8="","",N58+N59-O58) | P65: =IF(P$8="","",O58+O59-P58) | Q65: =IF(Q$8="","",P58+P59-Q58) | ... AS65: =IF(AS$8="","",AR58+AR59-AS58)
A66: =SUM(C66:AS66) -> 1250 | B66: 払出額 | C66: 0 | D66: 0 | E66: 0 | F66: 0 | G66: 0 | H66: 0 | I66: 250 | J66: =IF(J$8="","",J65*J60) -> 0 | K66: =IF(K$8="","",K65*K60) -> 0 | L66: =IF(L$8="","",L65*L60) -> 1000 | M66: =IF(M$8="","",M65*M60) | N66: =IF(N$8="","",N65*N60) | O66: =IF(O$8="","",O65*O60) | P66: =IF(P$8="","",P65*P60) | Q66: =IF(Q$8="","",Q65*Q60) | ... AS66: =IF(AS$8="","",AS65*AS60)
A67: =IF(A66="","",A66/(A63*100)) -> 0.10330579 | B67: 原価率 | I67: 0.089285714 | J67: =IF(J$8="","",IF(J66=0,"",J66/(J63*100))) | K67: =IF(K$8="","",IF(K66=0,"",K66/(K63*100))) | L67: =IF(L$8="","",IF(L66=0,"",L66/(L63*100))) -> 0.14492754 | M67: =IF(M$8="","",IF(M66=0,"",M66/(M63*100))) | N67: =IF(N$8="","",IF(N66=0,"",N66/(N63*100))) | O67: =IF(O$8="","",IF(O66=0,"",O66/(O63*100))) | P67: =IF(P$8="","",IF(P66=0,"",P66/(P63*100))) | Q67: =IF(Q$8="","",IF(Q66=0,"",Q66/(Q63*100))) | ... AS67: =IF(AS$8="","",IF(AS66=0,"",AS66/(AS63*100)))
A68: 都城 | B68: 100円 | C68: 3643 | D68: 3643 | E68: 3689 | F68: 3689 | G68: 3689 | H68: 3689 | I68: 3733 | J68: =IF(J$8="","",I68) -> 3733 | K68: =IF(K$8="","",J68) -> 3733 | L68: 3750 | M68: =IF(M$8="","",L68) | N68: =IF(N$8="","",M68) | O68: =IF(O$8="","",N68) | P68: =IF(P$8="","",O68) | Q68: =IF(Q$8="","",P68) | R68: =IF(R$8="","",Q68) | S68: =IF(S$8="","",R68) | T68: =IF(T$8="","",S68) | ... AS68: =IF(AS$8="","",AR68)
A69: BUZZ＃2 | B69: プライズ | C69: 72 | D69: 72 | E69: 72 | F69: 72 | G69: 72 | H69: 72 | I69: 72 | J69: =IF(J$8="","",I69) -> 72 | K69: =IF(K$8="","",J69) -> 72 | L69: 73 | M69: =IF(M$8="","",L69) | N69: =IF(N$8="","",M69) | O69: =IF(O$8="","",N69) | P69: =IF(P$8="","",O69) | Q69: =IF(Q$8="","",P69) | R69: =IF(R$8="","",Q69) | S69: =IF(S$8="","",R69) | T69: =IF(T$8="","",S69) | ... AS69: =IF(AS$8="","",AR69)
A70: 2 | B70: 投入残 | C70: 11 | D70: 11 | E70: 11 | F70: 11 | G70: 11 | H70: 11 | I70: 11 | J70: =IF(J$8="","",(I70+I71)) -> 11 | K70: =IF(K$8="","",(J70+J71)) -> 11 | L70: 10 | M70: =IF(M$8="","",(L70+L71)) | N70: =IF(N$8="","",(M70+M71)) | O70: =IF(O$8="","",(N70+N71)) | P70: =IF(P$8="","",(O70+O71)) | Q70: =IF(Q$8="","",(P70+P71)) | R70: =IF(R$8="","",(Q70+Q71)) | S70: =IF(S$8="","",(R70+R71)) | T70: =IF(T$8="","",(S70+S71)) | ... AS70: =IF(AS$8="","",(AR70+AR71))
B71: 補充
B72: 単価 | C72: 750 | D72: 750 | E72: 750 | F72: 750 | G72: 750 | H72: 750 | I72: 750 | J72: =IF(J$8="","",I72) -> 750 | K72: =IF(K$8="","",J72) -> 750 | L72: =IF(L$8="","",K72) -> 750 | M72: =IF(M$8="","",L72) | N72: =IF(N$8="","",M72) | O72: =IF(O$8="","",N72) | P72: =IF(P$8="","",O72) | Q72: =IF(Q$8="","",P72) | ... AS72: =IF(AS$8="","",AR72)
A73: 月間予想 | B73: 景品名 | C73: サンリオヒョウ柄キーケース | D73: サンリオヒョウ柄キーケース | E73: サンリオヒョウ柄キーケース | F73: サンリオヒョウ柄キーケース | G73: サンリオヒョウ柄キーケース | H73: サンリオヒョウ柄キーケース | I73: サンリオヒョウ柄キーケース | J73: =IF(J$8="","",I73) -> サンリオヒョウ柄キーケース | K73: =IF(K$8="","",J73) -> サンリオヒョウ柄キーケース | L73: =IF(L$8="","",K73) -> サンリオヒョウ柄キーケース | M73: =IF(M$8="","",L73) | N73: =IF(N$8="","",M73) | O73: =IF(O$8="","",N73) | P73: =IF(P$8="","",O73) | Q73: =IF(Q$8="","",P73) | ... AS73: =IF(AS$8="","",AR73)
A74: =AVERAGE(C75:AS75)*30*100 -> 32100 | B74: 設定
A75: =SUM(C75:AS75) -> 107 | B75: 百差 | C75: 0 | D75: 0 | E75: 46 | F75: 0 | G75: 0 | H75: 0 | I75: 44 | J75: =IF(J$8="","",J68-I68) -> 0 | K75: =IF(K$8="","",K68-J68) -> 0 | L75: =IF(L$8="","",L68-K68) -> 17 | M75: =IF(M$8="","",M68-L68) | N75: =IF(N$8="","",N68-M68) | O75: =IF(O$8="","",O68-N68) | P75: =IF(P$8="","",P68-O68) | Q75: =IF(Q$8="","",Q68-P68) | ... AS75: =IF(AS$8="","",AS68-AR68)
A76: =SUM(C76:AS76) -> 1 | B76: P差 | C76: 0 | D76: 0 | E76: 0 | F76: 0 | G76: 0 | H76: 0 | I76: 0 | J76: =IF(J$8="","",J69-I69) -> 0 | K76: =IF(K$8="","",K69-J69) -> 0 | L76: =IF(L$8="","",L69-K69) -> 1 | M76: =IF(M$8="","",M69-L69) | N76: =IF(N$8="","",N69-M69) | O76: =IF(O$8="","",O69-N69) | P76: =IF(P$8="","",P69-O69) | Q76: =IF(Q$8="","",Q69-P69) | ... AS76: =IF(AS$8="","",AS69-AR69)
A77: =SUM(C77:AS77) -> 1 | B77: 払出 | C77: 0 | D77: 0 | E77: 0 | F77: 0 | G77: 0 | H77: 0 | I77: 0 | J77: =IF(J$8="","",I70+I71-J70) -> 0 | K77: =IF(K$8="","",J70+J71-K70) -> 0 | L77: =IF(L$8="","",K70+K71-L70) -> 1 | M77: =IF(M$8="","",L70+L71-M70) | N77: =IF(N$8="","",M70+M71-N70) | O77: =IF(O$8="","",N70+N71-O70) | P77: =IF(P$8="","",O70+O71-P70) | Q77: =IF(Q$8="","",P70+P71-Q70) | ... AS77: =IF(AS$8="","",AR70+AR71-AS70)
A78: =SUM(C78:AS78) -> 750 | B78: 払出額 | C78: 0 | D78: 0 | E78: 0 | F78: 0 | G78: 0 | H78: 0 | I78: 0 | J78: =IF(J$8="","",J77*J72) -> 0 | K78: =IF(K$8="","",K77*K72) -> 0 | L78: =IF(L$8="","",L77*L72) -> 750 | M78: =IF(M$8="","",M77*M72) | N78: =IF(N$8="","",N77*N72) | O78: =IF(O$8="","",O77*O72) | P78: =IF(P$8="","",P77*P72) | Q78: =IF(Q$8="","",Q77*Q72) | ... AS78: =IF(AS$8="","",AS77*AS72)
A79: =IF(A78="","",A78/(A75*100)) -> 0.070093458 | B79: 原価率 | J79: =IF(J$8="","",IF(J78=0,"",J78/(J75*100))) | K79: =IF(K$8="","",IF(K78=0,"",K78/(K75*100))) | L79: =IF(L$8="","",IF(L78=0,"",L78/(L75*100))) -> 0.44117647 | M79: =IF(M$8="","",IF(M78=0,"",M78/(M75*100))) | N79: =IF(N$8="","",IF(N78=0,"",N78/(N75*100))) | O79: =IF(O$8="","",IF(O78=0,"",O78/(O75*100))) | P79: =IF(P$8="","",IF(P78=0,"",P78/(P75*100))) | Q79: =IF(Q$8="","",IF(Q78=0,"",Q78/(Q75*100))) | ... AS79: =IF(AS$8="","",IF(AS78=0,"",AS78/(AS75*100)))
A80: 都城 | B80: 100円 | C80: 5180 | D80: 5180 | E80: 5245 | F80: 5245 | G80: 5245 | H80: 5245 | I80: 5265 | J80: =IF(J$8="","",I80) -> 5265 | K80: =IF(K$8="","",J80) -> 5265 | L80: 5286 | M80: =IF(M$8="","",L80) | N80: =IF(N$8="","",M80) | O80: =IF(O$8="","",N80) | P80: =IF(P$8="","",O80) | Q80: =IF(Q$8="","",P80) | R80: =IF(R$8="","",Q80) | S80: =IF(S$8="","",R80) | T80: =IF(T$8="","",S80) | ... AS80: =IF(AS$8="","",AR80)
A81: BUZZ＃2 | B81: プライズ | C81: 205 | D81: 205 | E81: 207 | F81: 207 | G81: 207 | H81: 207 | I81: 210 | J81: =IF(J$8="","",I81) -> 210 | K81: =IF(K$8="","",J81) -> 210 | L81: =IF(L$8="","",K81) -> 210 | M81: =IF(M$8="","",L81) | N81: =IF(N$8="","",M81) | O81: =IF(O$8="","",N81) | P81: =IF(P$8="","",O81) | Q81: =IF(Q$8="","",P81) | ... AS81: =IF(AS$8="","",AR81)
A82: 3 | B82: 投入残 | C82: 13 | D82: 13 | E82: 12 | F82: 12 | G82: 12 | H82: 12 | I82: 9 | J82: =IF(J$8="","",(I82+I83)) -> 14 | K82: =IF(K$8="","",(J82+J83)) -> 14 | L82: =IF(L$8="","",(K82+K83)) -> 14 | M82: =IF(M$8="","",(L82+L83)) | N82: =IF(N$8="","",(M82+M83)) | O82: =IF(O$8="","",(N82+N83)) | P82: =IF(P$8="","",(O82+O83)) | Q82: =IF(Q$8="","",(P82+P83)) | ... AS82: =IF(AS$8="","",(AR82+AR83))
B83: 補充 | I83: 5
B84: 単価 | C84: 400 | D84: 400 | E84: 400 | F84: 400 | G84: 400 | H84: 400 | I84: 400 | J84: =IF(J$8="","",I84) -> 400 | K84: =IF(K$8="","",J84) -> 400 | L84: =IF(L$8="","",K84) -> 400 | M84: =IF(M$8="","",L84) | N84: =IF(N$8="","",M84) | O84: =IF(O$8="","",N84) | P84: =IF(P$8="","",O84) | Q84: =IF(Q$8="","",P84) | ... AS84: =IF(AS$8="","",AR84)
A85: 月間予想 | B85: 景品名 | C85: バタースクイーズ | D85: バタースクイーズ | E85: バタースクイーズ | F85: バタースクイーズ | G85: バタースクイーズ | H85: バタースクイーズ | I85: バタースクイーズ | J85: =IF(J$8="","",I85) -> バタースクイーズ | K85: =IF(K$8="","",J85) -> バタースクイーズ | L85: =IF(L$8="","",K85) -> バタースクイーズ | M85: =IF(M$8="","",L85) | N85: =IF(N$8="","",M85) | O85: =IF(O$8="","",N85) | P85: =IF(P$8="","",O85) | Q85: =IF(Q$8="","",P85) | ... AS85: =IF(AS$8="","",AR85)
A86: =AVERAGE(C87:AS87)*30*100 -> 31800 | B86: 設定
A87: =SUM(C87:AS87) -> 106 | B87: 百差 | C87: 0 | D87: 0 | E87: 65 | F87: 0 | G87: 0 | H87: 0 | I87: 20 | J87: =IF(J$8="","",J80-I80) -> 0 | K87: =IF(K$8="","",K80-J80) -> 0 | L87: =IF(L$8="","",L80-K80) -> 21 | M87: =IF(M$8="","",M80-L80) | N87: =IF(N$8="","",N80-M80) | O87: =IF(O$8="","",O80-N80) | P87: =IF(P$8="","",P80-O80) | Q87: =IF(Q$8="","",Q80-P80) | ... AS87: =IF(AS$8="","",AS80-AR80)
A88: =SUM(C88:AS88) -> 5 | B88: P差 | C88: 0 | D88: 0 | E88: 2 | F88: 0 | G88: 0 | H88: 0 | I88: 3 | J88: =IF(J$8="","",J81-I81) -> 0 | K88: =IF(K$8="","",K81-J81) -> 0 | L88: =IF(L$8="","",L81-K81) -> 0 | M88: =IF(M$8="","",M81-L81) | N88: =IF(N$8="","",N81-M81) | O88: =IF(O$8="","",O81-N81) | P88: =IF(P$8="","",P81-O81) | Q88: =IF(Q$8="","",Q81-P81) | ... AS88: =IF(AS$8="","",AS81-AR81)
A89: =SUM(C89:AS89) -> 4 | B89: 払出 | C89: 0 | D89: 0 | E89: 1 | F89: 0 | G89: 0 | H89: 0 | I89: 3 | J89: =IF(J$8="","",I82+I83-J82) -> 0 | K89: =IF(K$8="","",J82+J83-K82) -> 0 | L89: =IF(L$8="","",K82+K83-L82) -> 0 | M89: =IF(M$8="","",L82+L83-M82) | N89: =IF(N$8="","",M82+M83-N82) | O89: =IF(O$8="","",N82+N83-O82) | P89: =IF(P$8="","",O82+O83-P82) | Q89: =IF(Q$8="","",P82+P83-Q82) | ... AS89: =IF(AS$8="","",AR82+AR83-AS82)
A90: =SUM(C90:AS90) -> 1600 | B90: 払出額 | C90: 0 | D90: 0 | E90: 400 | F90: 0 | G90: 0 | H90: 0 | I90: 1200 | J90: =IF(J$8="","",J89*J84) -> 0 | K90: =IF(K$8="","",K89*K84) -> 0 | L90: =IF(L$8="","",L89*L84) -> 0 | M90: =IF(M$8="","",M89*M84) | N90: =IF(N$8="","",N89*N84) | O90: =IF(O$8="","",O89*O84) | P90: =IF(P$8="","",P89*P84) | Q90: =IF(Q$8="","",Q89*Q84) | ... AS90: =IF(AS$8="","",AS89*AS84)
A91: =IF(A90="","",A90/(A87*100)) -> 0.1509434 | B91: 原価率 | E91: 0.061538462 | I91: 0.6 | J91: =IF(J$8="","",IF(J90=0,"",J90/(J87*100))) | K91: =IF(K$8="","",IF(K90=0,"",K90/(K87*100))) | L91: =IF(L$8="","",IF(L90=0,"",L90/(L87*100))) | M91: =IF(M$8="","",IF(M90=0,"",M90/(M87*100))) | N91: =IF(N$8="","",IF(N90=0,"",N90/(N87*100))) | O91: =IF(O$8="","",IF(O90=0,"",O90/(O87*100))) | P91: =IF(P$8="","",IF(P90=0,"",P90/(P87*100))) | Q91: =IF(Q$8="","",IF(Q90=0,"",Q90/(Q87*100))) | ... AS91: =IF(AS$8="","",IF(AS90=0,"",AS90/(AS87*100)))
A92: 都城 | B92: 100円 | C92: 3729 | D92: 3729 | E92: 3775 | F92: 3775 | G92: 3775 | H92: 3775 | I92: 3834 | J92: =IF(J$8="","",I92) -> 3834 | K92: =IF(K$8="","",J92) -> 3834 | L92: 3883 | M92: =IF(M$8="","",L92) | N92: =IF(N$8="","",M92) | O92: =IF(O$8="","",N92) | P92: =IF(P$8="","",O92) | Q92: =IF(Q$8="","",P92) | R92: =IF(R$8="","",Q92) | S92: =IF(S$8="","",R92) | T92: =IF(T$8="","",S92) | ... AS92: =IF(AS$8="","",AR92)
A93: BUZZ＃2 | B93: プライズ | C93: 132 | D93: 132 | E93: 135 | F93: 135 | G93: 135 | H93: 135 | I93: 135 | J93: =IF(J$8="","",I93) -> 135 | K93: =IF(K$8="","",J93) -> 135 | L93: =IF(L$8="","",K93) -> 135 | M93: =IF(M$8="","",L93) | N93: =IF(N$8="","",M93) | O93: =IF(O$8="","",N93) | P93: =IF(P$8="","",O93) | Q93: =IF(Q$8="","",P93) | ... AS93: =IF(AS$8="","",AR93)
A94: 4 | B94: 投入残 | C94: 10 | D94: 10 | E94: 7 | F94: 7 | G94: 7 | H94: 7 | I94: 7 | J94: =IF(J$8="","",(I94+I95)) -> 7 | K94: =IF(K$8="","",(J94+J95)) -> 7 | L94: =IF(L$8="","",(K94+K95)) -> 7 | M94: =IF(M$8="","",(L94+L95)) | N94: =IF(N$8="","",(M94+M95)) | O94: =IF(O$8="","",(N94+N95)) | P94: =IF(P$8="","",(O94+O95)) | Q94: =IF(Q$8="","",(P94+P95)) | ... AS94: =IF(AS$8="","",(AR94+AR95))
B95: 補充 | L95: 5
B96: 単価 | C96: 750 | D96: 750 | E96: 750 | F96: 750 | G96: 750 | H96: 750 | I96: 750 | J96: =IF(J$8="","",I96) -> 750 | K96: =IF(K$8="","",J96) -> 750 | L96: =IF(L$8="","",K96) -> 750 | M96: =IF(M$8="","",L96) | N96: =IF(N$8="","",M96) | O96: =IF(O$8="","",N96) | P96: =IF(P$8="","",O96) | Q96: =IF(Q$8="","",P96) | ... AS96: =IF(AS$8="","",AR96)
A97: 月間予想 | B97: 景品名 | C97: たまごっちミニポシェット | D97: たまごっちミニポシェット | E97: たまごっちミニポシェット | F97: たまごっちミニポシェット | G97: たまごっちミニポシェット | H97: たまごっちミニポシェット | I97: たまごっちミニポシェット | J97: =IF(J$8="","",I97) -> たまごっちミニポシェット | K97: =IF(K$8="","",J97) -> たまごっちミニポシェット | L97: =IF(L$8="","",K97) -> たまごっちミニポシェット | M97: =IF(M$8="","",L97) | N97: =IF(N$8="","",M97) | O97: =IF(O$8="","",N97) | P97: =IF(P$8="","",O97) | Q97: =IF(Q$8="","",P97) | ... AS97: =IF(AS$8="","",AR97)
A98: =AVERAGE(C99:AS99)*30*100 -> 46200 | B98: 設定
A99: =SUM(C99:AS99) -> 154 | B99: 百差 | C99: 0 | D99: 0 | E99: 46 | F99: 0 | G99: 0 | H99: 0 | I99: 59 | J99: =IF(J$8="","",J92-I92) -> 0 | K99: =IF(K$8="","",K92-J92) -> 0 | L99: =IF(L$8="","",L92-K92) -> 49 | M99: =IF(M$8="","",M92-L92) | N99: =IF(N$8="","",N92-M92) | O99: =IF(O$8="","",O92-N92) | P99: =IF(P$8="","",P92-O92) | Q99: =IF(Q$8="","",Q92-P92) | ... AS99: =IF(AS$8="","",AS92-AR92)
A100: =SUM(C100:AS100) -> 3 | B100: P差 | C100: 0 | D100: 0 | E100: 3 | F100: 0 | G100: 0 | H100: 0 | I100: 0 | J100: =IF(J$8="","",J93-I93) -> 0 | K100: =IF(K$8="","",K93-J93) -> 0 | L100: =IF(L$8="","",L93-K93) -> 0 | M100: =IF(M$8="","",M93-L93) | N100: =IF(N$8="","",N93-M93) | O100: =IF(O$8="","",O93-N93) | P100: =IF(P$8="","",P93-O93) | Q100: =IF(Q$8="","",Q93-P93) | ... AS100: =IF(AS$8="","",AS93-AR93)
...

Sheet 霧島
A1: =SUM(A14,A50,A62,A74,A86,A98,A110,A122,A134,A158,A146,A170,A182,A194,A206,A218,A230,A38,A26,A242,A254) -> 1064181.8 | B1: 日付 | C1: 46156 | D1: 46157 | E1: 46158 | F1: 46159 | G1: 46160 | H1: 46161 | I1: 46162 | J1: 46163 | K1: =J1+1 -> 46164 | L1: =K1+1 -> 46165 | M1: =L1+1 -> 46166 | N1: =M1+1 -> 46167 | O1: =N1+1 -> 46168 | P1: =O1+1 -> 46169 | Q1: =P1+1 -> 46170 | R1: =Q1+1 -> 46171 | ... AS1: =AR1+1 -> 46198
B2: =SUM(C2:AO2) -> 3902 | C2: 0 | D2: 0 | E2: 0 | F2: 1436 | G2: 0 | H2: 0 | I2: 0 | J2: 1178 | K2: =SUM(K15,K255,K243,K27,K39,K231,K219,K207,K195,K183,K171,K159,K147,K135,K123,,K111,K99,K87,K75,K63,K51) -> 0 | L2: =SUM(L15,L255,L243,L27,L39,L231,L219,L207,L195,L183,L171,L159,L147,L135,L123,,L111,L99,L87,L75,L63,L51) -> 0 | M2: =SUM(M15,M255,M243,M27,M39,M231,M219,M207,M195,M183,M171,M159,M147,M135,M123,,M111,M99,M87,M75,M63,M51) -> 1288 | N2: =SUM(N15,N255,N243,N27,N39,N231,N219,N207,N195,N183,N171,N159,N147,N135,N123,,N111,N99,N87,N75,N63,N51) -> 0 | O2: =SUM(O15,O255,O243,O27,O39,O231,O219,O207,O195,O183,O171,O159,O147,O135,O123,,O111,O99,O87,O75,O63,O51) -> 0 | P2: =SUM(P15,P255,P243,P27,P39,P231,P219,P207,P195,P183,P171,P159,P147,P135,P123,,P111,P99,P87,P75,P63,P51) -> 0 | Q2: =SUM(Q15,Q255,Q243,Q27,Q39,Q231,Q219,Q207,Q195,Q183,Q171,Q159,Q147,Q135,Q123,,Q111,Q99,Q87,Q75,Q63,Q51) -> 0 | R2: =SUM(R15,R255,R243,R27,R39,R231,R219,R207,R195,R183,R171,R159,R147,R135,R123,,R111,R99,R87,R75,R63,R51) -> 0 | ... AS2: =SUM(AS15,AS255,AS243,AS27,AS39,AS231,AS219,AS207,AS195,AS183,AS171,AS159,AS147,AS135,AS123,,AS111,AS99,AS87,AS75,AS63,AS51) -> 0
A3: 集金
A4: 両替機
A5: 百出 | F5: 1635 | J5: 2715 | M5: 4075
A6: 札入 | F6: 131 | J6: 230 | M6: 336
A7: 五入 | F7: 65 | J7: 83 | M7: 143
A8: 霧島 | B8: 100円 | C8: 23405 | D8: 23405 | E8: 23405 | F8: 23450 | G8: 23450 | H8: 23450 | I8: 23450 | J8: 23513 | K8: 23513 | L8: 23513 | M8: 23553
A9: BUZZミニ | B9: プライズ | C9: 379 | D9: 379 | E9: 379 | F9: 379 | G9: 379 | H9: 379 | I9: 379 | J9: 382 | K9: =IF(K$8="","",J9) -> 382 | L9: =IF(L$8="","",K9) -> 382 | M9: 383 | N9: =IF(N$8="","",M9) | O9: =IF(O$8="","",N9) | P9: =IF(P$8="","",O9) | Q9: =IF(Q$8="","",P9) | R9: =IF(R$8="","",Q9) | S9: =IF(S$8="","",R9) | T9: =IF(T$8="","",S9) | U9: =IF(U$8="","",T9) | ... AS9: =IF(AS$8="","",AR9)
B10: 投入残 | C10: 7 | D10: 7 | E10: 7 | F10: 7 | G10: 7 | H10: 7 | I10: 7 | J10: 4 | K10: =IF(K8="","",(J10+J11)) -> 8 | L10: =IF(L8="","",(K10+K11)) -> 8 | M10: 6 | N10: =IF(N8="","",(M10+M11)) | O10: =IF(O8="","",(N10+N11)) | P10: =IF(P8="","",(O10+O11)) | Q10: =IF(Q8="","",(P10+P11)) | R10: =IF(R8="","",(Q10+Q11)) | S10: =IF(S8="","",(R10+R11)) | T10: =IF(T8="","",(S10+S11)) | U10: =IF(U8="","",(T10+T11)) | ... AS10: =IF(AS8="","",(AR10+AR11))
B11: 補充 | J11: 4 | M11: 2
B12: 単価 | C12: 715 | D12: 715 | E12: 715 | F12: 715 | G12: 715 | H12: 715 | I12: 715 | J12: 715 | K12: =IF(K8="","",J12) -> 715 | L12: =IF(L8="","",K12) -> 715 | M12: =IF(M8="","",L12) -> 715 | N12: =IF(N8="","",M12) | O12: =IF(O8="","",N12) | P12: =IF(P8="","",O12) | Q12: =IF(Q8="","",P12) | R12: =IF(R8="","",Q12) | ... AS12: =IF(AS8="","",AR12)
A13: 月間予想 | B13: 景品名 | C13: ミニファン | D13: ミニファン | E13: ミニファン | F13: ミニファン | G13: ミニファン | H13: ミニファン | I13: ミニファン | J13: ミニファン | K13: =IF(K8="","",J13) -> ミニファン | L13: =IF(L8="","",K13) -> ミニファン | M13: =IF(M8="","",L13) -> ミニファン | N13: =IF(N8="","",M13) | O13: =IF(O8="","",N13) | P13: =IF(P8="","",O13) | Q13: =IF(Q8="","",P13) | R13: =IF(R8="","",Q13) | ... AS13: =IF(AS8="","",AR13)
A14: =AVERAGE(C15:AS15)*30*100 -> 40363.636 | B14: 設定
A15: =SUM(C15:AS15) -> 148 | B15: 百差 | C15: 0 | D15: 0 | E15: 0 | F15: 45 | G15: 0 | H15: 0 | I15: 0 | J15: 63 | K15: =IF(K8="","",K8-J8) -> 0 | L15: =IF(L8="","",L8-K8) -> 0 | M15: =IF(M8="","",M8-L8) -> 40 | N15: =IF(N8="","",N8-M8) | O15: =IF(O8="","",O8-N8) | P15: =IF(P8="","",P8-O8) | Q15: =IF(Q8="","",Q8-P8) | R15: =IF(R8="","",R8-Q8) | ... AS15: =IF(AS8="","",AS8-AR8)
A16: =SUM(C16:AS16) -> 4 | B16: P差 | C16: 0 | D16: 0 | E16: 0 | F16: 0 | G16: 0 | H16: 0 | I16: 0 | J16: 3 | K16: =IF(K9="","",K9-J9) -> 0 | L16: =IF(L9="","",L9-K9) -> 0 | M16: =IF(M9="","",M9-L9) -> 1 | N16: =IF(N9="","",N9-M9) | O16: =IF(O9="","",O9-N9) | P16: =IF(P9="","",P9-O9) | Q16: =IF(Q9="","",Q9-P9) | R16: =IF(R9="","",R9-Q9) | ... AS16: =IF(AS9="","",AS9-AR9)
A17: =SUM(C17:AS17) -> 5 | B17: 払出 | C17: 0 | D17: 0 | E17: 0 | F17: 0 | G17: 0 | H17: 0 | I17: 0 | J17: 3 | K17: =IF(K10="","",J10+J11-K10) -> 0 | L17: =IF(L10="","",K10+K11-L10) -> 0 | M17: =IF(M10="","",L10+L11-M10) -> 2 | N17: =IF(N10="","",M10+M11-N10) | O17: =IF(O10="","",N10+N11-O10) | P17: =IF(P10="","",O10+O11-P10) | Q17: =IF(Q10="","",P10+P11-Q10) | R17: =IF(R10="","",Q10+Q11-R10) | ... AS17: =IF(AS10="","",AR10+AR11-AS10)
A18: =SUM(C18:AS18) -> 3575 | B18: 払出額 | C18: 0 | D18: 0 | E18: 0 | F18: 0 | G18: 0 | H18: 0 | I18: 0 | J18: 2145 | K18: =IF(K8="","",K17*K12) -> 0 | L18: =IF(L8="","",L17*L12) -> 0 | M18: =IF(M8="","",M17*M12) -> 1430 | N18: =IF(N8="","",N17*N12) | O18: =IF(O8="","",O17*O12) | P18: =IF(P8="","",P17*P12) | Q18: =IF(Q8="","",Q17*Q12) | R18: =IF(R8="","",R17*R12) | ... AS18: =IF(AS8="","",AS17*AS12)
A19: =IF(A18="","",A18/(A15*100)) -> 0.24155405 | B19: 原価率 | J19: 0.34047619 | K19: =IF(K18="","",IF(K18=0,"",K18/(K15*100))) | L19: =IF(L18="","",IF(L18=0,"",L18/(L15*100))) | M19: =IF(M18="","",IF(M18=0,"",M18/(M15*100))) -> 0.3575 | N19: =IF(N18="","",IF(N18=0,"",N18/(N15*100))) | O19: =IF(O18="","",IF(O18=0,"",O18/(O15*100))) | P19: =IF(P18="","",IF(P18=0,"",P18/(P15*100))) | Q19: =IF(Q18="","",IF(Q18=0,"",Q18/(Q15*100))) | R19: =IF(R18="","",IF(R18=0,"",R18/(R15*100))) | ... AS19: =IF(AS18="","",IF(AS18=0,"",AS18/(AS15*100)))
A20: 霧島 | B20: 100円 | C20: 18534 | D20: 18534 | E20: 18534 | F20: 18555 | G20: 18555 | H20: 18555 | I20: 18555 | J20: 18730 | K20: =IF(K$8="","",J20) -> 18730 | L20: =IF(L$8="","",K20) -> 18730 | M20: 18881 | N20: =IF(N$8="","",M20) | O20: =IF(O$8="","",N20) | P20: =IF(P$8="","",O20) | Q20: =IF(Q$8="","",P20) | R20: =IF(R$8="","",Q20) | S20: =IF(S$8="","",R20) | T20: =IF(T$8="","",S20) | U20: =IF(U$8="","",T20) | ... AS20: =IF(AS$8="","",AR20)
A21: BUZZミニ#2 | B21: プライズ | C21: 462 | D21: 462 | E21: 462 | F21: 462 | G21: 462 | H21: 462 | I21: 462 | J21: 467 | K21: =IF(K$8="","",J21) -> 467 | L21: =IF(L$8="","",K21) -> 467 | M21: 468 | N21: =IF(N$8="","",M21) | O21: =IF(O$8="","",N21) | P21: =IF(P$8="","",O21) | Q21: =IF(Q$8="","",P21) | R21: =IF(R$8="","",Q21) | S21: =IF(S$8="","",R21) | T21: =IF(T$8="","",S21) | U21: =IF(U$8="","",T21) | ... AS21: =IF(AS$8="","",AR21)
B22: 投入残 | C22: 33 | D22: 33 | E22: 33 | F22: 33 | G22: 9 | H22: 9 | I22: 9 | J22: 6 | K22: =IF(K20="","",(J22+J23)) -> 6 | L22: =IF(L20="","",(K22+K23)) -> 6 | M22: 5 | N22: =IF(N20="","",(M22+M23)) | O22: =IF(O20="","",(N22+N23)) | P22: =IF(P20="","",(O22+O23)) | Q22: =IF(Q20="","",(P22+P23)) | R22: =IF(R20="","",(Q22+Q23)) | S22: =IF(S20="","",(R22+R23)) | T22: =IF(T20="","",(S22+S23)) | U22: =IF(U20="","",(T22+T23)) | ... AS22: =IF(AS20="","",(AR22+AR23))
B23: 補充 | F23: -24 | M23: 4
B24: 単価 | C24: 700 | D24: 700 | E24: 700 | F24: 700 | G24: 700 | H24: 700 | I24: 700 | J24: 700 | K24: =IF(K20="","",J24) -> 700 | L24: =IF(L20="","",K24) -> 700 | M24: =IF(M20="","",L24) -> 700 | N24: =IF(N20="","",M24) | O24: =IF(O20="","",N24) | P24: =IF(P20="","",O24) | Q24: =IF(Q20="","",P24) | R24: =IF(R20="","",Q24) | ... AS24: =IF(AS20="","",AR24)
A25: 月間予想 | B25: 景品名 | C25: プクプクシール | D25: プクプクシール | E25: プクプクシール | F25: たまごっちボアケース | G25: たまごっちボアケース | H25: たまごっちボアケース | I25: たまごっちボアケース | J25: たまごっちボアケース | K25: =IF(K20="","",J25) -> たまごっちボアケース | L25: =IF(L20="","",K25) -> たまごっちボアケース | M25: =IF(M20="","",L25) -> たまごっちボアケース | N25: =IF(N20="","",M25) | O25: =IF(O20="","",N25) | P25: =IF(P20="","",O25) | Q25: =IF(Q20="","",P25) | R25: =IF(R20="","",Q25) | ... AS25: =IF(AS20="","",AR25)
A26: =AVERAGE(C27:AS27)*30*100 -> 94636.364 | B26: 設定
A27: =SUM(C27:AS27) -> 347 | B27: 百差 | C27: 0 | D27: 0 | E27: 0 | F27: 21 | G27: 0 | H27: 0 | I27: 0 | J27: 175 | K27: =IF(K20="","",K20-J20) -> 0 | L27: =IF(L20="","",L20-K20) -> 0 | M27: =IF(M20="","",M20-L20) -> 151 | N27: =IF(N20="","",N20-M20) | O27: =IF(O20="","",O20-N20) | P27: =IF(P20="","",P20-O20) | Q27: =IF(Q20="","",Q20-P20) | R27: =IF(R20="","",R20-Q20) | ... AS27: =IF(AS20="","",AS20-AR20)
A28: =SUM(C28:AS28) -> 6 | B28: P差 | C28: 0 | D28: 0 | E28: 0 | F28: 0 | G28: 0 | H28: 0 | I28: 0 | J28: 5 | K28: =IF(K21="","",K21-J21) -> 0 | L28: =IF(L21="","",L21-K21) -> 0 | M28: =IF(M21="","",M21-L21) -> 1 | N28: =IF(N21="","",N21-M21) | O28: =IF(O21="","",O21-N21) | P28: =IF(P21="","",P21-O21) | Q28: =IF(Q21="","",Q21-P21) | R28: =IF(R21="","",R21-Q21) | ... AS28: =IF(AS21="","",AS21-AR21)
A29: =SUM(C29:AS29) -> 4 | B29: 払出 | C29: 0 | D29: 0 | E29: 0 | F29: 0 | G29: 0 | H29: 0 | I29: 0 | J29: 3 | K29: =IF(K22="","",J22+J23-K22) -> 0 | L29: =IF(L22="","",K22+K23-L22) -> 0 | M29: =IF(M22="","",L22+L23-M22) -> 1 | N29: =IF(N22="","",M22+M23-N22) | O29: =IF(O22="","",N22+N23-O22) | P29: =IF(P22="","",O22+O23-P22) | Q29: =IF(Q22="","",P22+P23-Q22) | R29: =IF(R22="","",Q22+Q23-R22) | ... AS29: =IF(AS22="","",AR22+AR23-AS22)
A30: =SUM(C30:AS30) -> 2800 | B30: 払出額 | C30: 0 | D30: 0 | E30: 0 | F30: 0 | G30: 0 | H30: 0 | I30: 0 | J30: 2100 | K30: =IF(K20="","",K29*K24) -> 0 | L30: =IF(L20="","",L29*L24) -> 0 | M30: =IF(M20="","",M29*M24) -> 700 | N30: =IF(N20="","",N29*N24) | O30: =IF(O20="","",O29*O24) | P30: =IF(P20="","",P29*P24) | Q30: =IF(Q20="","",Q29*Q24) | R30: =IF(R20="","",R29*R24) | ... AS30: =IF(AS20="","",AS29*AS24)
A31: =IF(A30="","",A30/(A27*100)) -> 0.080691643 | B31: 原価率 | J31: 0.12 | K31: =IF(K30="","",IF(K30=0,"",K30/(K27*100))) | L31: =IF(L30="","",IF(L30=0,"",L30/(L27*100))) | M31: =IF(M30="","",IF(M30=0,"",M30/(M27*100))) -> 0.046357616 | N31: =IF(N30="","",IF(N30=0,"",N30/(N27*100))) | O31: =IF(O30="","",IF(O30=0,"",O30/(O27*100))) | P31: =IF(P30="","",IF(P30=0,"",P30/(P27*100))) | Q31: =IF(Q30="","",IF(Q30=0,"",Q30/(Q27*100))) | R31: =IF(R30="","",IF(R30=0,"",R30/(R27*100))) | ... AS31: =IF(AS30="","",IF(AS30=0,"",AS30/(AS27*100)))
A32: 霧島 | B32: 100円 | C32: 39813 | D32: 39813 | E32: 39813 | F32: 39875 | G32: 39875 | H32: 39875 | I32: 39875 | J32: 39953 | K32: =IF(K$8="","",J32) -> 39953 | L32: =IF(L$8="","",K32) -> 39953 | M32: 40023 | N32: =IF(N$8="","",M32) | O32: =IF(O$8="","",N32) | P32: =IF(P$8="","",O32) | Q32: =IF(Q$8="","",P32) | R32: =IF(R$8="","",Q32) | S32: =IF(S$8="","",R32) | T32: =IF(T$8="","",S32) | U32: =IF(U$8="","",T32) | ... AS32: =IF(AS$8="","",AR32)
A33: クリスタル | B33: プライズ | C33: 1061 | D33: 1061 | E33: 1061 | F33: 1065 | G33: 1065 | H33: 1065 | I33: 1065 | J33: 1069 | K33: =IF(K$8="","",J33) -> 1069 | L33: =IF(L$8="","",K33) -> 1069 | M33: 1072 | N33: =IF(N$8="","",M33) | O33: =IF(O$8="","",N33) | P33: =IF(P$8="","",O33) | Q33: =IF(Q$8="","",P33) | R33: =IF(R$8="","",Q33) | S33: =IF(S$8="","",R33) | T33: =IF(T$8="","",S33) | U33: =IF(U$8="","",T33) | ... AS33: =IF(AS$8="","",AR33)
B34: 投入残 | C34: 39 | D34: 39 | E34: 39 | F34: 35 | G34: 35 | H34: 35 | I34: 35 | J34: 31 | K34: =IF(K32="","",(J34+J35)) -> 31 | L34: =IF(L32="","",(K34+K35)) -> 31 | M34: 28 | N34: =IF(N32="","",(M34+M35)) | O34: =IF(O32="","",(N34+N35)) | P34: =IF(P32="","",(O34+O35)) | Q34: =IF(Q32="","",(P34+P35)) | R34: =IF(R32="","",(Q34+Q35)) | S34: =IF(S32="","",(R34+R35)) | T34: =IF(T32="","",(S34+S35)) | U34: =IF(U32="","",(T34+T35)) | ... AS34: =IF(AS32="","",(AR34+AR35))
B35: 補充
B36: 単価 | C36: 400 | D36: 400 | E36: 400 | F36: 400 | G36: 400 | H36: 400 | I36: 400 | J36: 400 | K36: =IF(K32="","",J36) -> 400 | L36: =IF(L32="","",K36) -> 400 | M36: =IF(M32="","",L36) -> 400 | N36: =IF(N32="","",M36) | O36: =IF(O32="","",N36) | P36: =IF(P32="","",O36) | Q36: =IF(Q32="","",P36) | R36: =IF(R32="","",Q36) | ... AS36: =IF(AS32="","",AR36)
A37: 月間予想 | B37: 景品名 | C37: サムエル（箱無し） | D37: サムエル（箱無し） | E37: サムエル（箱無し） | F37: サムエル（箱無し） | G37: サムエル（箱無し） | H37: サムエル（箱無し） | I37: サムエル（箱無し） | J37: サムエル（箱無し） | K37: =IF(K32="","",J37) -> サムエル（箱無し） | L37: =IF(L32="","",K37) -> サムエル（箱無し） | M37: =IF(M32="","",L37) -> サムエル（箱無し） | N37: =IF(N32="","",M37) | O37: =IF(O32="","",N37) | P37: =IF(P32="","",O37) | Q37: =IF(Q32="","",P37) | R37: =IF(R32="","",Q37) | ... AS37: =IF(AS32="","",AR37)
A38: =AVERAGE(C39:AS39)*30*100 -> 57272.727 | B38: 設定
A39: =SUM(C39:AS39) -> 210 | B39: 百差 | C39: 0 | D39: 0 | E39: 0 | F39: 62 | G39: 0 | H39: 0 | I39: 0 | J39: 78 | K39: =IF(K32="","",K32-J32) -> 0 | L39: =IF(L32="","",L32-K32) -> 0 | M39: =IF(M32="","",M32-L32) -> 70 | N39: =IF(N32="","",N32-M32) | O39: =IF(O32="","",O32-N32) | P39: =IF(P32="","",P32-O32) | Q39: =IF(Q32="","",Q32-P32) | R39: =IF(R32="","",R32-Q32) | ... AS39: =IF(AS32="","",AS32-AR32)
A40: =SUM(C40:AS40) -> 11 | B40: P差 | C40: 0 | D40: 0 | E40: 0 | F40: 4 | G40: 0 | H40: 0 | I40: 0 | J40: 4 | K40: =IF(K33="","",K33-J33) -> 0 | L40: =IF(L33="","",L33-K33) -> 0 | M40: =IF(M33="","",M33-L33) -> 3 | N40: =IF(N33="","",N33-M33) | O40: =IF(O33="","",O33-N33) | P40: =IF(P33="","",P33-O33) | Q40: =IF(Q33="","",Q33-P33) | R40: =IF(R33="","",R33-Q33) | ... AS40: =IF(AS33="","",AS33-AR33)
A41: =SUM(C41:AS41) -> 11 | B41: 払出 | C41: 0 | D41: 0 | E41: 0 | F41: 4 | G41: 0 | H41: 0 | I41: 0 | J41: 4 | K41: =IF(K34="","",J34+J35-K34) -> 0 | L41: =IF(L34="","",K34+K35-L34) -> 0 | M41: =IF(M34="","",L34+L35-M34) -> 3 | N41: =IF(N34="","",M34+M35-N34) | O41: =IF(O34="","",N34+N35-O34) | P41: =IF(P34="","",O34+O35-P34) | Q41: =IF(Q34="","",P34+P35-Q34) | R41: =IF(R34="","",Q34+Q35-R34) | ... AS41: =IF(AS34="","",AR34+AR35-AS34)
A42: =SUM(C42:AS42) -> 4400 | B42: 払出額 | C42: 0 | D42: 0 | E42: 0 | F42: 1600 | G42: 0 | H42: 0 | I42: 0 | J42: 1600 | K42: =IF(K32="","",K41*K36) -> 0 | L42: =IF(L32="","",L41*L36) -> 0 | M42: =IF(M32="","",M41*M36) -> 1200 | N42: =IF(N32="","",N41*N36) | O42: =IF(O32="","",O41*O36) | P42: =IF(P32="","",P41*P36) | Q42: =IF(Q32="","",Q41*Q36) | R42: =IF(R32="","",R41*R36) | ... AS42: =IF(AS32="","",AS41*AS36)
A43: =IF(A42="","",A42/(A39*100)) -> 0.20952381 | B43: 原価率 | F43: 0.25806452 | J43: 0.20512821 | K43: =IF(K42="","",IF(K42=0,"",K42/(K39*100))) | L43: =IF(L42="","",IF(L42=0,"",L42/(L39*100))) | M43: =IF(M42="","",IF(M42=0,"",M42/(M39*100))) -> 0.17142857 | N43: =IF(N42="","",IF(N42=0,"",N42/(N39*100))) | O43: =IF(O42="","",IF(O42=0,"",O42/(O39*100))) | P43: =IF(P42="","",IF(P42=0,"",P42/(P39*100))) | Q43: =IF(Q42="","",IF(Q42=0,"",Q42/(Q39*100))) | R43: =IF(R42="","",IF(R42=0,"",R42/(R39*100))) | ... AS43: =IF(AS42="","",IF(AS42=0,"",AS42/(AS39*100)))
A44: 霧島 | B44: 100円 | C44: 14853 | D44: 14853 | E44: 14853 | F44: 14929 | G44: 14929 | H44: 14929 | I44: 14929 | J44: 14937 | K44: =IF(K$8="","",J44) -> 14937 | L44: =IF(L$8="","",K44) -> 14937 | M44: 14981 | N44: =IF(N$8="","",M44) | O44: =IF(O$8="","",N44) | P44: =IF(P$8="","",O44) | Q44: =IF(Q$8="","",P44) | R44: =IF(R$8="","",Q44) | S44: =IF(S$8="","",R44) | T44: =IF(T$8="","",S44) | U44: =IF(U$8="","",T44) | ... AS44: =IF(AS$8="","",AR44)
A45: BUZZ＃１ | B45: プライズ | C45: 339 | D45: 339 | E45: 339 | F45: 340 | G45: 340 | H45: 340 | I45: 340 | J45: 340 | K45: =IF(K$8="","",J45) -> 340 | L45: =IF(L$8="","",K45) -> 340 | M45: =IF(M$8="","",L45) -> 340 | N45: =IF(N$8="","",M45) | O45: =IF(O$8="","",N45) | P45: =IF(P$8="","",O45) | Q45: =IF(Q$8="","",P45) | R45: =IF(R$8="","",Q45) | ... AS45: =IF(AS$8="","",AR45)
A46: 1 | B46: 投入残 | C46: 10 | D46: 10 | E46: 10 | F46: 9 | G46: 9 | H46: 9 | I46: 9 | J46: 9 | K46: =IF(K44="","",(J46+J47)) -> 9 | L46: =IF(L44="","",(K46+K47)) -> 9 | M46: =IF(M44="","",(L46+L47)) -> 9 | N46: =IF(N44="","",(M46+M47)) | O46: =IF(O44="","",(N46+N47)) | P46: =IF(P44="","",(O46+O47)) | Q46: =IF(Q44="","",(P46+P47)) | R46: =IF(R44="","",(Q46+Q47)) | ... AS46: =IF(AS44="","",(AR46+AR47))
A47: 機械合計 | B47: 補充
A48: =+(A51+A63+A75+A87)*100 -> 74000 | B48: 単価 | C48: 750 | D48: 750 | E48: 750 | F48: 750 | G48: 750 | H48: 750 | I48: 750 | J48: 750 | K48: =IF(K44="","",J48) -> 750 | L48: =IF(L44="","",K48) -> 750 | M48: =IF(M44="","",L48) -> 750 | N48: =IF(N44="","",M48) | O48: =IF(O44="","",N48) | P48: =IF(P44="","",O48) | Q48: =IF(Q44="","",P48) | R48: =IF(R44="","",Q48) | ... AS48: =IF(AS44="","",AR48)
A49: 月間予想 | B49: 景品名 | C49: ジャグラーフラッシュボタンミニ | D49: ジャグラーフラッシュボタンミニ | E49: ジャグラーフラッシュボタンミニ | F49: ジャグラーフラッシュボタンミニ | G49: ジャグラーフラッシュボタンミニ | H49: ジャグラーフラッシュボタンミニ | I49: ジャグラーフラッシュボタンミニ | J49: ジャグラーフラッシュボタンミニ | K49: =IF(K44="","",J49) -> ジャグラーフラッシュボタンミニ | L49: =IF(L44="","",K49) -> ジャグラーフラッシュボタンミニ | M49: =IF(M44="","",L49) -> ジャグラーフラッシュボタンミニ | N49: =IF(N44="","",M49) | O49: =IF(O44="","",N49) | P49: =IF(P44="","",O49) | Q49: =IF(Q44="","",P49) | R49: =IF(R44="","",Q49) | ... AS49: =IF(AS44="","",AR49)
A50: =AVERAGE(C51:AS51)*30*100 -> 34909.091 | B50: 設定
A51: =SUM(C51:AS51) -> 128 | B51: 百差 | C51: 0 | D51: 0 | E51: 0 | F51: 76 | G51: 0 | H51: 0 | I51: 0 | J51: 8 | K51: =IF(K44="","",K44-J44) -> 0 | L51: =IF(L44="","",L44-K44) -> 0 | M51: =IF(M44="","",M44-L44) -> 44 | N51: =IF(N44="","",N44-M44) | O51: =IF(O44="","",O44-N44) | P51: =IF(P44="","",P44-O44) | Q51: =IF(Q44="","",Q44-P44) | R51: =IF(R44="","",R44-Q44) | ... AS51: =IF(AS44="","",AS44-AR44)
A52: 7 | B52: P差 | C52: 0 | D52: 0 | E52: 0 | F52: 1 | G52: 0 | H52: 0 | I52: 0 | J52: 0 | K52: =IF(K45="","",K45-J45) -> 0 | L52: =IF(L45="","",L45-K45) -> 0 | M52: =IF(M45="","",M45-L45) -> 0 | N52: =IF(N45="","",N45-M45) | O52: =IF(O45="","",O45-N45) | P52: =IF(P45="","",P45-O45) | Q52: =IF(Q45="","",Q45-P45) | R52: =IF(R45="","",R45-Q45) | ... AS52: =IF(AS45="","",AS45-AR45)
A53: 7 | B53: 払出 | C53: 0 | D53: 0 | E53: 0 | F53: 1 | G53: 0 | H53: 0 | I53: 0 | J53: 0 | K53: =IF(K46="","",J46+J47-K46) -> 0 | L53: =IF(L46="","",K46+K47-L46) -> 0 | M53: =IF(M46="","",L46+L47-M46) -> 0 | N53: =IF(N46="","",M46+M47-N46) | O53: =IF(O46="","",N46+N47-O46) | P53: =IF(P46="","",O46+O47-P46) | Q53: =IF(Q46="","",P46+P47-Q46) | R53: =IF(R46="","",Q46+Q47-R46) | ... AS53: =IF(AS46="","",AR46+AR47-AS46)
A54: 0 | B54: 払出額 | C54: 0 | D54: 0 | E54: 0 | F54: 750 | G54: 0 | H54: 0 | I54: 0 | J54: 0 | K54: =IF(K44="","",K53*K48) -> 0 | L54: =IF(L44="","",L53*L48) -> 0 | M54: =IF(M44="","",M53*M48) -> 0 | N54: =IF(N44="","",N53*N48) | O54: =IF(O44="","",O53*O48) | P54: =IF(P44="","",P53*P48) | Q54: =IF(Q44="","",Q53*Q48) | R54: =IF(R44="","",R53*R48) | ... AS54: =IF(AS44="","",AS53*AS48)
A55: 0 | B55: 原価率 | F55: 0.098684211 | K55: =IF(K54="","",IF(K54=0,"",K54/(K51*100))) | L55: =IF(L54="","",IF(L54=0,"",L54/(L51*100))) | M55: =IF(M54="","",IF(M54=0,"",M54/(M51*100))) | N55: =IF(N54="","",IF(N54=0,"",N54/(N51*100))) | O55: =IF(O54="","",IF(O54=0,"",O54/(O51*100))) | P55: =IF(P54="","",IF(P54=0,"",P54/(P51*100))) | Q55: =IF(Q54="","",IF(Q54=0,"",Q54/(Q51*100))) | R55: =IF(R54="","",IF(R54=0,"",R54/(R51*100))) | ... AS55: =IF(AS54="","",IF(AS54=0,"",AS54/(AS51*100)))
A56: 霧島 | B56: 100円 | C56: 12605 | D56: 12605 | E56: 12605 | F56: 12745 | G56: 12745 | H56: 12745 | I56: 12745 | J56: 12818 | K56: =IF(K$8="","",J56) -> 12818 | L56: =IF(L$8="","",K56) -> 12818 | M56: 12910 | N56: =IF(N$8="","",M56) | O56: =IF(O$8="","",N56) | P56: =IF(P$8="","",O56) | Q56: =IF(Q$8="","",P56) | R56: =IF(R$8="","",Q56) | S56: =IF(S$8="","",R56) | T56: =IF(T$8="","",S56) | U56: =IF(U$8="","",T56) | ... AS56: =IF(AS$8="","",AR56)
A57: BUZZ＃１ | B57: プライズ | C57: 457 | D57: 457 | E57: 457 | F57: 466 | G57: 466 | H57: 466 | I57: 466 | J57: 468 | K57: =IF(K$8="","",J57) -> 468 | L57: =IF(L$8="","",K57) -> 468 | M57: 472 | N57: =IF(N$8="","",M57) | O57: =IF(O$8="","",N57) | P57: =IF(P$8="","",O57) | Q57: =IF(Q$8="","",P57) | R57: =IF(R$8="","",Q57) | S57: =IF(S$8="","",R57) | T57: =IF(T$8="","",S57) | U57: =IF(U$8="","",T57) | ... AS57: =IF(AS$8="","",AR57)
A58: 2 | B58: 投入残 | C58: 109 | D58: 109 | E58: 109 | F58: 100 | G58: 100 | H58: 100 | I58: 100 | J58: 98 | K58: =IF(K56="","",(J58+J59)) -> 98 | L58: =IF(L56="","",(K58+K59)) -> 98 | M58: 94 | N58: =IF(N56="","",(M58+M59)) | O58: =IF(O56="","",(N58+N59)) | P58: =IF(P56="","",(O58+O59)) | Q58: =IF(Q56="","",(P58+P59)) | R58: =IF(R56="","",(Q58+Q59)) | S58: =IF(S56="","",(R58+R59)) | T58: =IF(T56="","",(S58+S59)) | U58: =IF(U56="","",(T58+T59)) | ... AS58: =IF(AS56="","",(AR58+AR59))
B59: 補充
B60: 単価 | C60: 300 | D60: 300 | E60: 300 | F60: 300 | G60: 300 | H60: 300 | I60: 300 | J60: 300 | K60: =IF(K56="","",J60) -> 300 | L60: =IF(L56="","",K60) -> 300 | M60: =IF(M56="","",L60) -> 300 | N60: =IF(N56="","",M60) | O60: =IF(O56="","",N60) | P60: =IF(P56="","",O60) | Q60: =IF(Q56="","",P60) | R60: =IF(R56="","",Q60) | ... AS60: =IF(AS56="","",AR60)
A61: 月間予想 | B61: 景品名 | C61: ぶるりんピンキーブラック | D61: ぶるりんピンキーブラック | E61: ぶるりんピンキーブラック | F61: ぶるりんピンキーブラック | G61: ぶるりんピンキーブラック | H61: ぶるりんピンキーブラック | I61: ぶるりんピンキーブラック | J61: ぶるりんピンキーブラック | K61: =IF(K56="","",J61) -> ぶるりんピンキーブラック | L61: =IF(L56="","",K61) -> ぶるりんピンキーブラック | M61: =IF(M56="","",L61) -> ぶるりんピンキーブラック | N61: =IF(N56="","",M61) | O61: =IF(O56="","",N61) | P61: =IF(P56="","",O61) | Q61: =IF(Q56="","",P61) | R61: =IF(R56="","",Q61) | ... AS61: =IF(AS56="","",AR61)
A62: =AVERAGE(C63:AS63)*30*100 -> 83181.818 | B62: 設定
A63: =SUM(C63:AS63) -> 305 | B63: 百差 | C63: 0 | D63: 0 | E63: 0 | F63: 140 | G63: 0 | H63: 0 | I63: 0 | J63: 73 | K63: =IF(K56="","",K56-J56) -> 0 | L63: =IF(L56="","",L56-K56) -> 0 | M63: =IF(M56="","",M56-L56) -> 92 | N63: =IF(N56="","",N56-M56) | O63: =IF(O56="","",O56-N56) | P63: =IF(P56="","",P56-O56) | Q63: =IF(Q56="","",Q56-P56) | R63: =IF(R56="","",R56-Q56) | ... AS63: =IF(AS56="","",AS56-AR56)
A64: 4 | B64: P差 | C64: 0 | D64: 0 | E64: 0 | F64: 9 | G64: 0 | H64: 0 | I64: 0 | J64: 2 | K64: =IF(K57="","",K57-J57) -> 0 | L64: =IF(L57="","",L57-K57) -> 0 | M64: =IF(M57="","",M57-L57) -> 4 | N64: =IF(N57="","",N57-M57) | O64: =IF(O57="","",O57-N57) | P64: =IF(P57="","",P57-O57) | Q64: =IF(Q57="","",Q57-P57) | R64: =IF(R57="","",R57-Q57) | ... AS64: =IF(AS57="","",AS57-AR57)
A65: -13 | B65: 払出 | C65: 0 | D65: 0 | E65: 0 | F65: 9 | G65: 0 | H65: 0 | I65: 0 | J65: 2 | K65: =IF(K58="","",J58+J59-K58) -> 0 | L65: =IF(L58="","",K58+K59-L58) -> 0 | M65: =IF(M58="","",L58+L59-M58) -> 4 | N65: =IF(N58="","",M58+M59-N58) | O65: =IF(O58="","",N58+N59-O58) | P65: =IF(P58="","",O58+O59-P58) | Q65: =IF(Q58="","",P58+P59-Q58) | R65: =IF(R58="","",Q58+Q59-R58) | ... AS65: =IF(AS58="","",AR58+AR59-AS58)
A66: -3900 | B66: 払出額 | C66: 0 | D66: 0 | E66: 0 | F66: 2700 | G66: 0 | H66: 0 | I66: 0 | J66: 600 | K66: =IF(K56="","",K65*K60) -> 0 | L66: =IF(L56="","",L65*L60) -> 0 | M66: =IF(M56="","",M65*M60) -> 1200 | N66: =IF(N56="","",N65*N60) | O66: =IF(O56="","",O65*O60) | P66: =IF(P56="","",P65*P60) | Q66: =IF(Q56="","",Q65*Q60) | R66: =IF(R56="","",R65*R60) | ... AS66: =IF(AS56="","",AS65*AS60)
A67: -0.3 | B67: 原価率 | F67: 0.19285714 | J67: 0.082191781 | K67: =IF(K66="","",IF(K66=0,"",K66/(K63*100))) | L67: =IF(L66="","",IF(L66=0,"",L66/(L63*100))) | M67: =IF(M66="","",IF(M66=0,"",M66/(M63*100))) -> 0.13043478 | N67: =IF(N66="","",IF(N66=0,"",N66/(N63*100))) | O67: =IF(O66="","",IF(O66=0,"",O66/(O63*100))) | P67: =IF(P66="","",IF(P66=0,"",P66/(P63*100))) | Q67: =IF(Q66="","",IF(Q66=0,"",Q66/(Q63*100))) | R67: =IF(R66="","",IF(R66=0,"",R66/(R63*100))) | ... AS67: =IF(AS66="","",IF(AS66=0,"",AS66/(AS63*100)))
A68: 霧島 | B68: 100円 | C68: 12177 | D68: 12177 | E68: 12177 | F68: 12259 | G68: 12259 | H68: 12259 | I68: 12259 | J68: 12297 | K68: =IF(K$8="","",J68) -> 12297 | L68: =IF(L$8="","",K68) -> 12297 | M68: 12356 | N68: =IF(N$8="","",M68) | O68: =IF(O$8="","",N68) | P68: =IF(P$8="","",O68) | Q68: =IF(Q$8="","",P68) | R68: =IF(R$8="","",Q68) | S68: =IF(S$8="","",R68) | T68: =IF(T$8="","",S68) | U68: =IF(U$8="","",T68) | ... AS68: =IF(AS$8="","",AR68)
A69: BUZZ＃１ | B69: プライズ | C69: 630 | D69: 630 | E69: 630 | F69: 630 | G69: 630 | H69: 630 | I69: 630 | J69: 637 | K69: =IF(K$8="","",J69) -> 637 | L69: =IF(L$8="","",K69) -> 637 | M69: 649 | N69: =IF(N$8="","",M69) | O69: =IF(O$8="","",N69) | P69: =IF(P$8="","",O69) | Q69: =IF(Q$8="","",P69) | R69: =IF(R$8="","",Q69) | S69: =IF(S$8="","",R69) | T69: =IF(T$8="","",S69) | U69: =IF(U$8="","",T69) | ... AS69: =IF(AS$8="","",AR69)
A70: 3 | B70: 投入残 | C70: 18 | D70: 18 | E70: 18 | F70: 18 | G70: 18 | H70: 18 | I70: 18 | J70: 11 | K70: =IF(K68="","",(J70+J71)) -> 16 | L70: =IF(L68="","",(K70+K71)) -> 16 | M70: 4 | N70: =IF(N68="","",(M70+M71)) | O70: =IF(O68="","",(N70+N71)) | P70: =IF(P68="","",(O70+O71)) | Q70: =IF(Q68="","",(P70+P71)) | R70: =IF(R68="","",(Q70+Q71)) | S70: =IF(S68="","",(R70+R71)) | T70: =IF(T68="","",(S70+S71)) | U70: =IF(U68="","",(T70+T71)) | ... AS70: =IF(AS68="","",(AR70+AR71))
B71: 補充 | J71: 5 | M71: 14
B72: 単価 | C72: 300 | D72: 300 | E72: 300 | F72: 300 | G72: 300 | H72: 300 | I72: 300 | J72: 300 | K72: =IF(K68="","",J72) -> 300 | L72: =IF(L68="","",K72) -> 300 | M72: =IF(M68="","",L72) -> 300 | N72: =IF(N68="","",M72) | O72: =IF(O68="","",N72) | P72: =IF(P68="","",O72) | Q72: =IF(Q68="","",P72) | R72: =IF(R68="","",Q72) | ... AS72: =IF(AS68="","",AR72)
A73: 月間予想 | B73: 景品名 | C73: フルーツスクイーズ | D73: フルーツスクイーズ | E73: フルーツスクイーズ | F73: フルーツスクイーズ | G73: フルーツスクイーズ | H73: フルーツスクイーズ | I73: フルーツスクイーズ | J73: フルーツスクイーズ | K73: =IF(K68="","",J73) -> フルーツスクイーズ | L73: =IF(L68="","",K73) -> フルーツスクイーズ | M73: =IF(M68="","",L73) -> フルーツスクイーズ | N73: =IF(N68="","",M73) | O73: =IF(O68="","",N73) | P73: =IF(P68="","",O73) | Q73: =IF(Q68="","",P73) | R73: =IF(R68="","",Q73) | ... AS73: =IF(AS68="","",AR73)
A74: =AVERAGE(C75:AS75)*30*100 -> 48818.182 | B74: 設定
A75: =SUM(C75:AS75) -> 179 | B75: 百差 | C75: 0 | D75: 0 | E75: 0 | F75: 82 | G75: 0 | H75: 0 | I75: 0 | J75: 38 | K75: =IF(K68="","",K68-J68) -> 0 | L75: =IF(L68="","",L68-K68) -> 0 | M75: =IF(M68="","",M68-L68) -> 59 | N75: =IF(N68="","",N68-M68) | O75: =IF(O68="","",O68-N68) | P75: =IF(P68="","",P68-O68) | Q75: =IF(Q68="","",Q68-P68) | R75: =IF(R68="","",R68-Q68) | ... AS75: =IF(AS68="","",AS68-AR68)
A76: 4 | B76: P差 | C76: 0 | D76: 0 | E76: 0 | F76: 0 | G76: 0 | H76: 0 | I76: 0 | J76: 7 | K76: =IF(K69="","",K69-J69) -> 0 | L76: =IF(L69="","",L69-K69) -> 0 | M76: =IF(M69="","",M69-L69) -> 12 | N76: =IF(N69="","",N69-M69) | O76: =IF(O69="","",O69-N69) | P76: =IF(P69="","",P69-O69) | Q76: =IF(Q69="","",Q69-P69) | R76: =IF(R69="","",R69-Q69) | ... AS76: =IF(AS69="","",AS69-AR69)
A77: 2 | B77: 払出 | C77: 0 | D77: 0 | E77: 0 | F77: 0 | G77: 0 | H77: 0 | I77: 0 | J77: 7 | K77: =IF(K70="","",J70+J71-K70) -> 0 | L77: =IF(L70="","",K70+K71-L70) -> 0 | M77: =IF(M70="","",L70+L71-M70) -> 12 | N77: =IF(N70="","",M70+M71-N70) | O77: =IF(O70="","",N70+N71-O70) | P77: =IF(P70="","",O70+O71-P70) | Q77: =IF(Q70="","",P70+P71-Q70) | R77: =IF(R70="","",Q70+Q71-R70) | ... AS77: =IF(AS70="","",AR70+AR71-AS70)
A78: 0 | B78: 払出額 | C78: 0 | D78: 0 | E78: 0 | F78: 0 | G78: 0 | H78: 0 | I78: 0 | J78: 2100 | K78: =IF(K68="","",K77*K72) -> 0 | L78: =IF(L68="","",L77*L72) -> 0 | M78: =IF(M68="","",M77*M72) -> 3600 | N78: =IF(N68="","",N77*N72) | O78: =IF(O68="","",O77*O72) | P78: =IF(P68="","",P77*P72) | Q78: =IF(Q68="","",Q77*Q72) | R78: =IF(R68="","",R77*R72) | ... AS78: =IF(AS68="","",AS77*AS72)
A79: 0 | B79: 原価率 | J79: 0.55263158 | K79: =IF(K78="","",IF(K78=0,"",K78/(K75*100))) | L79: =IF(L78="","",IF(L78=0,"",L78/(L75*100))) | M79: =IF(M78="","",IF(M78=0,"",M78/(M75*100))) -> 0.61016949 | N79: =IF(N78="","",IF(N78=0,"",N78/(N75*100))) | O79: =IF(O78="","",IF(O78=0,"",O78/(O75*100))) | P79: =IF(P78="","",IF(P78=0,"",P78/(P75*100))) | Q79: =IF(Q78="","",IF(Q78=0,"",Q78/(Q75*100))) | R79: =IF(R78="","",IF(R78=0,"",R78/(R75*100))) | ... AS79: =IF(AS78="","",IF(AS78=0,"",AS78/(AS75*100)))
A80: 霧島 | B80: 100円 | C80: 11347 | D80: 11347 | E80: 11347 | F80: 11406 | G80: 11406 | H80: 11406 | I80: 11406 | J80: 11431 | K80: =IF(K$8="","",J80) -> 11431 | L80: =IF(L$8="","",K80) -> 11431 | M80: 11475 | N80: =IF(N$8="","",M80) | O80: =IF(O$8="","",N80) | P80: =IF(P$8="","",O80) | Q80: =IF(Q$8="","",P80) | R80: =IF(R$8="","",Q80) | S80: =IF(S$8="","",R80) | T80: =IF(T$8="","",S80) | U80: =IF(U$8="","",T80) | ... AS80: =IF(AS$8="","",AR80)
A81: BUZZ＃１ | B81: プライズ | C81: 719 | D81: 719 | E81: 719 | F81: 726 | G81: 726 | H81: 726 | I81: 726 | J81: 731 | K81: =IF(K$8="","",J81) -> 731 | L81: =IF(L$8="","",K81) -> 731 | M81: 736 | N81: =IF(N$8="","",M81) | O81: =IF(O$8="","",N81) | P81: =IF(P$8="","",O81) | Q81: =IF(Q$8="","",P81) | R81: =IF(R$8="","",Q81) | S81: =IF(S$8="","",R81) | T81: =IF(T$8="","",S81) | U81: =IF(U$8="","",T81) | ... AS81: =IF(AS$8="","",AR81)
A82: 4 | B82: 投入残 | C82: 135 | D82: 135 | E82: 135 | F82: 128 | G82: 128 | H82: 128 | I82: 128 | J82: 123 | K82: =IF(K80="","",(J82+J83)) -> 123 | L82: =IF(L80="","",(K82+K83)) -> 123 | M82: 118 | N82: =IF(N80="","",(M82+M83)) | O82: =IF(O80="","",(N82+N83)) | P82: =IF(P80="","",(O82+O83)) | Q82: =IF(Q80="","",(P82+P83)) | R82: =IF(R80="","",(Q82+Q83)) | S82: =IF(S80="","",(R82+R83)) | T82: =IF(T80="","",(S82+S83)) | U82: =IF(U80="","",(T82+T83)) | ... AS82: =IF(AS80="","",(AR82+AR83))
B83: 補充
B84: 単価 | C84: 150 | D84: 150 | E84: 150 | F84: 150 | G84: 150 | H84: 150 | I84: 150 | J84: 150 | K84: =IF(K80="","",J84) -> 150 | L84: =IF(L80="","",K84) -> 150 | M84: =IF(M80="","",L84) -> 150 | N84: =IF(N80="","",M84) | O84: =IF(O80="","",N84) | P84: =IF(P80="","",O84) | Q84: =IF(Q80="","",P84) | R84: =IF(R80="","",Q84) | ... AS84: =IF(AS80="","",AR84)
A85: 月間予想 | B85: 景品名 | C85: ミニスクイーズ | D85: ミニスクイーズ | E85: ミニスクイーズ | F85: ミニスクイーズ | G85: ミニスクイーズ | H85: ミニスクイーズ | I85: ミニスクイーズ | J85: ミニスクイーズ | K85: =IF(K80="","",J85) -> ミニスクイーズ | L85: =IF(L80="","",K85) -> ミニスクイーズ | M85: =IF(M80="","",L85) -> ミニスクイーズ | N85: =IF(N80="","",M85) | O85: =IF(O80="","",N85) | P85: =IF(P80="","",O85) | Q85: =IF(Q80="","",P85) | R85: =IF(R80="","",Q85) | ... AS85: =IF(AS80="","",AR85)
A86: =AVERAGE(C87:AS87)*30*100 -> 34909.091 | B86: 設定
A87: =SUM(C87:AS87) -> 128 | B87: 百差 | C87: 0 | D87: 0 | E87: 0 | F87: 59 | G87: 0 | H87: 0 | I87: 0 | J87: 25 | K87: =IF(K80="","",K80-J80) -> 0 | L87: =IF(L80="","",L80-K80) -> 0 | M87: =IF(M80="","",M80-L80) -> 44 | N87: =IF(N80="","",N80-M80) | O87: =IF(O80="","",O80-N80) | P87: =IF(P80="","",P80-O80) | Q87: =IF(Q80="","",Q80-P80) | R87: =IF(R80="","",R80-Q80) | ... AS87: =IF(AS80="","",AS80-AR80)
A88: =SUM(C88:AS88) -> 17 | B88: P差 | C88: 0 | D88: 0 | E88: 0 | F88: 7 | G88: 0 | H88: 0 | I88: 0 | J88: 5 | K88: =IF(K81="","",K81-J81) -> 0 | L88: =IF(L81="","",L81-K81) -> 0 | M88: =IF(M81="","",M81-L81) -> 5 | N88: =IF(N81="","",N81-M81) | O88: =IF(O81="","",O81-N81) | P88: =IF(P81="","",P81-O81) | Q88: =IF(Q81="","",Q81-P81) | R88: =IF(R81="","",R81-Q81) | ... AS88: =IF(AS81="","",AS81-AR81)
A89: =SUM(C89:AS89) -> 17 | B89: 払出 | C89: 0 | D89: 0 | E89: 0 | F89: 7 | G89: 0 | H89: 0 | I89: 0 | J89: 5 | K89: =IF(K82="","",J82+J83-K82) -> 0 | L89: =IF(L82="","",K82+K83-L82) -> 0 | M89: =IF(M82="","",L82+L83-M82) -> 5 | N89: =IF(N82="","",M82+M83-N82) | O89: =IF(O82="","",N82+N83-O82) | P89: =IF(P82="","",O82+O83-P82) | Q89: =IF(Q82="","",P82+P83-Q82) | R89: =IF(R82="","",Q82+Q83-R82) | ... AS89: =IF(AS82="","",AR82+AR83-AS82)
A90: =SUM(C90:AS90) -> 2550 | B90: 払出額 | C90: 0 | D90: 0 | E90: 0 | F90: 1050 | G90: 0 | H90: 0 | I90: 0 | J90: 750 | K90: =IF(K80="","",K89*K84) -> 0 | L90: =IF(L80="","",L89*L84) -> 0 | M90: =IF(M80="","",M89*M84) -> 750 | N90: =IF(N80="","",N89*N84) | O90: =IF(O80="","",O89*O84) | P90: =IF(P80="","",P89*P84) | Q90: =IF(Q80="","",Q89*Q84) | R90: =IF(R80="","",R89*R84) | ... AS90: =IF(AS80="","",AS89*AS84)
A91: =IF(A90="","",A90/(A87*100)) -> 0.19921875 | B91: 原価率 | F91: 0.1779661 | J91: 0.3 | K91: =IF(K90="","",IF(K90=0,"",K90/(K87*100))) | L91: =IF(L90="","",IF(L90=0,"",L90/(L87*100))) | M91: =IF(M90="","",IF(M90=0,"",M90/(M87*100))) -> 0.17045455 | N91: =IF(N90="","",IF(N90=0,"",N90/(N87*100))) | O91: =IF(O90="","",IF(O90=0,"",O90/(O87*100))) | P91: =IF(P90="","",IF(P90=0,"",P90/(P87*100))) | Q91: =IF(Q90="","",IF(Q90=0,"",Q90/(Q87*100))) | R91: =IF(R90="","",IF(R90=0,"",R90/(R87*100))) | ... AS91: =IF(AS90="","",IF(AS90=0,"",AS90/(AS87*100)))
A92: 霧島 | B92: 100円 | C92: 12318 | D92: 12318 | E92: 12318 | F92: 12353 | G92: 12353 | H92: 12353 | I92: 12353 | J92: 12405 | K92: =IF(K$8="","",J92) -> 12405 | L92: =IF(L$8="","",K92) -> 12405 | M92: 12453 | N92: =IF(N$8="","",M92) | O92: =IF(O$8="","",N92) | P92: =IF(P$8="","",O92) | Q92: =IF(Q$8="","",P92) | R92: =IF(R$8="","",Q92) | S92: =IF(S$8="","",R92) | T92: =IF(T$8="","",S92) | U92: =IF(U$8="","",T92) | ... AS92: =IF(AS$8="","",AR92)
A93: BUZZ＃2 | B93: プライズ | C93: 230 | D93: 230 | E93: 230 | F93: 231 | G93: 231 | H93: 231 | I93: 231 | J93: 231 | K93: =IF(K$8="","",J93) -> 231 | L93: =IF(L$8="","",K93) -> 231 | M93: 232 | N93: =IF(N$8="","",M93) | O93: =IF(O$8="","",N93) | P93: =IF(P$8="","",O93) | Q93: =IF(Q$8="","",P93) | R93: =IF(R$8="","",Q93) | S93: =IF(S$8="","",R93) | T93: =IF(T$8="","",S93) | U93: =IF(U$8="","",T93) | ... AS93: =IF(AS$8="","",AR93)
A94: 1 | B94: 投入残 | C94: 15 | D94: 15 | E94: 15 | F94: 14 | G94: 14 | H94: 14 | I94: 14 | J94: 14 | K94: =IF(K92="","",(J94+J95)) -> 14 | L94: =IF(L92="","",(K94+K95)) -> 14 | M94: 13 | N94: =IF(N92="","",(M94+M95)) | O94: =IF(O92="","",(N94+N95)) | P94: =IF(P92="","",(O94+O95)) | Q94: =IF(Q92="","",(P94+P95)) | R94: =IF(R92="","",(Q94+Q95)) | S94: =IF(S92="","",(R94+R95)) | T94: =IF(T92="","",(S94+S95)) | U94: =IF(U92="","",(T94+T95)) | ... AS94: =IF(AS92="","",(AR94+AR95))
A95: 機械合計 | B95: 補充 | M95: 2
A96: =+(A99+A111+A123+A135)*100 -> 71800 | B96: 単価 | C96: 500 | D96: 500 | E96: 500 | F96: 500 | G96: 500 | H96: 500 | I96: 500 | J96: 500 | K96: =IF(K92="","",J96) -> 500 | L96: =IF(L92="","",K96) -> 500 | M96: =IF(M92="","",L96) -> 500 | N96: =IF(N92="","",M96) | O96: =IF(O92="","",N96) | P96: =IF(P92="","",O96) | Q96: =IF(Q92="","",P96) | R96: =IF(R92="","",Q96) | ... AS96: =IF(AS92="","",AR96)
A97: 月間予想 | B97: 景品名 | C97: ギャルキティMC | D97: ギャルキティMC | E97: ギャルキティMC | F97: ギャルキティMC | G97: ギャルキティMC | H97: ギャルキティMC | I97: ギャルキティMC | J97: ギャルキティMC | K97: =IF(K92="","",J97) -> ギャルキティMC | L97: =IF(L92="","",K97) -> ギャルキティMC | M97: =IF(M92="","",L97) -> ギャルキティMC | N97: =IF(N92="","",M97) | O97: =IF(O92="","",N97) | P97: =IF(P92="","",O97) | Q97: =IF(Q92="","",P97) | R97: =IF(R92="","",Q97) | ... AS97: =IF(AS92="","",AR97)
A98: =AVERAGE(C99:AS99)*30*100 -> 36818.182 | B98: 設定
A99: =SUM(C99:AS99) -> 135 | B99: 百差 | C99: 0 | D99: 0 | E99: 0 | F99: 35 | G99: 0 | H99: 0 | I99: 0 | J99: 52 | K99: =IF(K92="","",K92-J92) -> 0 | L99: =IF(L92="","",L92-K92) -> 0 | M99: =IF(M92="","",M92-L92) -> 48 | N99: =IF(N92="","",N92-M92) | O99: =IF(O92="","",O92-N92) | P99: =IF(P92="","",P92-O92) | Q99: =IF(Q92="","",Q92-P92) | R99: =IF(R92="","",R92-Q92) | ... AS99: =IF(AS92="","",AS92-AR92)
A100: =SUM(C100:AS100) -> 2 | B100: P差 | C100: 0 | D100: 0 | E100: 0 | F100: 1 | G100: 0 | H100: 0 | I100: 0 | J100: 0 | K100: =IF(K93="","",K93-J93) -> 0 | L100: =IF(L93="","",L93-K93) -> 0 | M100: =IF(M93="","",M93-L93) -> 1 | N100: =IF(N93="","",N93-M93) | O100: =IF(O93="","",O93-N93) | P100: =IF(P93="","",P93-O93) | Q100: =IF(Q93="","",Q93-P93) | R100: =IF(R93="","",R93-Q93) | ... AS100: =IF(AS93="","",AS93-AR93)
...

Sheet 宇宿
A1: =SUM(A14,A50,A62,A74,A86,A98,A110,A122,A134,A158,A146,A170,A182,A194,A206,A218,A230,A38,A26,A242,A254) -> 935727.27 | B1: 日付 | C1: 46156 | D1: 46157 | E1: 46158 | F1: 46159 | G1: 46160 | H1: 46161 | I1: 46162 | J1: 46163 | K1: 46164 | L1: =K1+1 -> 46165 | M1: =L1+1 -> 46166 | N1: =M1+1 -> 46167 | O1: =N1+1 -> 46168 | P1: =O1+1 -> 46169 | Q1: =P1+1 -> 46170 | R1: =Q1+1 -> 46171 | S1: =R1+1 -> 46172 | ... AS1: =AR1+1 -> 46198
B2: =SUM(C2:AO2) -> 3220 | C2: 0 | D2: 565 | E2: 0 | F2: 0 | G2: 1029 | H2: 0 | I2: 0 | J2: 0 | K2: 876 | L2: =SUM(L15,L27,L39,L51,L63,L75,L87,L99,L111,L123,L135,L147,L159,L171,L183,L195,L207,L219,L231,L245) -> 0 | M2: =SUM(M15,M27,M39,M51,M63,M75,M87,M99,M111,M123,M135,M147,M159,M171,M183,M195,M207,M219,M231,M245) -> 750 | N2: =SUM(N15,N27,N39,N51,N63,N75,N87,N99,N111,N123,N135,N147,N159,N171,N183,N195,N207,N219,N231,N245) -> 0 | O2: =SUM(O15,O27,O39,O51,O63,O75,O87,O99,O111,O123,O135,O147,O159,O171,O183,O195,O207,O219,O231,O245) -> 0 | P2: =SUM(P15,P27,P39,P51,P63,P75,P87,P99,P111,P123,P135,P147,P159,P171,P183,P195,P207,P219,P231,P245) -> 0 | Q2: =SUM(Q15,Q27,Q39,Q51,Q63,Q75,Q87,Q99,Q111,Q123,Q135,Q147,Q159,Q171,Q183,Q195,Q207,Q219,Q231,Q245) -> 0 | R2: =SUM(R15,R27,R39,R51,R63,R75,R87,R99,R111,R123,R135,R147,R159,R171,R183,R195,R207,R219,R231,R245) -> 0 | S2: =SUM(S15,S27,S39,S51,S63,S75,S87,S99,S111,S123,S135,S147,S159,S171,S183,S195,S207,S219,S231,S245) -> 0 | ... AS2: =SUM(AS15,AS27,AS39,AS51,AS63,AS75,AS87,AS99,AS111,AS123,AS135,AS147,AS159,AS171,AS183,AS195,AS207,AS219,AS231,AS245) -> 0
A3: 集金
A4: 両替機
A5: 百出 | D5: 260 | G5: 695 | K5: 1075 | M5: 455
A6: 札入 | D6: 23 | G6: 62 | K6: 94 | M6: 125
A7: 五入 | D7: 6 | G7: 15 | K7: 27 | M7: 41
A8: 宇宿 | B8: 100円 | C8: 17345 | D8: 17364 | E8: 17364 | F8: 17364 | G8: 17408 | H8: 17408 | I8: 17408 | J8: 17408 | K8: 17423 | L8: 17423 | M8: 17446
A9: BUZZ＃１ | B9: プライズ | C9: 433 | D9: 433 | E9: 433 | F9: 433 | G9: 433 | H9: 433 | I9: 433 | J9: 433 | K9: 433 | L9: =IF(L$8="","",K9) -> 433 | M9: 435 | N9: =IF(N$8="","",M9) | O9: =IF(O$8="","",N9) | P9: =IF(P$8="","",O9) | Q9: =IF(Q$8="","",P9) | R9: =IF(R$8="","",Q9) | S9: =IF(S$8="","",R9) | T9: =IF(T$8="","",S9) | U9: =IF(U$8="","",T9) | ... AS9: =IF(AS$8="","",AR9)
A10: 1 | B10: 投入残 | C10: 15 | D10: 15 | E10: 15 | F10: 15 | G10: 15 | H10: 15 | I10: 15 | J10: 15 | K10: 15 | L10: =IF(L8="","",(K10+K11)) -> 15 | M10: 13 | N10: =IF(N8="","",(M10+M11)) | O10: =IF(O8="","",(N10+N11)) | P10: =IF(P8="","",(O10+O11)) | Q10: =IF(Q8="","",(P10+P11)) | R10: =IF(R8="","",(Q10+Q11)) | S10: =IF(S8="","",(R10+R11)) | T10: =IF(T8="","",(S10+S11)) | U10: =IF(U8="","",(T10+T11)) | ... AS10: =IF(AS8="","",(AR10+AR11))
A11: 機械合計 | B11: 補充
A12: =+(A15+A27+A39+A51)*100 -> 45300 | B12: 単価 | C12: 500 | D12: 500 | E12: 500 | F12: 500 | G12: 500 | H12: 500 | I12: 500 | J12: 500 | K12: 500 | L12: =IF(L8="","",K12) -> 500 | M12: =IF(M8="","",L12) -> 500 | N12: =IF(N8="","",M12) | O12: =IF(O8="","",N12) | P12: =IF(P8="","",O12) | Q12: =IF(Q8="","",P12) | R12: =IF(R8="","",Q12) | S12: =IF(S8="","",R12) | ... AS12: =IF(AS8="","",AR12)
A13: 月間予想 | B13: 景品名 | C13: バタースクイーズ | D13: バタースクイーズ | E13: バタースクイーズ | F13: バタースクイーズ | G13: バタースクイーズ | H13: バタースクイーズ | I13: バタースクイーズ | J13: バタースクイーズ | K13: バタースクイーズ | L13: =IF(L8="","",K13) -> バタースクイーズ | M13: =IF(M8="","",L13) -> バタースクイーズ | N13: =IF(N8="","",M13) | O13: =IF(O8="","",N13) | P13: =IF(P8="","",O13) | Q13: =IF(Q8="","",P13) | R13: =IF(R8="","",Q13) | S13: =IF(S8="","",R13) | ... AS13: =IF(AS8="","",AR13)
A14: =AVERAGE(C15:AS15)*30*100 -> 27545.455 | B14: 設定
A15: =SUM(C15:AS15) -> 101 | B15: 百差 | C15: 0 | D15: 19 | E15: 0 | F15: 0 | G15: 44 | H15: 0 | I15: 0 | J15: 0 | K15: 15 | L15: =IF(L8="","",L8-K8) -> 0 | M15: =IF(M8="","",M8-L8) -> 23 | N15: =IF(N8="","",N8-M8) | O15: =IF(O8="","",O8-N8) | P15: =IF(P8="","",P8-O8) | Q15: =IF(Q8="","",Q8-P8) | R15: =IF(R8="","",R8-Q8) | S15: =IF(S8="","",S8-R8) | ... AS15: =IF(AS8="","",AS8-AR8)
A16: =SUM(C16:AS16) -> 2 | B16: P差 | C16: 0 | D16: 0 | E16: 0 | F16: 0 | G16: 0 | H16: 0 | I16: 0 | J16: 0 | K16: 0 | L16: =IF(L9="","",L9-K9) -> 0 | M16: =IF(M9="","",M9-L9) -> 2 | N16: =IF(N9="","",N9-M9) | O16: =IF(O9="","",O9-N9) | P16: =IF(P9="","",P9-O9) | Q16: =IF(Q9="","",Q9-P9) | R16: =IF(R9="","",R9-Q9) | S16: =IF(S9="","",S9-R9) | ... AS16: =IF(AS9="","",AS9-AR9)
A17: =SUM(C17:AS17) -> 2 | B17: 払出 | C17: 0 | D17: 0 | E17: 0 | F17: 0 | G17: 0 | H17: 0 | I17: 0 | J17: 0 | K17: 0 | L17: =IF(L10="","",K10+K11-L10) -> 0 | M17: =IF(M10="","",L10+L11-M10) -> 2 | N17: =IF(N10="","",M10+M11-N10) | O17: =IF(O10="","",N10+N11-O10) | P17: =IF(P10="","",O10+O11-P10) | Q17: =IF(Q10="","",P10+P11-Q10) | R17: =IF(R10="","",Q10+Q11-R10) | S17: =IF(S10="","",R10+R11-S10) | ... AS17: =IF(AS10="","",AR10+AR11-AS10)
A18: =SUM(C18:AS18) -> 1000 | B18: 払出額 | C18: 0 | D18: 0 | E18: 0 | F18: 0 | G18: 0 | H18: 0 | I18: 0 | J18: 0 | K18: 0 | L18: =IF(L8="","",L17*L12) -> 0 | M18: =IF(M8="","",M17*M12) -> 1000 | N18: =IF(N8="","",N17*N12) | O18: =IF(O8="","",O17*O12) | P18: =IF(P8="","",P17*P12) | Q18: =IF(Q8="","",Q17*Q12) | R18: =IF(R8="","",R17*R12) | S18: =IF(S8="","",S17*S12) | ... AS18: =IF(AS8="","",AS17*AS12)
A19: =IF(A18="","",A18/(A15*100)) -> 0.099009901 | B19: 原価率 | L19: =IF(L18="","",IF(L18=0,"",L18/(L15*100))) | M19: =IF(M18="","",IF(M18=0,"",M18/(M15*100))) -> 0.43478261 | N19: =IF(N18="","",IF(N18=0,"",N18/(N15*100))) | O19: =IF(O18="","",IF(O18=0,"",O18/(O15*100))) | P19: =IF(P18="","",IF(P18=0,"",P18/(P15*100))) | Q19: =IF(Q18="","",IF(Q18=0,"",Q18/(Q15*100))) | R19: =IF(R18="","",IF(R18=0,"",R18/(R15*100))) | S19: =IF(S18="","",IF(S18=0,"",S18/(S15*100))) | ... AS19: =IF(AS18="","",IF(AS18=0,"",AS18/(AS15*100)))
A20: 宇宿 | B20: 100円 | C20: 19113 | D20: 19141 | E20: 19141 | F20: 19141 | G20: 19166 | H20: 19166 | I20: 19166 | J20: 19166 | K20: 19174 | L20: =IF(L$8="","",K20) -> 19174 | M20: 19210 | N20: =IF(N$8="","",M20) | O20: =IF(O$8="","",N20) | P20: =IF(P$8="","",O20) | Q20: =IF(Q$8="","",P20) | R20: =IF(R$8="","",Q20) | S20: =IF(S$8="","",R20) | T20: =IF(T$8="","",S20) | U20: =IF(U$8="","",T20) | ... AS20: =IF(AS$8="","",AR20)
A21: BUZZ＃１ | B21: プライズ | C21: 432 | D21: 435 | E21: 435 | F21: 435 | G21: 435 | H21: 435 | I21: 435 | J21: 435 | K21: 435 | L21: =IF(L$8="","",K21) -> 435 | M21: 438 | N21: =IF(N$8="","",M21) | O21: =IF(O$8="","",N21) | P21: =IF(P$8="","",O21) | Q21: =IF(Q$8="","",P21) | R21: =IF(R$8="","",Q21) | S21: =IF(S$8="","",R21) | T21: =IF(T$8="","",S21) | U21: =IF(U$8="","",T21) | ... AS21: =IF(AS$8="","",AR21)
A22: 2 | B22: 投入残 | C22: 42 | D22: 39 | E22: 39 | F22: 39 | G22: 39 | H22: 39 | I22: 39 | J22: 39 | K22: 39 | L22: =IF(L20="","",(K22+K23)) -> 39 | M22: 36 | N22: =IF(N20="","",(M22+M23)) | O22: =IF(O20="","",(N22+N23)) | P22: =IF(P20="","",(O22+O23)) | Q22: =IF(Q20="","",(P22+P23)) | R22: =IF(R20="","",(Q22+Q23)) | S22: =IF(S20="","",(R22+R23)) | T22: =IF(T20="","",(S22+S23)) | U22: =IF(U20="","",(T22+T23)) | ... AS22: =IF(AS20="","",(AR22+AR23))
B23: 補充
B24: 単価 | C24: 682 | D24: 682 | E24: 682 | F24: 682 | G24: 682 | H24: 682 | I24: 682 | J24: 682 | K24: 682 | L24: =IF(L20="","",K24) -> 682 | M24: =IF(M20="","",L24) -> 682 | N24: =IF(N20="","",M24) | O24: =IF(O20="","",N24) | P24: =IF(P20="","",O24) | Q24: =IF(Q20="","",P24) | R24: =IF(R20="","",Q24) | S24: =IF(S20="","",R24) | ... AS24: =IF(AS20="","",AR24)
A25: 月間予想 | B25: 景品名 | C25: ミニスクイーズ | D25: ミニスクイーズ | E25: ミニスクイーズ | F25: ミニスクイーズ | G25: ミニスクイーズ | H25: ミニスクイーズ | I25: ミニスクイーズ | J25: ミニスクイーズ | K25: ミニスクイーズ | L25: =IF(L20="","",K25) -> ミニスクイーズ | M25: =IF(M20="","",L25) -> ミニスクイーズ | N25: =IF(N20="","",M25) | O25: =IF(O20="","",N25) | P25: =IF(P20="","",O25) | Q25: =IF(Q20="","",P25) | R25: =IF(R20="","",Q25) | S25: =IF(S20="","",R25) | ... AS25: =IF(AS20="","",AR25)
A26: =AVERAGE(C27:AS27)*30*100 -> 26454.545 | B26: 設定
A27: =SUM(C27:AS27) -> 97 | B27: 百差 | C27: 0 | D27: 28 | E27: 0 | F27: 0 | G27: 25 | H27: 0 | I27: 0 | J27: 0 | K27: 8 | L27: =IF(L20="","",L20-K20) -> 0 | M27: =IF(M20="","",M20-L20) -> 36 | N27: =IF(N20="","",N20-M20) | O27: =IF(O20="","",O20-N20) | P27: =IF(P20="","",P20-O20) | Q27: =IF(Q20="","",Q20-P20) | R27: =IF(R20="","",R20-Q20) | S27: =IF(S20="","",S20-R20) | ... AS27: =IF(AS20="","",AS20-AR20)
A28: =SUM(C28:AS28) -> 6 | B28: P差 | C28: 0 | D28: 3 | E28: 0 | F28: 0 | G28: 0 | H28: 0 | I28: 0 | J28: 0 | K28: 0 | L28: =IF(L21="","",L21-K21) -> 0 | M28: =IF(M21="","",M21-L21) -> 3 | N28: =IF(N21="","",N21-M21) | O28: =IF(O21="","",O21-N21) | P28: =IF(P21="","",P21-O21) | Q28: =IF(Q21="","",Q21-P21) | R28: =IF(R21="","",R21-Q21) | S28: =IF(S21="","",S21-R21) | ... AS28: =IF(AS21="","",AS21-AR21)
A29: =SUM(C29:AS29) -> 6 | B29: 払出 | C29: 0 | D29: 3 | E29: 0 | F29: 0 | G29: 0 | H29: 0 | I29: 0 | J29: 0 | K29: 0 | L29: =IF(L22="","",K22+K23-L22) -> 0 | M29: =IF(M22="","",L22+L23-M22) -> 3 | N29: =IF(N22="","",M22+M23-N22) | O29: =IF(O22="","",N22+N23-O22) | P29: =IF(P22="","",O22+O23-P22) | Q29: =IF(Q22="","",P22+P23-Q22) | R29: =IF(R22="","",Q22+Q23-R22) | S29: =IF(S22="","",R22+R23-S22) | ... AS29: =IF(AS22="","",AR22+AR23-AS22)
A30: =SUM(C30:AS30) -> 4092 | B30: 払出額 | C30: 0 | D30: 2046 | E30: 0 | F30: 0 | G30: 0 | H30: 0 | I30: 0 | J30: 0 | K30: 0 | L30: =IF(L20="","",L29*L24) -> 0 | M30: =IF(M20="","",M29*M24) -> 2046 | N30: =IF(N20="","",N29*N24) | O30: =IF(O20="","",O29*O24) | P30: =IF(P20="","",P29*P24) | Q30: =IF(Q20="","",Q29*Q24) | R30: =IF(R20="","",R29*R24) | S30: =IF(S20="","",S29*S24) | ... AS30: =IF(AS20="","",AS29*AS24)
A31: =IF(A30="","",A30/(A27*100)) -> 0.42185567 | B31: 原価率 | D31: 0.73071429 | L31: =IF(L30="","",IF(L30=0,"",L30/(L27*100))) | M31: =IF(M30="","",IF(M30=0,"",M30/(M27*100))) -> 0.56833333 | N31: =IF(N30="","",IF(N30=0,"",N30/(N27*100))) | O31: =IF(O30="","",IF(O30=0,"",O30/(O27*100))) | P31: =IF(P30="","",IF(P30=0,"",P30/(P27*100))) | Q31: =IF(Q30="","",IF(Q30=0,"",Q30/(Q27*100))) | R31: =IF(R30="","",IF(R30=0,"",R30/(R27*100))) | S31: =IF(S30="","",IF(S30=0,"",S30/(S27*100))) | ... AS31: =IF(AS30="","",IF(AS30=0,"",AS30/(AS27*100)))
A32: 宇宿 | B32: 100円 | C32: 14323 | D32: 14339 | E32: 14339 | F32: 14339 | G32: 14345 | H32: 14345 | I32: 14345 | J32: 14345 | K32: 14372 | L32: =IF(L$8="","",K32) -> 14372 | M32: 14432 | N32: =IF(N$8="","",M32) | O32: =IF(O$8="","",N32) | P32: =IF(P$8="","",O32) | Q32: =IF(Q$8="","",P32) | R32: =IF(R$8="","",Q32) | S32: =IF(S$8="","",R32) | T32: =IF(T$8="","",S32) | U32: =IF(U$8="","",T32) | ... AS32: =IF(AS$8="","",AR32)
A33: BUZZ＃１ | B33: プライズ | C33: 495 | D33: 495 | E33: 495 | F33: 495 | G33: 495 | H33: 495 | I33: 495 | J33: 495 | K33: 497 | L33: =IF(L$8="","",K33) -> 497 | M33: 497 | N33: =IF(N$8="","",M33) | O33: =IF(O$8="","",N33) | P33: =IF(P$8="","",O33) | Q33: =IF(Q$8="","",P33) | R33: =IF(R$8="","",Q33) | S33: =IF(S$8="","",R33) | T33: =IF(T$8="","",S33) | U33: =IF(U$8="","",T33) | ... AS33: =IF(AS$8="","",AR33)
A34: 3 | B34: 投入残 | C34: 21 | D34: 21 | E34: 21 | F34: 21 | G34: 21 | H34: 21 | I34: 21 | J34: 21 | K34: 19 | L34: =IF(L32="","",(K34+K35)) -> 19 | M34: =IF(M32="","",(L34+L35)) -> 19 | N34: =IF(N32="","",(M34+M35)) | O34: =IF(O32="","",(N34+N35)) | P34: =IF(P32="","",(O34+O35)) | Q34: =IF(Q32="","",(P34+P35)) | R34: =IF(R32="","",(Q34+Q35)) | S34: =IF(S32="","",(R34+R35)) | ... AS34: =IF(AS32="","",(AR34+AR35))
B35: 補充
B36: 単価 | C36: 750 | D36: 750 | E36: 750 | F36: 750 | G36: 750 | H36: 750 | I36: 750 | J36: 750 | K36: 750 | L36: =IF(L32="","",K36) -> 750 | M36: =IF(M32="","",L36) -> 750 | N36: =IF(N32="","",M36) | O36: =IF(O32="","",N36) | P36: =IF(P32="","",O36) | Q36: =IF(Q32="","",P36) | R36: =IF(R32="","",Q36) | S36: =IF(S32="","",R36) | ... AS36: =IF(AS32="","",AR36)
A37: 月間予想 | B37: 景品名 | C37: NICI | D37: NICI | E37: NICI | F37: NICI | G37: NICI | H37: NICI | I37: NICI | J37: NICI | K37: NICI | L37: =IF(L32="","",K37) -> NICI | M37: =IF(M32="","",L37) -> NICI | N37: =IF(N32="","",M37) | O37: =IF(O32="","",N37) | P37: =IF(P32="","",O37) | Q37: =IF(Q32="","",P37) | R37: =IF(R32="","",Q37) | S37: =IF(S32="","",R37) | ... AS37: =IF(AS32="","",AR37)
A38: =AVERAGE(C39:AS39)*30*100 -> 29727.273 | B38: 設定
A39: =SUM(C39:AS39) -> 109 | B39: 百差 | C39: 0 | D39: 16 | E39: 0 | F39: 0 | G39: 6 | H39: 0 | I39: 0 | J39: 0 | K39: 27 | L39: =IF(L32="","",L32-K32) -> 0 | M39: =IF(M32="","",M32-L32) -> 60 | N39: =IF(N32="","",N32-M32) | O39: =IF(O32="","",O32-N32) | P39: =IF(P32="","",P32-O32) | Q39: =IF(Q32="","",Q32-P32) | R39: =IF(R32="","",R32-Q32) | S39: =IF(S32="","",S32-R32) | ... AS39: =IF(AS32="","",AS32-AR32)
A40: =SUM(C40:AS40) -> 2 | B40: P差 | C40: 0 | D40: 0 | E40: 0 | F40: 0 | G40: 0 | H40: 0 | I40: 0 | J40: 0 | K40: 2 | L40: =IF(L33="","",L33-K33) -> 0 | M40: =IF(M33="","",M33-L33) -> 0 | N40: =IF(N33="","",N33-M33) | O40: =IF(O33="","",O33-N33) | P40: =IF(P33="","",P33-O33) | Q40: =IF(Q33="","",Q33-P33) | R40: =IF(R33="","",R33-Q33) | S40: =IF(S33="","",S33-R33) | ... AS40: =IF(AS33="","",AS33-AR33)
A41: =SUM(C41:AS41) -> 2 | B41: 払出 | C41: 0 | D41: 0 | E41: 0 | F41: 0 | G41: 0 | H41: 0 | I41: 0 | J41: 0 | K41: 2 | L41: =IF(L34="","",K34+K35-L34) -> 0 | M41: =IF(M34="","",L34+L35-M34) -> 0 | N41: =IF(N34="","",M34+M35-N34) | O41: =IF(O34="","",N34+N35-O34) | P41: =IF(P34="","",O34+O35-P34) | Q41: =IF(Q34="","",P34+P35-Q34) | R41: =IF(R34="","",Q34+Q35-R34) | S41: =IF(S34="","",R34+R35-S34) | ... AS41: =IF(AS34="","",AR34+AR35-AS34)
A42: =SUM(C42:AS42) -> 1500 | B42: 払出額 | C42: 0 | D42: 0 | E42: 0 | F42: 0 | G42: 0 | H42: 0 | I42: 0 | J42: 0 | K42: 1500 | L42: =IF(L32="","",L41*L36) -> 0 | M42: =IF(M32="","",M41*M36) -> 0 | N42: =IF(N32="","",N41*N36) | O42: =IF(O32="","",O41*O36) | P42: =IF(P32="","",P41*P36) | Q42: =IF(Q32="","",Q41*Q36) | R42: =IF(R32="","",R41*R36) | S42: =IF(S32="","",S41*S36) | ... AS42: =IF(AS32="","",AS41*AS36)
A43: =IF(A42="","",A42/(A39*100)) -> 0.13761468 | B43: 原価率 | K43: 0.55555556 | L43: =IF(L42="","",IF(L42=0,"",L42/(L39*100))) | M43: =IF(M42="","",IF(M42=0,"",M42/(M39*100))) | N43: =IF(N42="","",IF(N42=0,"",N42/(N39*100))) | O43: =IF(O42="","",IF(O42=0,"",O42/(O39*100))) | P43: =IF(P42="","",IF(P42=0,"",P42/(P39*100))) | Q43: =IF(Q42="","",IF(Q42=0,"",Q42/(Q39*100))) | R43: =IF(R42="","",IF(R42=0,"",R42/(R39*100))) | S43: =IF(S42="","",IF(S42=0,"",S42/(S39*100))) | ... AS43: =IF(AS42="","",IF(AS42=0,"",AS42/(AS39*100)))
A44: 宇宿 | B44: 100円 | C44: 19831 | D44: 19874 | E44: 19874 | F44: 19874 | G44: 19904 | H44: 19904 | I44: 19904 | J44: 19904 | K44: 19957 | L44: =IF(L$8="","",K44) -> 19957 | M44: 19977 | N44: =IF(N$8="","",M44) | O44: =IF(O$8="","",N44) | P44: =IF(P$8="","",O44) | Q44: =IF(Q$8="","",P44) | R44: =IF(R$8="","",Q44) | S44: =IF(S$8="","",R44) | T44: =IF(T$8="","",S44) | U44: =IF(U$8="","",T44) | ... AS44: =IF(AS$8="","",AR44)
A45: BUZZ＃１ | B45: プライズ | C45: 529 | D45: 531 | E45: 531 | F45: 531 | G45: 531 | H45: 531 | I45: 531 | J45: 531 | K45: 532 | L45: =IF(L$8="","",K45) -> 532 | M45: 532 | N45: =IF(N$8="","",M45) | O45: =IF(O$8="","",N45) | P45: =IF(P$8="","",O45) | Q45: =IF(Q$8="","",P45) | R45: =IF(R$8="","",Q45) | S45: =IF(S$8="","",R45) | T45: =IF(T$8="","",S45) | U45: =IF(U$8="","",T45) | ... AS45: =IF(AS$8="","",AR45)
A46: 4 | B46: 投入残 | C46: 7 | D46: 7 | E46: 7 | F46: 7 | G46: 7 | H46: 7 | I46: 7 | J46: 7 | K46: 4 | L46: =IF(L44="","",(K46+K47)) -> 4 | M46: 24 | N46: =IF(N44="","",(M46+M47)) | O46: =IF(O44="","",(N46+N47)) | P46: =IF(P44="","",(O46+O47)) | Q46: =IF(Q44="","",(P46+P47)) | R46: =IF(R44="","",(Q46+Q47)) | S46: =IF(S44="","",(R46+R47)) | T46: =IF(T44="","",(S46+S47)) | U46: =IF(U44="","",(T46+T47)) | ... AS46: =IF(AS44="","",(AR46+AR47))
B47: 補充 | L47: 20
B48: 単価 | C48: 800 | D48: 800 | E48: 800 | F48: 800 | G48: 800 | H48: 800 | I48: 800 | J48: 800 | K48: 800 | L48: =IF(L44="","",K48) -> 800 | M48: =IF(M44="","",L48) -> 800 | N48: =IF(N44="","",M48) | O48: =IF(O44="","",N48) | P48: =IF(P44="","",O48) | Q48: =IF(Q44="","",P48) | R48: =IF(R44="","",Q48) | S48: =IF(S44="","",R48) | ... AS48: =IF(AS44="","",AR48)
A49: 月間予想 | B49: 景品名 | C49: サンリオバンズクリップ | D49: サンリオバンズクリップ | E49: サンリオバンズクリップ | F49: サンリオバンズクリップ | G49: サンリオバンズクリップ | H49: サンリオバンズクリップ | I49: サンリオバンズクリップ | J49: サンリオバンズクリップ | K49: サンリオバンズクリップ | L49: =IF(L44="","",K49) -> サンリオバンズクリップ | M49: もんちっちがま口ポーチ | N49: =IF(N44="","",M49) | O49: =IF(O44="","",N49) | P49: =IF(P44="","",O49) | Q49: =IF(Q44="","",P49) | R49: =IF(R44="","",Q49) | S49: =IF(S44="","",R49) | T49: =IF(T44="","",S49) | U49: =IF(U44="","",T49) | ... AS49: =IF(AS44="","",AR49)
A50: =AVERAGE(C51:AS51)*30*100 -> 39818.182 | B50: 設定
A51: =SUM(C51:AS51) -> 146 | B51: 百差 | C51: 0 | D51: 43 | E51: 0 | F51: 0 | G51: 30 | H51: 0 | I51: 0 | J51: 0 | K51: 53 | L51: =IF(L44="","",L44-K44) -> 0 | M51: =IF(M44="","",M44-L44) -> 20 | N51: =IF(N44="","",N44-M44) | O51: =IF(O44="","",O44-N44) | P51: =IF(P44="","",P44-O44) | Q51: =IF(Q44="","",Q44-P44) | R51: =IF(R44="","",R44-Q44) | S51: =IF(S44="","",S44-R44) | ... AS51: =IF(AS44="","",AS44-AR44)
A52: =SUM(C52:AS52) -> 3 | B52: P差 | C52: 0 | D52: 2 | E52: 0 | F52: 0 | G52: 0 | H52: 0 | I52: 0 | J52: 0 | K52: 1 | L52: =IF(L45="","",L45-K45) -> 0 | M52: =IF(M45="","",M45-L45) -> 0 | N52: =IF(N45="","",N45-M45) | O52: =IF(O45="","",O45-N45) | P52: =IF(P45="","",P45-O45) | Q52: =IF(Q45="","",Q45-P45) | R52: =IF(R45="","",R45-Q45) | S52: =IF(S45="","",S45-R45) | ... AS52: =IF(AS45="","",AS45-AR45)
A53: =SUM(C53:AS53) -> 3 | B53: 払出 | C53: 0 | D53: 0 | E53: 0 | F53: 0 | G53: 0 | H53: 0 | I53: 0 | J53: 0 | K53: 3 | L53: =IF(L46="","",K46+K47-L46) -> 0 | M53: =IF(M46="","",L46+L47-M46) -> 0 | N53: =IF(N46="","",M46+M47-N46) | O53: =IF(O46="","",N46+N47-O46) | P53: =IF(P46="","",O46+O47-P46) | Q53: =IF(Q46="","",P46+P47-Q46) | R53: =IF(R46="","",Q46+Q47-R46) | S53: =IF(S46="","",R46+R47-S46) | ... AS53: =IF(AS46="","",AR46+AR47-AS46)
A54: =SUM(C54:AS54) -> 2400 | B54: 払出額 | C54: 0 | D54: 0 | E54: 0 | F54: 0 | G54: 0 | H54: 0 | I54: 0 | J54: 0 | K54: 2400 | L54: =IF(L44="","",L53*L48) -> 0 | M54: =IF(M44="","",M53*M48) -> 0 | N54: =IF(N44="","",N53*N48) | O54: =IF(O44="","",O53*O48) | P54: =IF(P44="","",P53*P48) | Q54: =IF(Q44="","",Q53*Q48) | R54: =IF(R44="","",R53*R48) | S54: =IF(S44="","",S53*S48) | ... AS54: =IF(AS44="","",AS53*AS48)
A55: =IF(A54="","",A54/(A51*100)) -> 0.16438356 | B55: 原価率 | K55: 0.45283019 | L55: =IF(L54="","",IF(L54=0,"",L54/(L51*100))) | M55: =IF(M54="","",IF(M54=0,"",M54/(M51*100))) | N55: =IF(N54="","",IF(N54=0,"",N54/(N51*100))) | O55: =IF(O54="","",IF(O54=0,"",O54/(O51*100))) | P55: =IF(P54="","",IF(P54=0,"",P54/(P51*100))) | Q55: =IF(Q54="","",IF(Q54=0,"",Q54/(Q51*100))) | R55: =IF(R54="","",IF(R54=0,"",R54/(R51*100))) | S55: =IF(S54="","",IF(S54=0,"",S54/(S51*100))) | ... AS55: =IF(AS54="","",IF(AS54=0,"",AS54/(AS51*100)))
A56: 宇宿 | B56: 100円 | C56: 14753 | D56: 14754 | E56: 14754 | F56: 14754 | G56: 14758 | H56: 14758 | I56: 14758 | J56: 14758 | K56: 14825 | L56: =IF(L$8="","",K56) -> 14825 | M56: 14850 | N56: =IF(N$8="","",M56) | O56: =IF(O$8="","",N56) | P56: =IF(P$8="","",O56) | Q56: =IF(Q$8="","",P56) | R56: =IF(R$8="","",Q56) | S56: =IF(S$8="","",R56) | T56: =IF(T$8="","",S56) | U56: =IF(U$8="","",T56) | ... AS56: =IF(AS$8="","",AR56)
A57: BUZZ＃2 | B57: プライズ | C57: 331 | D57: 331 | E57: 331 | F57: 331 | G57: 332 | H57: 332 | I57: 332 | J57: 332 | K57: 332 | L57: =IF(L$8="","",K57) -> 332 | M57: 333 | N57: =IF(N$8="","",M57) | O57: =IF(O$8="","",N57) | P57: =IF(P$8="","",O57) | Q57: =IF(Q$8="","",P57) | R57: =IF(R$8="","",Q57) | S57: =IF(S$8="","",R57) | T57: =IF(T$8="","",S57) | U57: =IF(U$8="","",T57) | ... AS57: =IF(AS$8="","",AR57)
A58: 1 | B58: 投入残 | C58: 31 | D58: 31 | E58: 31 | F58: 31 | G58: 9 | H58: 9 | I58: 9 | J58: 9 | K58: 9 | L58: =IF(L56="","",(K58+K59)) -> 9 | M58: 8 | N58: =IF(N56="","",(M58+M59)) | O58: =IF(O56="","",(N58+N59)) | P58: =IF(P56="","",(O58+O59)) | Q58: =IF(Q56="","",(P58+P59)) | R58: =IF(R56="","",(Q58+Q59)) | S58: =IF(S56="","",(R58+R59)) | T58: =IF(T56="","",(S58+S59)) | U58: =IF(U56="","",(T58+T59)) | ... AS58: =IF(AS56="","",(AR58+AR59))
A59: 機械合計 | B59: 補充 | F59: -22 | M59: 4
A60: =+(A63+A75+A87+A99)*100 -> 62200 | B60: 単価 | C60: 700 | D60: 700 | E60: 700 | F60: 700 | G60: 700 | H60: 700 | I60: 700 | J60: 700 | K60: 700 | L60: =IF(L56="","",K60) -> 700 | M60: =IF(M56="","",L60) -> 700 | N60: =IF(N56="","",M60) | O60: =IF(O56="","",N60) | P60: =IF(P56="","",O60) | Q60: =IF(Q56="","",P60) | R60: =IF(R56="","",Q60) | S60: =IF(S56="","",R60) | ... AS60: =IF(AS56="","",AR60)
A61: 月間予想 | B61: 景品名 | C61: 元祖ワッペミニポーチ | D61: 元祖ワッペミニポーチ | E61: 元祖ワッペミニポーチ | F61: 元祖ワッペミニポーチ | G61: スンスン金カラーがま口 | H61: スンスン金カラーがま口 | I61: スンスン金カラーがま口 | J61: スンスン金カラーがま口 | K61: スンスン金カラーがま口 | L61: =IF(L56="","",K61) -> スンスン金カラーがま口 | M61: =IF(M56="","",L61) -> スンスン金カラーがま口 | N61: =IF(N56="","",M61) | O61: =IF(O56="","",N61) | P61: =IF(P56="","",O61) | Q61: =IF(Q56="","",P61) | R61: =IF(R56="","",Q61) | S61: =IF(S56="","",R61) | ... AS61: =IF(AS56="","",AR61)
A62: =AVERAGE(C63:AS63)*30*100 -> 26454.545 | B62: 設定
A63: =SUM(C63:AS63) -> 97 | B63: 百差 | C63: 0 | D63: 1 | E63: 0 | F63: 0 | G63: 4 | H63: 0 | I63: 0 | J63: 0 | K63: 67 | L63: =IF(L56="","",L56-K56) -> 0 | M63: =IF(M56="","",M56-L56) -> 25 | N63: =IF(N56="","",N56-M56) | O63: =IF(O56="","",O56-N56) | P63: =IF(P56="","",P56-O56) | Q63: =IF(Q56="","",Q56-P56) | R63: =IF(R56="","",R56-Q56) | S63: =IF(S56="","",S56-R56) | ... AS63: =IF(AS56="","",AS56-AR56)
A64: =SUM(C64:AS64) -> 2 | B64: P差 | C64: 0 | D64: 0 | E64: 0 | F64: 0 | G64: 1 | H64: 0 | I64: 0 | J64: 0 | K64: 0 | L64: =IF(L57="","",L57-K57) -> 0 | M64: =IF(M57="","",M57-L57) -> 1 | N64: =IF(N57="","",N57-M57) | O64: =IF(O57="","",O57-N57) | P64: =IF(P57="","",P57-O57) | Q64: =IF(Q57="","",Q57-P57) | R64: =IF(R57="","",R57-Q57) | S64: =IF(S57="","",S57-R57) | ... AS64: =IF(AS57="","",AS57-AR57)
A65: =SUM(C65:AS65) -> 1 | B65: 払出 | C65: 0 | D65: 0 | E65: 0 | F65: 0 | G65: 0 | H65: 0 | I65: 0 | J65: 0 | K65: 0 | L65: =IF(L58="","",K58+K59-L58) -> 0 | M65: =IF(M58="","",L58+L59-M58) -> 1 | N65: =IF(N58="","",M58+M59-N58) | O65: =IF(O58="","",N58+N59-O58) | P65: =IF(P58="","",O58+O59-P58) | Q65: =IF(Q58="","",P58+P59-Q58) | R65: =IF(R58="","",Q58+Q59-R58) | S65: =IF(S58="","",R58+R59-S58) | ... AS65: =IF(AS58="","",AR58+AR59-AS58)
A66: =SUM(C66:AS66) -> 700 | B66: 払出額 | C66: 0 | D66: 0 | E66: 0 | F66: 0 | G66: 0 | H66: 0 | I66: 0 | J66: 0 | K66: 0 | L66: =IF(L56="","",L65*L60) -> 0 | M66: =IF(M56="","",M65*M60) -> 700 | N66: =IF(N56="","",N65*N60) | O66: =IF(O56="","",O65*O60) | P66: =IF(P56="","",P65*P60) | Q66: =IF(Q56="","",Q65*Q60) | R66: =IF(R56="","",R65*R60) | S66: =IF(S56="","",S65*S60) | ... AS66: =IF(AS56="","",AS65*AS60)
A67: =IF(A66="","",A66/(A63*100)) -> 0.072164948 | B67: 原価率 | L67: =IF(L66="","",IF(L66=0,"",L66/(L63*100))) | M67: =IF(M66="","",IF(M66=0,"",M66/(M63*100))) -> 0.28 | N67: =IF(N66="","",IF(N66=0,"",N66/(N63*100))) | O67: =IF(O66="","",IF(O66=0,"",O66/(O63*100))) | P67: =IF(P66="","",IF(P66=0,"",P66/(P63*100))) | Q67: =IF(Q66="","",IF(Q66=0,"",Q66/(Q63*100))) | R67: =IF(R66="","",IF(R66=0,"",R66/(R63*100))) | S67: =IF(S66="","",IF(S66=0,"",S66/(S63*100))) | ... AS67: =IF(AS66="","",IF(AS66=0,"",AS66/(AS63*100)))
A68: 宇宿 | B68: 100円 | C68: 17201 | D68: 17217 | E68: 17217 | F68: 17217 | G68: 17318 | H68: 17318 | I68: 17318 | J68: 17318 | K68: 17341 | L68: =IF(L$8="","",K68) -> 17341 | M68: 17386 | N68: =IF(N$8="","",M68) | O68: =IF(O$8="","",N68) | P68: =IF(P$8="","",O68) | Q68: =IF(Q$8="","",P68) | R68: =IF(R$8="","",Q68) | S68: =IF(S$8="","",R68) | T68: =IF(T$8="","",S68) | U68: =IF(U$8="","",T68) | ... AS68: =IF(AS$8="","",AR68)
A69: BUZZ＃2 | B69: プライズ | C69: 386 | D69: 386 | E69: 386 | F69: 386 | G69: 388 | H69: 388 | I69: 388 | J69: 388 | K69: 388 | L69: =IF(L$8="","",K69) -> 388 | M69: =IF(M$8="","",L69) -> 388 | N69: =IF(N$8="","",M69) | O69: =IF(O$8="","",N69) | P69: =IF(P$8="","",O69) | Q69: =IF(Q$8="","",P69) | R69: =IF(R$8="","",Q69) | S69: =IF(S$8="","",R69) | ... AS69: =IF(AS$8="","",AR69)
A70: 2 | B70: 投入残 | C70: 11 | D70: 11 | E70: 11 | F70: 11 | G70: 9 | H70: 9 | I70: 9 | J70: 9 | K70: 9 | L70: =IF(L68="","",(K70+K71)) -> 9 | M70: =IF(M68="","",(L70+L71)) -> 9 | N70: =IF(N68="","",(M70+M71)) | O70: =IF(O68="","",(N70+N71)) | P70: =IF(P68="","",(O70+O71)) | Q70: =IF(Q68="","",(P70+P71)) | R70: =IF(R68="","",(Q70+Q71)) | S70: =IF(S68="","",(R70+R71)) | ... AS70: =IF(AS68="","",(AR70+AR71))
B71: 補充 | M71: 6
B72: 単価 | C72: 0 | D72: 0 | E72: 0 | F72: 0 | G72: 0 | H72: 0 | I72: 0 | J72: 0 | K72: 0 | L72: =IF(L68="","",K72) -> 0 | M72: =IF(M68="","",L72) -> 0 | N72: =IF(N68="","",M72) | O72: =IF(O68="","",N72) | P72: =IF(P68="","",O72) | Q72: =IF(Q68="","",P72) | R72: =IF(R68="","",Q72) | S72: =IF(S68="","",R72) | ... AS72: =IF(AS68="","",AR72)
A73: 月間予想 | B73: 景品名 | C73: たまごっちポシェット | D73: たまごっちポシェット | E73: たまごっちポシェット | F73: たまごっちポシェット | G73: たまごっちポシェット | H73: たまごっちポシェット | I73: たまごっちポシェット | J73: たまごっちポシェット | K73: たまごっちポシェット | L73: =IF(L68="","",K73) -> たまごっちポシェット | M73: =IF(M68="","",L73) -> たまごっちポシェット | N73: =IF(N68="","",M73) | O73: =IF(O68="","",N73) | P73: =IF(P68="","",O73) | Q73: =IF(Q68="","",P73) | R73: =IF(R68="","",Q73) | S73: =IF(S68="","",R73) | ... AS73: =IF(AS68="","",AR73)
A74: =AVERAGE(C75:AS75)*30*100 -> 50454.545 | B74: 設定
A75: =SUM(C75:AS75) -> 185 | B75: 百差 | C75: 0 | D75: 16 | E75: 0 | F75: 0 | G75: 101 | H75: 0 | I75: 0 | J75: 0 | K75: 23 | L75: =IF(L68="","",L68-K68) -> 0 | M75: =IF(M68="","",M68-L68) -> 45 | N75: =IF(N68="","",N68-M68) | O75: =IF(O68="","",O68-N68) | P75: =IF(P68="","",P68-O68) | Q75: =IF(Q68="","",Q68-P68) | R75: =IF(R68="","",R68-Q68) | S75: =IF(S68="","",S68-R68) | ... AS75: =IF(AS68="","",AS68-AR68)
A76: =SUM(C76:AS76) -> 2 | B76: P差 | C76: 0 | D76: 0 | E76: 0 | F76: 0 | G76: 2 | H76: 0 | I76: 0 | J76: 0 | K76: 0 | L76: =IF(L69="","",L69-K69) -> 0 | M76: =IF(M69="","",M69-L69) -> 0 | N76: =IF(N69="","",N69-M69) | O76: =IF(O69="","",O69-N69) | P76: =IF(P69="","",P69-O69) | Q76: =IF(Q69="","",Q69-P69) | R76: =IF(R69="","",R69-Q69) | S76: =IF(S69="","",S69-R69) | ... AS76: =IF(AS69="","",AS69-AR69)
A77: =SUM(C77:AS77) -> 2 | B77: 払出 | C77: 0 | D77: 0 | E77: 0 | F77: 0 | G77: 2 | H77: 0 | I77: 0 | J77: 0 | K77: 0 | L77: =IF(L70="","",K70+K71-L70) -> 0 | M77: =IF(M70="","",L70+L71-M70) -> 0 | N77: =IF(N70="","",M70+M71-N70) | O77: =IF(O70="","",N70+N71-O70) | P77: =IF(P70="","",O70+O71-P70) | Q77: =IF(Q70="","",P70+P71-Q70) | R77: =IF(R70="","",Q70+Q71-R70) | S77: =IF(S70="","",R70+R71-S70) | ... AS77: =IF(AS70="","",AR70+AR71-AS70)
A78: =SUM(C78:AS78) -> 0 | B78: 払出額 | C78: 0 | D78: 0 | E78: 0 | F78: 0 | G78: 0 | H78: 0 | I78: 0 | J78: 0 | K78: 0 | L78: =IF(L68="","",L77*L72) -> 0 | M78: =IF(M68="","",M77*M72) -> 0 | N78: =IF(N68="","",N77*N72) | O78: =IF(O68="","",O77*O72) | P78: =IF(P68="","",P77*P72) | Q78: =IF(Q68="","",Q77*Q72) | R78: =IF(R68="","",R77*R72) | S78: =IF(S68="","",S77*S72) | ... AS78: =IF(AS68="","",AS77*AS72)
A79: =IF(A78="","",A78/(A75*100)) -> 0 | B79: 原価率 | L79: =IF(L78="","",IF(L78=0,"",L78/(L75*100))) | M79: =IF(M78="","",IF(M78=0,"",M78/(M75*100))) | N79: =IF(N78="","",IF(N78=0,"",N78/(N75*100))) | O79: =IF(O78="","",IF(O78=0,"",O78/(O75*100))) | P79: =IF(P78="","",IF(P78=0,"",P78/(P75*100))) | Q79: =IF(Q78="","",IF(Q78=0,"",Q78/(Q75*100))) | R79: =IF(R78="","",IF(R78=0,"",R78/(R75*100))) | S79: =IF(S78="","",IF(S78=0,"",S78/(S75*100))) | ... AS79: =IF(AS78="","",IF(AS78=0,"",AS78/(AS75*100)))
A80: 宇宿 | B80: 100円 | C80: 19699 | D80: 19727 | E80: 19727 | F80: 19727 | G80: 19835 | H80: 19835 | I80: 19835 | J80: 19835 | K80: 19861 | L80: =IF(L$8="","",K80) -> 19861 | M80: 19904 | N80: =IF(N$8="","",M80) | O80: =IF(O$8="","",N80) | P80: =IF(P$8="","",O80) | Q80: =IF(Q$8="","",P80) | R80: =IF(R$8="","",Q80) | S80: =IF(S$8="","",R80) | T80: =IF(T$8="","",S80) | U80: =IF(U$8="","",T80) | ... AS80: =IF(AS$8="","",AR80)
A81: BUZZ＃2 | B81: プライズ | C81: 582 | D81: 583 | E81: 583 | F81: 583 | G81: 585 | H81: 585 | I81: 585 | J81: 585 | K81: 585 | L81: =IF(L$8="","",K81) -> 585 | M81: 587 | N81: =IF(N$8="","",M81) | O81: =IF(O$8="","",N81) | P81: =IF(P$8="","",O81) | Q81: =IF(Q$8="","",P81) | R81: =IF(R$8="","",Q81) | S81: =IF(S$8="","",R81) | T81: =IF(T$8="","",S81) | U81: =IF(U$8="","",T81) | ... AS81: =IF(AS$8="","",AR81)
A82: 3 | B82: 投入残 | C82: 18 | D82: 17 | E82: 17 | F82: 17 | G82: 15 | H82: 15 | I82: 15 | J82: 15 | K82: 15 | L82: =IF(L80="","",(K82+K83)) -> 15 | M82: 13 | N82: =IF(N80="","",(M82+M83)) | O82: =IF(O80="","",(N82+N83)) | P82: =IF(P80="","",(O82+O83)) | Q82: =IF(Q80="","",(P82+P83)) | R82: =IF(R80="","",(Q82+Q83)) | S82: =IF(S80="","",(R82+R83)) | T82: =IF(T80="","",(S82+S83)) | U82: =IF(U80="","",(T82+T83)) | ... AS82: =IF(AS80="","",(AR82+AR83))
B83: 補充 | M83: 5
B84: 単価 | C84: 150 | D84: 150 | E84: 150 | F84: 150 | G84: 150 | H84: 150 | I84: 150 | J84: 150 | K84: 150 | L84: =IF(L80="","",K84) -> 150 | M84: =IF(M80="","",L84) -> 150 | N84: =IF(N80="","",M84) | O84: =IF(O80="","",N84) | P84: =IF(P80="","",O84) | Q84: =IF(Q80="","",P84) | R84: =IF(R80="","",Q84) | S84: =IF(S80="","",R84) | ... AS84: =IF(AS80="","",AR84)
A85: 月間予想 | B85: 景品名 | C85: フルーツスクイーズ | D85: フルーツスクイーズ | E85: フルーツスクイーズ | F85: フルーツスクイーズ | G85: フルーツスクイーズ | H85: フルーツスクイーズ | I85: フルーツスクイーズ | J85: フルーツスクイーズ | K85: フルーツスクイーズ | L85: =IF(L80="","",K85) -> フルーツスクイーズ | M85: =IF(M80="","",L85) -> フルーツスクイーズ | N85: =IF(N80="","",M85) | O85: =IF(O80="","",N85) | P85: =IF(P80="","",O85) | Q85: =IF(Q80="","",P85) | R85: =IF(R80="","",Q85) | S85: =IF(S80="","",R85) | ... AS85: =IF(AS80="","",AR85)
A86: =AVERAGE(C87:AS87)*30*100 -> 55909.091 | B86: 設定
A87: =SUM(C87:AS87) -> 205 | B87: 百差 | C87: 0 | D87: 28 | E87: 0 | F87: 0 | G87: 108 | H87: 0 | I87: 0 | J87: 0 | K87: 26 | L87: =IF(L80="","",L80-K80) -> 0 | M87: =IF(M80="","",M80-L80) -> 43 | N87: =IF(N80="","",N80-M80) | O87: =IF(O80="","",O80-N80) | P87: =IF(P80="","",P80-O80) | Q87: =IF(Q80="","",Q80-P80) | R87: =IF(R80="","",R80-Q80) | S87: =IF(S80="","",S80-R80) | ... AS87: =IF(AS80="","",AS80-AR80)
A88: =SUM(C88:AS88) -> 5 | B88: P差 | C88: 0 | D88: 1 | E88: 0 | F88: 0 | G88: 2 | H88: 0 | I88: 0 | J88: 0 | K88: 0 | L88: =IF(L81="","",L81-K81) -> 0 | M88: =IF(M81="","",M81-L81) -> 2 | N88: =IF(N81="","",N81-M81) | O88: =IF(O81="","",O81-N81) | P88: =IF(P81="","",P81-O81) | Q88: =IF(Q81="","",Q81-P81) | R88: =IF(R81="","",R81-Q81) | S88: =IF(S81="","",S81-R81) | ... AS88: =IF(AS81="","",AS81-AR81)
A89: =SUM(C89:AS89) -> 5 | B89: 払出 | C89: 0 | D89: 1 | E89: 0 | F89: 0 | G89: 2 | H89: 0 | I89: 0 | J89: 0 | K89: 0 | L89: =IF(L82="","",K82+K83-L82) -> 0 | M89: =IF(M82="","",L82+L83-M82) -> 2 | N89: =IF(N82="","",M82+M83-N82) | O89: =IF(O82="","",N82+N83-O82) | P89: =IF(P82="","",O82+O83-P82) | Q89: =IF(Q82="","",P82+P83-Q82) | R89: =IF(R82="","",Q82+Q83-R82) | S89: =IF(S82="","",R82+R83-S82) | ... AS89: =IF(AS82="","",AR82+AR83-AS82)
A90: =SUM(C90:AS90) -> 750 | B90: 払出額 | C90: 0 | D90: 150 | E90: 0 | F90: 0 | G90: 300 | H90: 0 | I90: 0 | J90: 0 | K90: 0 | L90: =IF(L80="","",L89*L84) -> 0 | M90: =IF(M80="","",M89*M84) -> 300 | N90: =IF(N80="","",N89*N84) | O90: =IF(O80="","",O89*O84) | P90: =IF(P80="","",P89*P84) | Q90: =IF(Q80="","",Q89*Q84) | R90: =IF(R80="","",R89*R84) | S90: =IF(S80="","",S89*S84) | ... AS90: =IF(AS80="","",AS89*AS84)
A91: =IF(A90="","",A90/(A87*100)) -> 0.036585366 | B91: 原価率 | D91: 0.053571429 | G91: 0.027777778 | L91: =IF(L90="","",IF(L90=0,"",L90/(L87*100))) | M91: =IF(M90="","",IF(M90=0,"",M90/(M87*100))) -> 0.069767442 | N91: =IF(N90="","",IF(N90=0,"",N90/(N87*100))) | O91: =IF(O90="","",IF(O90=0,"",O90/(O87*100))) | P91: =IF(P90="","",IF(P90=0,"",P90/(P87*100))) | Q91: =IF(Q90="","",IF(Q90=0,"",Q90/(Q87*100))) | R91: =IF(R90="","",IF(R90=0,"",R90/(R87*100))) | S91: =IF(S90="","",IF(S90=0,"",S90/(S87*100))) | ... AS91: =IF(AS90="","",IF(AS90=0,"",AS90/(AS87*100)))
A92: 宇宿 | B92: 100円 | C92: 16102 | D92: 16109 | E92: 16109 | F92: 16109 | G92: 16126 | H92: 16126 | I92: 16126 | J92: 16126 | K92: 16163 | L92: =IF(L$8="","",K92) -> 16163 | M92: 16237 | N92: =IF(N$8="","",M92) | O92: =IF(O$8="","",N92) | P92: =IF(P$8="","",O92) | Q92: =IF(Q$8="","",P92) | R92: =IF(R$8="","",Q92) | S92: =IF(S$8="","",R92) | T92: =IF(T$8="","",S92) | U92: =IF(U$8="","",T92) | ... AS92: =IF(AS$8="","",AR92)
A93: BUZZ＃2 | B93: プライズ | C93: 465 | D93: 465 | E93: 465 | F93: 465 | G93: 466 | H93: 466 | I93: 466 | J93: 466 | K93: 466 | L93: =IF(L$8="","",K93) -> 466 | M93: 467 | N93: =IF(N$8="","",M93) | O93: =IF(O$8="","",N93) | P93: =IF(P$8="","",O93) | Q93: =IF(Q$8="","",P93) | R93: =IF(R$8="","",Q93) | S93: =IF(S$8="","",R93) | T93: =IF(T$8="","",S93) | U93: =IF(U$8="","",T93) | ... AS93: =IF(AS$8="","",AR93)
A94: 4 | B94: 投入残 | C94: 5 | D94: 5 | E94: 6 | F94: 6 | G94: 5 | H94: 5 | I94: 5 | J94: 5 | K94: 5 | L94: =IF(L92="","",(K94+K95)) -> 5 | M94: 3 | N94: =IF(N92="","",(M94+M95)) | O94: =IF(O92="","",(N94+N95)) | P94: =IF(P92="","",(O94+O95)) | Q94: =IF(Q92="","",(P94+P95)) | R94: =IF(R92="","",(Q94+Q95)) | S94: =IF(S92="","",(R94+R95)) | T94: =IF(T92="","",(S94+S95)) | U94: =IF(U92="","",(T94+T95)) | ... AS94: =IF(AS92="","",(AR94+AR95))
B95: 補充 | D95: 1 | M95: 3
B96: 単価 | C96: 500 | D96: 500 | E96: 500 | F96: 500 | G96: 500 | H96: 500 | I96: 500 | J96: 500 | K96: 500 | L96: =IF(L92="","",K96) -> 500 | M96: =IF(M92="","",L96) -> 500 | N96: =IF(N92="","",M96) | O96: =IF(O92="","",N96) | P96: =IF(P92="","",O96) | Q96: =IF(Q92="","",P96) | R96: =IF(R92="","",Q96) | S96: =IF(S92="","",R96) | ... AS96: =IF(AS92="","",AR96)
A97: 月間予想 | B97: 景品名 | C97: ギャルキティフェイスポーチ | D97: ギャルキティフェイスポーチ | E97: ギャルキティフェイスポーチ | F97: ギャルキティフェイスポーチ | G97: ギャルキティフェイスポーチ | H97: ギャルキティフェイスポーチ | I97: ギャルキティフェイスポーチ | J97: ギャルキティフェイスポーチ | K97: ギャルキティフェイスポーチ | L97: =IF(L92="","",K97) -> ギャルキティフェイスポーチ | M97: =IF(M92="","",L97) -> ギャルキティフェイスポーチ | N97: =IF(N92="","",M97) | O97: =IF(O92="","",N97) | P97: =IF(P92="","",O97) | Q97: =IF(Q92="","",P97) | R97: =IF(R92="","",Q97) | S97: =IF(S92="","",R97) | ... AS97: =IF(AS92="","",AR97)
A98: =AVERAGE(C99:AS99)*30*100 -> 36818.182 | B98: 設定
A99: =SUM(C99:AS99) -> 135 | B99: 百差 | C99: 0 | D99: 7 | E99: 0 | F99: 0 | G99: 17 | H99: 0 | I99: 0 | J99: 0 | K99: 37 | L99: =IF(L92="","",L92-K92) -> 0 | M99: =IF(M92="","",M92-L92) -> 74 | N99: =IF(N92="","",N92-M92) | O99: =IF(O92="","",O92-N92) | P99: =IF(P92="","",P92-O92) | Q99: =IF(Q92="","",Q92-P92) | R99: =IF(R92="","",R92-Q92) | S99: =IF(S92="","",S92-R92) | ... AS99: =IF(AS92="","",AS92-AR92)
A100: =SUM(C100:AS100) -> 2 | B100: P差 | C100: 0 | D100: 0 | E100: 0 | F100: 0 | G100: 1 | H100: 0 | I100: 0 | J100: 0 | K100: 0 | L100: =IF(L93="","",L93-K93) -> 0 | M100: =IF(M93="","",M93-L93) -> 1 | N100: =IF(N93="","",N93-M93) | O100: =IF(O93="","",O93-N93) | P100: =IF(P93="","",P93-O93) | Q100: =IF(Q93="","",Q93-P93) | R100: =IF(R93="","",R93-Q93) | S100: =IF(S93="","",S93-R93) | ... AS100: =IF(AS93="","",AS93-AR93)
...

Sheet 川内
A1: =SUM(A14,A50,A62,A74,A86,A98,A110,A122,A134,A158,A146,A170,A182,A194,A206,A218,A230,A38,A26,A244) -> 1416692.3 | B1: 日付 | C1: 46155 | D1: 46156 | E1: 46157 | F1: 46158 | G1: 46159 | H1: 46160 | I1: 46161 | J1: 46162 | K1: 46163 | L1: 46164 | M1: =L1+1 -> 46165 | N1: =M1+1 -> 46166 | O1: =N1+1 -> 46167 | P1: =O1+1 -> 46168 | Q1: =P1+1 -> 46169 | R1: =Q1+1 -> 46170 | S1: =R1+1 -> 46171 | T1: =S1+1 -> 46172 | ... AS1: =AR1+1 -> 46197
B2: =SUM(C2:AO2) -> 6139 | C2: 0 | D2: 0 | E2: 1169 | F2: 0 | G2: 0 | H2: 1925 | I2: 0 | J2: 0 | K2: 0 | L2: 1702 | M2: =SUM(M15,M27,M39,M51,M63,M75,M87,M99,M111,M123,M135,M147,M159,M171,M183,M195,M207,M219,M231,M245) -> 0 | N2: =SUM(N15,N27,N39,N51,N63,N75,N87,N99,N111,N123,N135,N147,N159,N171,N183,N195,N207,N219,N231,N245) -> 0 | O2: =SUM(O15,O27,O39,O51,O63,O75,O87,O99,O111,O123,O135,O147,O159,O171,O183,O195,O207,O219,O231,O245) -> 1343 | P2: =SUM(P15,P27,P39,P51,P63,P75,P87,P99,P111,P123,P135,P147,P159,P171,P183,P195,P207,P219,P231,P245) -> 0 | Q2: =SUM(Q15,Q27,Q39,Q51,Q63,Q75,Q87,Q99,Q111,Q123,Q135,Q147,Q159,Q171,Q183,Q195,Q207,Q219,Q231,Q245) -> 0 | R2: =SUM(R15,R27,R39,R51,R63,R75,R87,R99,R111,R123,R135,R147,R159,R171,R183,R195,R207,R219,R231,R245) -> 0 | S2: =SUM(S15,S27,S39,S51,S63,S75,S87,S99,S111,S123,S135,S147,S159,S171,S183,S195,S207,S219,S231,S245) -> 0 | T2: =SUM(T15,T27,T39,T51,T63,T75,T87,T99,T111,T123,T135,T147,T159,T171,T183,T195,T207,T219,T231,T245) -> 0 | ... AS2: =SUM(AS15,AS27,AS39,AS51,AS63,AS75,AS87,AS99,AS111,AS123,AS135,AS147,AS159,AS171,AS183,AS195,AS207,AS219,AS231,AS245) -> 0
A3: 集金
A4: 両替機
A5: 百出 | E5: 1915 | H5: 3660 | L5: 6505 | O5: 8165
A6: 札入 | E6: 144 | H6: 272 | L6: 499 | O6: 626
A7: 五入 | E7: 95 | H7: 188 | L7: 303 | O7: 381
A8: 川内 | B8: 100円 | C8: 36383 | D8: 36383 | E8: 36430 | F8: 36430 | G8: 36430 | H8: 36517 | I8: 36517 | J8: 36517 | K8: 36517 | L8: 36663 | M8: 36663 | N8: 36663 | O8: 36770
A9: BUZZ＃１ | B9: プライズ | C9: 691 | D9: 691 | E9: 692 | F9: 692 | G9: 692 | H9: 694 | I9: 694 | J9: 694 | K9: 694 | L9: 697 | M9: =IF(M$8="","",L9) -> 697 | N9: =IF(N$8="","",M9) -> 697 | O9: 699 | P9: =IF(P$8="","",O9) | Q9: =IF(Q$8="","",P9) | R9: =IF(R$8="","",Q9) | S9: =IF(S$8="","",R9) | T9: =IF(T$8="","",S9) | U9: =IF(U$8="","",T9) | V9: =IF(V$8="","",U9) | W9: =IF(W$8="","",V9) | ... AS9: =IF(AS$8="","",AR9)
A10: 1 | B10: 投入残 | C10: 6 | D10: 6 | E10: 5 | F10: 9 | G10: 9 | H10: 8 | I10: 8 | J10: 8 | K10: 8 | L10: 5 | M10: =IF(M8="","",(L10+L11)) -> 5 | N10: =IF(N8="","",(M10+M11)) -> 5 | O10: 6 | P10: =IF(P8="","",(O10+O11)) | Q10: =IF(Q8="","",(P10+P11)) | R10: =IF(R8="","",(Q10+Q11)) | S10: =IF(S8="","",(R10+R11)) | T10: =IF(T8="","",(S10+S11)) | U10: =IF(U8="","",(T10+T11)) | V10: =IF(V8="","",(U10+U11)) | W10: =IF(W8="","",(V10+V11)) | ... AS10: =IF(AS8="","",(AR10+AR11))
A11: 機械合計 | B11: 補充 | E11: 4 | N11: 3 | O11: 5
A12: =+(A15+A27+A39+A51)*100 -> 119400 | B12: 単価 | C12: 800 | D12: 800 | E12: 800 | F12: 800 | G12: 800 | H12: 800 | I12: 800 | J12: 800 | K12: 800 | L12: 800 | M12: =IF(M8="","",L12) -> 800 | N12: =IF(N8="","",M12) -> 800 | O12: =IF(O8="","",N12) -> 800 | P12: =IF(P8="","",O12) | Q12: =IF(Q8="","",P12) | R12: =IF(R8="","",Q12) | S12: =IF(S8="","",R12) | T12: =IF(T8="","",S12) | ... AS12: =IF(AS8="","",AR12)
A13: 月間予想 | B13: 景品名 | C13: たまごっちミニポシェット | D13: たまごっちミニポシェット | E13: たまごっちミニポシェット | F13: たまごっちミニポシェット | G13: たまごっちミニポシェット | H13: たまごっちミニポシェット | I13: たまごっちミニポシェット | J13: たまごっちミニポシェット | K13: たまごっちミニポシェット | L13: たまごっちミニポシェット | M13: =IF(M8="","",L13) -> たまごっちミニポシェット | N13: =IF(N8="","",M13) -> たまごっちミニポシェット | O13: =IF(O8="","",N13) -> たまごっちミニポシェット | P13: =IF(P8="","",O13) | Q13: =IF(Q8="","",P13) | R13: =IF(R8="","",Q13) | S13: =IF(S8="","",R13) | T13: =IF(T8="","",S13) | ... AS13: =IF(AS8="","",AR13)
A14: =AVERAGE(C15:AS15)*30*100 -> 89307.692 | B14: 設定
A15: =SUM(C15:AS15) -> 387 | B15: 百差 | C15: 0 | D15: 0 | E15: 47 | F15: 0 | G15: 0 | H15: 87 | I15: 0 | J15: 0 | K15: 0 | L15: 146 | M15: =IF(M8="","",M8-L8) -> 0 | N15: =IF(N8="","",N8-M8) -> 0 | O15: =IF(O8="","",O8-N8) -> 107 | P15: =IF(P8="","",P8-O8) | Q15: =IF(Q8="","",Q8-P8) | R15: =IF(R8="","",R8-Q8) | S15: =IF(S8="","",S8-R8) | T15: =IF(T8="","",T8-S8) | ... AS15: =IF(AS8="","",AS8-AR8)
A16: =SUM(C16:AS16) -> 8 | B16: P差 | C16: 0 | D16: 0 | E16: 1 | F16: 0 | G16: 0 | H16: 2 | I16: 0 | J16: 0 | K16: 0 | L16: 3 | M16: =IF(M9="","",M9-L9) -> 0 | N16: =IF(N9="","",N9-M9) -> 0 | O16: =IF(O9="","",O9-N9) -> 2 | P16: =IF(P9="","",P9-O9) | Q16: =IF(Q9="","",Q9-P9) | R16: =IF(R9="","",R9-Q9) | S16: =IF(S9="","",S9-R9) | T16: =IF(T9="","",T9-S9) | ... AS16: =IF(AS9="","",AS9-AR9)
A17: =SUM(C17:AS17) -> 7 | B17: 払出 | C17: 0 | D17: 0 | E17: 1 | F17: 0 | G17: 0 | H17: 1 | I17: 0 | J17: 0 | K17: 0 | L17: 3 | M17: =IF(M10="","",L10+L11-M10) -> 0 | N17: =IF(N10="","",M10+M11-N10) -> 0 | O17: =IF(O10="","",N10+N11-O10) -> 2 | P17: =IF(P10="","",O10+O11-P10) | Q17: =IF(Q10="","",P10+P11-Q10) | R17: =IF(R10="","",Q10+Q11-R10) | S17: =IF(S10="","",R10+R11-S10) | T17: =IF(T10="","",S10+S11-T10) | ... AS17: =IF(AS10="","",AR10+AR11-AS10)
A18: =SUM(C18:AS18) -> 5600 | B18: 払出額 | C18: 0 | D18: 0 | E18: 800 | F18: 0 | G18: 0 | H18: 800 | I18: 0 | J18: 0 | K18: 0 | L18: 2400 | M18: =IF(M8="","",M17*M12) -> 0 | N18: =IF(N8="","",N17*N12) -> 0 | O18: =IF(O8="","",O17*O12) -> 1600 | P18: =IF(P8="","",P17*P12) | Q18: =IF(Q8="","",Q17*Q12) | R18: =IF(R8="","",R17*R12) | S18: =IF(S8="","",S17*S12) | T18: =IF(T8="","",T17*T12) | ... AS18: =IF(AS8="","",AS17*AS12)
A19: =IF(A18="","",A18/(A15*100)) -> 0.14470284 | B19: 原価率 | E19: 0.17021277 | H19: 0.091954023 | L19: 0.16438356 | M19: =IF(M18="","",IF(M18=0,"",M18/(M15*100))) | N19: =IF(N18="","",IF(N18=0,"",N18/(N15*100))) | O19: =IF(O18="","",IF(O18=0,"",O18/(O15*100))) -> 0.14953271 | P19: =IF(P18="","",IF(P18=0,"",P18/(P15*100))) | Q19: =IF(Q18="","",IF(Q18=0,"",Q18/(Q15*100))) | R19: =IF(R18="","",IF(R18=0,"",R18/(R15*100))) | S19: =IF(S18="","",IF(S18=0,"",S18/(S15*100))) | T19: =IF(T18="","",IF(T18=0,"",T18/(T15*100))) | ... AS19: =IF(AS18="","",IF(AS18=0,"",AS18/(AS15*100)))
A20: 川内 | B20: 100円 | C20: 39810 | D20: 39810 | E20: 39817 | F20: 39817 | G20: 39817 | H20: 39828 | I20: 39828 | J20: 39828 | K20: 39828 | L20: 39845 | M20: =IF(M$8="","",L20) -> 39845 | N20: =IF(N$8="","",M20) -> 39845 | O20: 39850 | P20: =IF(P$8="","",O20) | Q20: =IF(Q$8="","",P20) | R20: =IF(R$8="","",Q20) | S20: =IF(S$8="","",R20) | T20: =IF(T$8="","",S20) | U20: =IF(U$8="","",T20) | V20: =IF(V$8="","",U20) | W20: =IF(W$8="","",V20) | ... AS20: =IF(AS$8="","",AR20)
A21: BUZZ＃１ | B21: プライズ | C21: 936 | D21: 936 | E21: 936 | F21: 936 | G21: 936 | H21: 936 | I21: 936 | J21: 936 | K21: 936 | L21: 937 | M21: =IF(M$8="","",L21) -> 937 | N21: =IF(N$8="","",M21) -> 937 | O21: =IF(O$8="","",N21) -> 937 | P21: =IF(P$8="","",O21) | Q21: =IF(Q$8="","",P21) | R21: =IF(R$8="","",Q21) | S21: =IF(S$8="","",R21) | T21: =IF(T$8="","",S21) | ... AS21: =IF(AS$8="","",AR21)
A22: 2 | B22: 投入残 | C22: 5 | D22: 5 | E22: 5 | F22: 5 | G22: 5 | H22: 9 | I22: 10 | J22: 10 | K22: 10 | L22: 10 | M22: =IF(M20="","",(L22+L23)) -> 10 | N22: =IF(N20="","",(M22+M23)) -> 10 | O22: 24 | P22: =IF(P20="","",(O22+O23)) | Q22: =IF(Q20="","",(P22+P23)) | R22: =IF(R20="","",(Q22+Q23)) | S22: =IF(S20="","",(R22+R23)) | T22: =IF(T20="","",(S22+S23)) | U22: =IF(U20="","",(T22+T23)) | V22: =IF(V20="","",(U22+U23)) | W22: =IF(W20="","",(V22+V23)) | ... AS22: =IF(AS20="","",(AR22+AR23))
B23: 補充 | G23: 4 | H23: 1 | N23: 14
B24: 単価 | C24: 750 | D24: 750 | E24: 750 | F24: 750 | G24: 750 | H24: 750 | I24: 750 | J24: 750 | K24: 750 | L24: 750 | M24: =IF(M20="","",L24) -> 750 | N24: =IF(N20="","",M24) -> 750 | O24: =IF(O20="","",N24) -> 750 | P24: =IF(P20="","",O24) | Q24: =IF(Q20="","",P24) | R24: =IF(R20="","",Q24) | S24: =IF(S20="","",R24) | T24: =IF(T20="","",S24) | ... AS24: =IF(AS20="","",AR24)
A25: 月間予想 | B25: 景品名 | C25: ギャルキティケース | D25: ギャルキティケース | E25: ギャルキティケース | F25: ギャルキティケース | G25: ギャルキティケース | H25: アニマルアイシャドウ | I25: アニマルアイシャドウ | J25: アニマルアイシャドウ | K25: アニマルアイシャドウ | L25: アニマルアイシャドウ | M25: =IF(M20="","",L25) -> アニマルアイシャドウ | N25: =IF(N20="","",M25) -> アニマルアイシャドウ | O25: もんちっちがま口ポーチ | P25: =IF(P20="","",O25) | Q25: =IF(Q20="","",P25) | R25: =IF(R20="","",Q25) | S25: =IF(S20="","",R25) | T25: =IF(T20="","",S25) | U25: =IF(U20="","",T25) | V25: =IF(V20="","",U25) | W25: =IF(W20="","",V25) | ... AS25: =IF(AS20="","",AR25)
A26: =AVERAGE(C27:AS27)*30*100 -> 9230.7692 | B26: 設定
A27: =SUM(C27:AS27) -> 40 | B27: 百差 | C27: 0 | D27: 0 | E27: 7 | F27: 0 | G27: 0 | H27: 11 | I27: 0 | J27: 0 | K27: 0 | L27: 17 | M27: =IF(M20="","",M20-L20) -> 0 | N27: =IF(N20="","",N20-M20) -> 0 | O27: =IF(O20="","",O20-N20) -> 5 | P27: =IF(P20="","",P20-O20) | Q27: =IF(Q20="","",Q20-P20) | R27: =IF(R20="","",R20-Q20) | S27: =IF(S20="","",S20-R20) | T27: =IF(T20="","",T20-S20) | ... AS27: =IF(AS20="","",AS20-AR20)
A28: =SUM(C28:AS28) -> 1 | B28: P差 | C28: 0 | D28: 0 | E28: 0 | F28: 0 | G28: 0 | H28: 0 | I28: 0 | J28: 0 | K28: 0 | L28: 1 | M28: =IF(M21="","",M21-L21) -> 0 | N28: =IF(N21="","",N21-M21) -> 0 | O28: =IF(O21="","",O21-N21) -> 0 | P28: =IF(P21="","",P21-O21) | Q28: =IF(Q21="","",Q21-P21) | R28: =IF(R21="","",R21-Q21) | S28: =IF(S21="","",S21-R21) | T28: =IF(T21="","",T21-S21) | ... AS28: =IF(AS21="","",AS21-AR21)
A29: =SUM(C29:AS29) -> 0 | B29: 払出 | C29: 0 | D29: 0 | E29: 0 | F29: 0 | G29: 0 | H29: 0 | I29: 0 | J29: 0 | K29: 0 | L29: 0 | M29: =IF(M22="","",L22+L23-M22) -> 0 | N29: =IF(N22="","",M22+M23-N22) -> 0 | O29: =IF(O22="","",N22+N23-O22) -> 0 | P29: =IF(P22="","",O22+O23-P22) | Q29: =IF(Q22="","",P22+P23-Q22) | R29: =IF(R22="","",Q22+Q23-R22) | S29: =IF(S22="","",R22+R23-S22) | T29: =IF(T22="","",S22+S23-T22) | ... AS29: =IF(AS22="","",AR22+AR23-AS22)
A30: =SUM(C30:AS30) -> 0 | B30: 払出額 | C30: 0 | D30: 0 | E30: 0 | F30: 0 | G30: 0 | H30: 0 | I30: 0 | J30: 0 | K30: 0 | L30: 0 | M30: =IF(M20="","",M29*M24) -> 0 | N30: =IF(N20="","",N29*N24) -> 0 | O30: =IF(O20="","",O29*O24) -> 0 | P30: =IF(P20="","",P29*P24) | Q30: =IF(Q20="","",Q29*Q24) | R30: =IF(R20="","",R29*R24) | S30: =IF(S20="","",S29*S24) | T30: =IF(T20="","",T29*T24) | ... AS30: =IF(AS20="","",AS29*AS24)
A31: =IF(A30="","",A30/(A27*100)) -> 0 | B31: 原価率 | M31: =IF(M30="","",IF(M30=0,"",M30/(M27*100))) | N31: =IF(N30="","",IF(N30=0,"",N30/(N27*100))) | O31: =IF(O30="","",IF(O30=0,"",O30/(O27*100))) | P31: =IF(P30="","",IF(P30=0,"",P30/(P27*100))) | Q31: =IF(Q30="","",IF(Q30=0,"",Q30/(Q27*100))) | R31: =IF(R30="","",IF(R30=0,"",R30/(R27*100))) | S31: =IF(S30="","",IF(S30=0,"",S30/(S27*100))) | T31: =IF(T30="","",IF(T30=0,"",T30/(T27*100))) | ... AS31: =IF(AS30="","",IF(AS30=0,"",AS30/(AS27*100)))
A32: 川内 | B32: 100円 | C32: 36998 | D32: 36998 | E32: 37018 | F32: 37018 | G32: 37018 | H32: 37079 | I32: 37079 | J32: 37079 | K32: 37079 | L32: 37087 | M32: =IF(M$8="","",L32) -> 37087 | N32: =IF(N$8="","",M32) -> 37087 | O32: 37102 | P32: =IF(P$8="","",O32) | Q32: =IF(Q$8="","",P32) | R32: =IF(R$8="","",Q32) | S32: =IF(S$8="","",R32) | T32: =IF(T$8="","",S32) | U32: =IF(U$8="","",T32) | V32: =IF(V$8="","",U32) | W32: =IF(W$8="","",V32) | ... AS32: =IF(AS$8="","",AR32)
A33: BUZZ＃１ | B33: プライズ | C33: 1659 | D33: 1659 | E33: 1661 | F33: 1661 | G33: 1661 | H33: 1663 | I33: 1663 | J33: 1663 | K33: 1663 | L33: 1663 | M33: =IF(M$8="","",L33) -> 1663 | N33: =IF(N$8="","",M33) -> 1663 | O33: 1664 | P33: =IF(P$8="","",O33) | Q33: =IF(Q$8="","",P33) | R33: =IF(R$8="","",Q33) | S33: =IF(S$8="","",R33) | T33: =IF(T$8="","",S33) | U33: =IF(U$8="","",T33) | V33: =IF(V$8="","",U33) | W33: =IF(W$8="","",V33) | ... AS33: =IF(AS$8="","",AR33)
A34: 3 | B34: 投入残 | C34: 26 | D34: 26 | E34: 38 | F34: 38 | G34: 38 | H34: 36 | I34: 36 | J34: 36 | K34: 36 | L34: 36 | M34: =IF(M32="","",(L34+L35)) -> 36 | N34: =IF(N32="","",(M34+M35)) -> 36 | O34: 35 | P34: =IF(P32="","",(O34+O35)) | Q34: =IF(Q32="","",(P34+P35)) | R34: =IF(R32="","",(Q34+Q35)) | S34: =IF(S32="","",(R34+R35)) | T34: =IF(T32="","",(S34+S35)) | U34: =IF(U32="","",(T34+T35)) | V34: =IF(V32="","",(U34+U35)) | W34: =IF(W32="","",(V34+V35)) | ... AS34: =IF(AS32="","",(AR34+AR35))
B35: 補充 | D35: 12
B36: 単価 | C36: 360 | D36: 360 | E36: 360 | F36: 360 | G36: 360 | H36: 360 | I36: 360 | J36: 360 | K36: 360 | L36: 360 | M36: =IF(M32="","",L36) -> 360 | N36: =IF(N32="","",M36) -> 360 | O36: =IF(O32="","",N36) -> 360 | P36: =IF(P32="","",O36) | Q36: =IF(Q32="","",P36) | R36: =IF(R32="","",Q36) | S36: =IF(S32="","",R36) | T36: =IF(T32="","",S36) | ... AS36: =IF(AS32="","",AR36)
A37: 月間予想 | B37: 景品名 | C37: サンリオブレスレット | D37: サンリオブレスレット | E37: サンリオブレスレット | F37: サンリオブレスレット | G37: サンリオブレスレット | H37: サンリオブレスレット | I37: サンリオブレスレット | J37: サンリオブレスレット | K37: サンリオブレスレット | L37: サンリオブレスレット | M37: =IF(M32="","",L37) -> サンリオブレスレット | N37: =IF(N32="","",M37) -> サンリオブレスレット | O37: =IF(O32="","",N37) -> サンリオブレスレット | P37: =IF(P32="","",O37) | Q37: =IF(Q32="","",P37) | R37: =IF(R32="","",Q37) | S37: =IF(S32="","",R37) | T37: =IF(T32="","",S37) | ... AS37: =IF(AS32="","",AR37)
A38: =AVERAGE(C39:AS39)*30*100 -> 24000 | B38: 設定
A39: =SUM(C39:AS39) -> 104 | B39: 百差 | C39: 0 | D39: 0 | E39: 20 | F39: 0 | G39: 0 | H39: 61 | I39: 0 | J39: 0 | K39: 0 | L39: 8 | M39: =IF(M32="","",M32-L32) -> 0 | N39: =IF(N32="","",N32-M32) -> 0 | O39: =IF(O32="","",O32-N32) -> 15 | P39: =IF(P32="","",P32-O32) | Q39: =IF(Q32="","",Q32-P32) | R39: =IF(R32="","",R32-Q32) | S39: =IF(S32="","",S32-R32) | T39: =IF(T32="","",T32-S32) | ... AS39: =IF(AS32="","",AS32-AR32)
A40: =SUM(C40:AS40) -> 5 | B40: P差 | C40: 0 | D40: 0 | E40: 2 | F40: 0 | G40: 0 | H40: 2 | I40: 0 | J40: 0 | K40: 0 | L40: 0 | M40: =IF(M33="","",M33-L33) -> 0 | N40: =IF(N33="","",N33-M33) -> 0 | O40: =IF(O33="","",O33-N33) -> 1 | P40: =IF(P33="","",P33-O33) | Q40: =IF(Q33="","",Q33-P33) | R40: =IF(R33="","",R33-Q33) | S40: =IF(S33="","",S33-R33) | T40: =IF(T33="","",T33-S33) | ... AS40: =IF(AS33="","",AS33-AR33)
A41: =SUM(C41:AS41) -> 3 | B41: 払出 | C41: 0 | D41: 0 | E41: 0 | F41: 0 | G41: 0 | H41: 2 | I41: 0 | J41: 0 | K41: 0 | L41: 0 | M41: =IF(M34="","",L34+L35-M34) -> 0 | N41: =IF(N34="","",M34+M35-N34) -> 0 | O41: =IF(O34="","",N34+N35-O34) -> 1 | P41: =IF(P34="","",O34+O35-P34) | Q41: =IF(Q34="","",P34+P35-Q34) | R41: =IF(R34="","",Q34+Q35-R34) | S41: =IF(S34="","",R34+R35-S34) | T41: =IF(T34="","",S34+S35-T34) | ... AS41: =IF(AS34="","",AR34+AR35-AS34)
A42: =SUM(C42:AS42) -> 1080 | B42: 払出額 | C42: 0 | D42: 0 | E42: 0 | F42: 0 | G42: 0 | H42: 720 | I42: 0 | J42: 0 | K42: 0 | L42: 0 | M42: =IF(M32="","",M41*M36) -> 0 | N42: =IF(N32="","",N41*N36) -> 0 | O42: =IF(O32="","",O41*O36) -> 360 | P42: =IF(P32="","",P41*P36) | Q42: =IF(Q32="","",Q41*Q36) | R42: =IF(R32="","",R41*R36) | S42: =IF(S32="","",S41*S36) | T42: =IF(T32="","",T41*T36) | ... AS42: =IF(AS32="","",AS41*AS36)
A43: =IF(A42="","",A42/(A39*100)) -> 0.10384615 | B43: 原価率 | H43: 0.11803279 | M43: =IF(M42="","",IF(M42=0,"",M42/(M39*100))) | N43: =IF(N42="","",IF(N42=0,"",N42/(N39*100))) | O43: =IF(O42="","",IF(O42=0,"",O42/(O39*100))) -> 0.24 | P43: =IF(P42="","",IF(P42=0,"",P42/(P39*100))) | Q43: =IF(Q42="","",IF(Q42=0,"",Q42/(Q39*100))) | R43: =IF(R42="","",IF(R42=0,"",R42/(R39*100))) | S43: =IF(S42="","",IF(S42=0,"",S42/(S39*100))) | T43: =IF(T42="","",IF(T42=0,"",T42/(T39*100))) | ... AS43: =IF(AS42="","",IF(AS42=0,"",AS42/(AS39*100)))
A44: 川内 | B44: 100円 | C44: 38885 | D44: 38885 | E44: 38999 | F44: 38999 | G44: 38999 | H44: 39260 | I44: 39260 | J44: 39260 | K44: 39260 | L44: 39411 | M44: =IF(M$8="","",L44) -> 39411 | N44: =IF(N$8="","",M44) -> 39411 | O44: 39548 | P44: =IF(P$8="","",O44) | Q44: =IF(Q$8="","",P44) | R44: =IF(R$8="","",Q44) | S44: =IF(S$8="","",R44) | T44: =IF(T$8="","",S44) | U44: =IF(U$8="","",T44) | V44: =IF(V$8="","",U44) | W44: =IF(W$8="","",V44) | ... AS44: =IF(AS$8="","",AR44)
A45: BUZZ＃１ | B45: プライズ | C45: 968 | D45: 968 | E45: 995 | F45: 995 | G45: 995 | H45: 1005 | I45: 1005 | J45: 1005 | K45: 1005 | L45: 1008 | M45: =IF(M$8="","",L45) -> 1008 | N45: =IF(N$8="","",M45) -> 1008 | O45: 1013 | P45: =IF(P$8="","",O45) | Q45: =IF(Q$8="","",P45) | R45: =IF(R$8="","",Q45) | S45: =IF(S$8="","",R45) | T45: =IF(T$8="","",S45) | U45: =IF(U$8="","",T45) | V45: =IF(V$8="","",U45) | W45: =IF(W$8="","",V45) | ... AS45: =IF(AS$8="","",AR45)
A46: 4 | B46: 投入残 | C46: 72 | D46: 72 | E46: 45 | F46: 45 | G46: 45 | H46: 30 | I46: 30 | J46: 30 | K46: 30 | L46: 27 | M46: =IF(M44="","",(L46+L47)) -> 27 | N46: =IF(N44="","",(M46+M47)) -> 27 | O46: 22 | P46: =IF(P44="","",(O46+O47)) | Q46: =IF(Q44="","",(P46+P47)) | R46: =IF(R44="","",(Q46+Q47)) | S46: =IF(S44="","",(R46+R47)) | T46: =IF(T44="","",(S46+S47)) | U46: =IF(U44="","",(T46+T47)) | V46: =IF(V44="","",(U46+U47)) | W46: =IF(W44="","",(V46+V47)) | ... AS46: =IF(AS44="","",(AR46+AR47))
B47: 補充
B48: 単価 | C48: 300 | D48: 300 | E48: 300 | F48: 300 | G48: 300 | H48: 300 | I48: 300 | J48: 300 | K48: 300 | L48: 300 | M48: =IF(M44="","",L48) -> 300 | N48: =IF(N44="","",M48) -> 300 | O48: =IF(O44="","",N48) -> 300 | P48: =IF(P44="","",O48) | Q48: =IF(Q44="","",P48) | R48: =IF(R44="","",Q48) | S48: =IF(S44="","",R48) | T48: =IF(T44="","",S48) | ... AS48: =IF(AS44="","",AR48)
A49: 月間予想 | B49: 景品名 | C49: ベーカリースクイーズ | D49: ベーカリースクイーズ | E49: ベーカリースクイーズ | F49: ベーカリースクイーズ | G49: ベーカリースクイーズ | H49: ベーカリースクイーズ | I49: ベーカリースクイーズ | J49: ベーカリースクイーズ | K49: ベーカリースクイーズ | L49: ベーカリースクイーズ | M49: =IF(M44="","",L49) -> ベーカリースクイーズ | N49: =IF(N44="","",M49) -> ベーカリースクイーズ | O49: =IF(O44="","",N49) -> ベーカリースクイーズ | P49: =IF(P44="","",O49) | Q49: =IF(Q44="","",P49) | R49: =IF(R44="","",Q49) | S49: =IF(S44="","",R49) | T49: =IF(T44="","",S49) | ... AS49: =IF(AS44="","",AR49)
A50: =AVERAGE(C51:AS51)*30*100 -> 153000 | B50: 設定
A51: =SUM(C51:AS51) -> 663 | B51: 百差 | C51: 0 | D51: 0 | E51: 114 | F51: 0 | G51: 0 | H51: 261 | I51: 0 | J51: 0 | K51: 0 | L51: 151 | M51: =IF(M44="","",M44-L44) -> 0 | N51: =IF(N44="","",N44-M44) -> 0 | O51: =IF(O44="","",O44-N44) -> 137 | P51: =IF(P44="","",P44-O44) | Q51: =IF(Q44="","",Q44-P44) | R51: =IF(R44="","",R44-Q44) | S51: =IF(S44="","",S44-R44) | T51: =IF(T44="","",T44-S44) | ... AS51: =IF(AS44="","",AS44-AR44)
A52: =SUM(C52:AS52) -> 45 | B52: P差 | C52: 0 | D52: 0 | E52: 27 | F52: 0 | G52: 0 | H52: 10 | I52: 0 | J52: 0 | K52: 0 | L52: 3 | M52: =IF(M45="","",M45-L45) -> 0 | N52: =IF(N45="","",N45-M45) -> 0 | O52: =IF(O45="","",O45-N45) -> 5 | P52: =IF(P45="","",P45-O45) | Q52: =IF(Q45="","",Q45-P45) | R52: =IF(R45="","",R45-Q45) | S52: =IF(S45="","",S45-R45) | T52: =IF(T45="","",T45-S45) | ... AS52: =IF(AS45="","",AS45-AR45)
A53: =SUM(C53:AS53) -> 50 | B53: 払出 | C53: 0 | D53: 0 | E53: 27 | F53: 0 | G53: 0 | H53: 15 | I53: 0 | J53: 0 | K53: 0 | L53: 3 | M53: =IF(M46="","",L46+L47-M46) -> 0 | N53: =IF(N46="","",M46+M47-N46) -> 0 | O53: =IF(O46="","",N46+N47-O46) -> 5 | P53: =IF(P46="","",O46+O47-P46) | Q53: =IF(Q46="","",P46+P47-Q46) | R53: =IF(R46="","",Q46+Q47-R46) | S53: =IF(S46="","",R46+R47-S46) | T53: =IF(T46="","",S46+S47-T46) | ... AS53: =IF(AS46="","",AR46+AR47-AS46)
A54: =SUM(C54:AS54) -> 15000 | B54: 払出額 | C54: 0 | D54: 0 | E54: 8100 | F54: 0 | G54: 0 | H54: 4500 | I54: 0 | J54: 0 | K54: 0 | L54: 900 | M54: =IF(M44="","",M53*M48) -> 0 | N54: =IF(N44="","",N53*N48) -> 0 | O54: =IF(O44="","",O53*O48) -> 1500 | P54: =IF(P44="","",P53*P48) | Q54: =IF(Q44="","",Q53*Q48) | R54: =IF(R44="","",R53*R48) | S54: =IF(S44="","",S53*S48) | T54: =IF(T44="","",T53*T48) | ... AS54: =IF(AS44="","",AS53*AS48)
A55: =IF(A54="","",A54/(A51*100)) -> 0.22624434 | B55: 原価率 | E55: 0.71052632 | H55: 0.17241379 | L55: 0.059602649 | M55: =IF(M54="","",IF(M54=0,"",M54/(M51*100))) | N55: =IF(N54="","",IF(N54=0,"",N54/(N51*100))) | O55: =IF(O54="","",IF(O54=0,"",O54/(O51*100))) -> 0.10948905 | P55: =IF(P54="","",IF(P54=0,"",P54/(P51*100))) | Q55: =IF(Q54="","",IF(Q54=0,"",Q54/(Q51*100))) | R55: =IF(R54="","",IF(R54=0,"",R54/(R51*100))) | S55: =IF(S54="","",IF(S54=0,"",S54/(S51*100))) | T55: =IF(T54="","",IF(T54=0,"",T54/(T51*100))) | ... AS55: =IF(AS54="","",IF(AS54=0,"",AS54/(AS51*100)))
A56: 川内 | B56: 100円 | C56: 37822 | D56: 37822 | E56: 37846 | F56: 37846 | G56: 37846 | H56: 37921 | I56: 37921 | J56: 37921 | K56: 37921 | L56: 38045 | M56: =IF(M$8="","",L56) -> 38045 | N56: =IF(N$8="","",M56) -> 38045 | O56: 38078 | P56: =IF(P$8="","",O56) | Q56: =IF(Q$8="","",P56) | R56: =IF(R$8="","",Q56) | S56: =IF(S$8="","",R56) | T56: =IF(T$8="","",S56) | U56: =IF(U$8="","",T56) | V56: =IF(V$8="","",U56) | W56: =IF(W$8="","",V56) | ... AS56: =IF(AS$8="","",AR56)
A57: BUZZ＃2 | B57: プライズ | C57: 1719 | D57: 1719 | E57: 1720 | F57: 1720 | G57: 1720 | H57: 1720 | I57: 1720 | J57: 1720 | K57: 1720 | L57: 1724 | M57: =IF(M$8="","",L57) -> 1724 | N57: =IF(N$8="","",M57) -> 1724 | O57: 1724 | P57: =IF(P$8="","",O57) | Q57: =IF(Q$8="","",P57) | R57: =IF(R$8="","",Q57) | S57: =IF(S$8="","",R57) | T57: =IF(T$8="","",S57) | U57: =IF(U$8="","",T57) | V57: =IF(V$8="","",U57) | W57: =IF(W$8="","",V57) | ... AS57: =IF(AS$8="","",AR57)
A58: 1 | B58: 投入残 | C58: 7 | D58: 7 | E58: 6 | F58: 12 | G58: 12 | H58: 12 | I58: 12 | J58: 12 | K58: 12 | L58: 7 | M58: =IF(M56="","",(L58+L59)) -> 7 | N58: =IF(N56="","",(M58+M59)) -> 7 | O58: =IF(O56="","",(N58+N59)) -> 7 | P58: =IF(P56="","",(O58+O59)) | Q58: =IF(Q56="","",(P58+P59)) | R58: =IF(R56="","",(Q58+Q59)) | S58: =IF(S56="","",(R58+R59)) | T58: =IF(T56="","",(S58+S59)) | ... AS58: =IF(AS56="","",(AR58+AR59))
A59: 機械合計 | B59: 補充 | E59: 6
A60: =+(A63+A75+A87+A99)*100 -> 129600 | B60: 単価 | C60: 750 | D60: 750 | E60: 750 | F60: 750 | G60: 750 | H60: 750 | I60: 750 | J60: 750 | K60: 750 | L60: 750 | M60: =IF(M56="","",L60) -> 750 | N60: =IF(N56="","",M60) -> 750 | O60: =IF(O56="","",N60) -> 750 | P60: =IF(P56="","",O60) | Q60: =IF(Q56="","",P60) | R60: =IF(R56="","",Q60) | S60: =IF(S56="","",R60) | T60: =IF(T56="","",S60) | ... AS60: =IF(AS56="","",AR60)
A61: 月間予想 | B61: 景品名 | C61: ジャグラーサウンドフラッシュボタン | D61: ジャグラーサウンドフラッシュボタン | E61: ジャグラーサウンドフラッシュボタン | F61: ジャグラーサウンドフラッシュボタン | G61: ジャグラーサウンドフラッシュボタン | H61: ジャグラーサウンドフラッシュボタン | I61: ジャグラーサウンドフラッシュボタン | J61: ジャグラーサウンドフラッシュボタン | K61: ジャグラーサウンドフラッシュボタン | L61: ジャグラーサウンドフラッシュボタン | M61: =IF(M56="","",L61) -> ジャグラーサウンドフラッシュボタン | N61: =IF(N56="","",M61) -> ジャグラーサウンドフラッシュボタン | O61: =IF(O56="","",N61) -> ジャグラーサウンドフラッシュボタン | P61: =IF(P56="","",O61) | Q61: =IF(Q56="","",P61) | R61: =IF(R56="","",Q61) | S61: =IF(S56="","",R61) | T61: =IF(T56="","",S61) | ... AS61: =IF(AS56="","",AR61)
A62: =AVERAGE(C63:AS63)*30*100 -> 59076.923 | B62: 設定
A63: =SUM(C63:AS63) -> 256 | B63: 百差 | C63: 0 | D63: 0 | E63: 24 | F63: 0 | G63: 0 | H63: 75 | I63: 0 | J63: 0 | K63: 0 | L63: 124 | M63: =IF(M56="","",M56-L56) -> 0 | N63: =IF(N56="","",N56-M56) -> 0 | O63: =IF(O56="","",O56-N56) -> 33 | P63: =IF(P56="","",P56-O56) | Q63: =IF(Q56="","",Q56-P56) | R63: =IF(R56="","",R56-Q56) | S63: =IF(S56="","",S56-R56) | T63: =IF(T56="","",T56-S56) | ... AS63: =IF(AS56="","",AS56-AR56)
A64: =SUM(C64:AS64) -> 5 | B64: P差 | C64: 0 | D64: 0 | E64: 1 | F64: 0 | G64: 0 | H64: 0 | I64: 0 | J64: 0 | K64: 0 | L64: 4 | M64: =IF(M57="","",M57-L57) -> 0 | N64: =IF(N57="","",N57-M57) -> 0 | O64: =IF(O57="","",O57-N57) -> 0 | P64: =IF(P57="","",P57-O57) | Q64: =IF(Q57="","",Q57-P57) | R64: =IF(R57="","",R57-Q57) | S64: =IF(S57="","",S57-R57) | T64: =IF(T57="","",T57-S57) | ... AS64: =IF(AS57="","",AS57-AR57)
A65: =SUM(C65:AS65) -> 6 | B65: 払出 | C65: 0 | D65: 0 | E65: 1 | F65: 0 | G65: 0 | H65: 0 | I65: 0 | J65: 0 | K65: 0 | L65: 5 | M65: =IF(M58="","",L58+L59-M58) -> 0 | N65: =IF(N58="","",M58+M59-N58) -> 0 | O65: =IF(O58="","",N58+N59-O58) -> 0 | P65: =IF(P58="","",O58+O59-P58) | Q65: =IF(Q58="","",P58+P59-Q58) | R65: =IF(R58="","",Q58+Q59-R58) | S65: =IF(S58="","",R58+R59-S58) | T65: =IF(T58="","",S58+S59-T58) | ... AS65: =IF(AS58="","",AR58+AR59-AS58)
A66: =SUM(C66:AS66) -> 4500 | B66: 払出額 | C66: 0 | D66: 0 | E66: 750 | F66: 0 | G66: 0 | H66: 0 | I66: 0 | J66: 0 | K66: 0 | L66: 3750 | M66: =IF(M56="","",M65*M60) -> 0 | N66: =IF(N56="","",N65*N60) -> 0 | O66: =IF(O56="","",O65*O60) -> 0 | P66: =IF(P56="","",P65*P60) | Q66: =IF(Q56="","",Q65*Q60) | R66: =IF(R56="","",R65*R60) | S66: =IF(S56="","",S65*S60) | T66: =IF(T56="","",T65*T60) | ... AS66: =IF(AS56="","",AS65*AS60)
A67: =IF(A66="","",A66/(A63*100)) -> 0.17578125 | B67: 原価率 | E67: 0.3125 | L67: 0.30241935 | M67: =IF(M66="","",IF(M66=0,"",M66/(M63*100))) | N67: =IF(N66="","",IF(N66=0,"",N66/(N63*100))) | O67: =IF(O66="","",IF(O66=0,"",O66/(O63*100))) | P67: =IF(P66="","",IF(P66=0,"",P66/(P63*100))) | Q67: =IF(Q66="","",IF(Q66=0,"",Q66/(Q63*100))) | R67: =IF(R66="","",IF(R66=0,"",R66/(R63*100))) | S67: =IF(S66="","",IF(S66=0,"",S66/(S63*100))) | T67: =IF(T66="","",IF(T66=0,"",T66/(T63*100))) | ... AS67: =IF(AS66="","",IF(AS66=0,"",AS66/(AS63*100)))
A68: 川内 | B68: 100円 | C68: 37314 | D68: 37314 | E68: 37344 | F68: 37344 | G68: 37344 | H68: 37424 | I68: 37424 | J68: 37424 | K68: 37424 | L68: 37582 | M68: =IF(M$8="","",L68) -> 37582 | N68: =IF(N$8="","",M68) -> 37582 | O68: 37631 | P68: =IF(P$8="","",O68) | Q68: =IF(Q$8="","",P68) | R68: =IF(R$8="","",Q68) | S68: =IF(S$8="","",R68) | T68: =IF(T$8="","",S68) | U68: =IF(U$8="","",T68) | V68: =IF(V$8="","",U68) | W68: =IF(W$8="","",V68) | ... AS68: =IF(AS$8="","",AR68)
A69: BUZZ＃2 | B69: プライズ | C69: 1550 | D69: 1550 | E69: 1551 | F69: 1551 | G69: 1551 | H69: 1559 | I69: 1559 | J69: 1559 | K69: 1559 | L69: 1562 | M69: =IF(M$8="","",L69) -> 1562 | N69: =IF(N$8="","",M69) -> 1562 | O69: 1563 | P69: =IF(P$8="","",O69) | Q69: =IF(Q$8="","",P69) | R69: =IF(R$8="","",Q69) | S69: =IF(S$8="","",R69) | T69: =IF(T$8="","",S69) | U69: =IF(U$8="","",T69) | V69: =IF(V$8="","",U69) | W69: =IF(W$8="","",V69) | ... AS69: =IF(AS$8="","",AR69)
A70: 2 | B70: 投入残 | C70: 5 | D70: 5 | E70: 4 | F70: 10 | G70: 10 | H70: 10 | I70: 10 | J70: 10 | K70: 10 | L70: 7 | M70: =IF(M68="","",(L70+L71)) -> 7 | N70: =IF(N68="","",(M70+M71)) -> 7 | O70: 6 | P70: =IF(P68="","",(O70+O71)) | Q70: =IF(Q68="","",(P70+P71)) | R70: =IF(R68="","",(Q70+Q71)) | S70: =IF(S68="","",(R70+R71)) | T70: =IF(T68="","",(S70+S71)) | U70: =IF(U68="","",(T70+T71)) | V70: =IF(V68="","",(U70+U71)) | W70: =IF(W68="","",(V70+V71)) | ... AS70: =IF(AS68="","",(AR70+AR71))
B71: 補充 | E71: 6 | O71: 6
B72: 単価 | C72: 750 | D72: 750 | E72: 750 | F72: 750 | G72: 750 | H72: 750 | I72: 750 | J72: 750 | K72: 750 | L72: 750 | M72: =IF(M68="","",L72) -> 750 | N72: =IF(N68="","",M72) -> 750 | O72: =IF(O68="","",N72) -> 750 | P72: =IF(P68="","",O72) | Q72: =IF(Q68="","",P72) | R72: =IF(R68="","",Q72) | S72: =IF(S68="","",R72) | T72: =IF(T68="","",S72) | ... AS72: =IF(AS68="","",AR72)
A73: 月間予想 | B73: 景品名 | C73: ベアブリック | D73: ベアブリック | E73: ベアブリック | F73: ベアブリック | G73: ベアブリック | H73: ベアブリック | I73: ベアブリック | J73: ベアブリック | K73: ベアブリック | L73: ベアブリック | M73: =IF(M68="","",L73) -> ベアブリック | N73: =IF(N68="","",M73) -> ベアブリック | O73: =IF(O68="","",N73) -> ベアブリック | P73: =IF(P68="","",O73) | Q73: =IF(Q68="","",P73) | R73: =IF(R68="","",Q73) | S73: =IF(S68="","",R73) | T73: =IF(T68="","",S73) | ... AS73: =IF(AS68="","",AR73)
A74: =AVERAGE(C75:AS75)*30*100 -> 73153.846 | B74: 設定
A75: =SUM(C75:AS75) -> 317 | B75: 百差 | C75: 0 | D75: 0 | E75: 30 | F75: 0 | G75: 0 | H75: 80 | I75: 0 | J75: 0 | K75: 0 | L75: 158 | M75: =IF(M68="","",M68-L68) -> 0 | N75: =IF(N68="","",N68-M68) -> 0 | O75: =IF(O68="","",O68-N68) -> 49 | P75: =IF(P68="","",P68-O68) | Q75: =IF(Q68="","",Q68-P68) | R75: =IF(R68="","",R68-Q68) | S75: =IF(S68="","",S68-R68) | T75: =IF(T68="","",T68-S68) | ... AS75: =IF(AS68="","",AS68-AR68)
A76: =SUM(C76:AS76) -> 13 | B76: P差 | C76: 0 | D76: 0 | E76: 1 | F76: 0 | G76: 0 | H76: 8 | I76: 0 | J76: 0 | K76: 0 | L76: 3 | M76: =IF(M69="","",M69-L69) -> 0 | N76: =IF(N69="","",N69-M69) -> 0 | O76: =IF(O69="","",O69-N69) -> 1 | P76: =IF(P69="","",P69-O69) | Q76: =IF(Q69="","",Q69-P69) | R76: =IF(R69="","",R69-Q69) | S76: =IF(S69="","",S69-R69) | T76: =IF(T69="","",T69-S69) | ... AS76: =IF(AS69="","",AS69-AR69)
A77: =SUM(C77:AS77) -> 5 | B77: 払出 | C77: 0 | D77: 0 | E77: 1 | F77: 0 | G77: 0 | H77: 0 | I77: 0 | J77: 0 | K77: 0 | L77: 3 | M77: =IF(M70="","",L70+L71-M70) -> 0 | N77: =IF(N70="","",M70+M71-N70) -> 0 | O77: =IF(O70="","",N70+N71-O70) -> 1 | P77: =IF(P70="","",O70+O71-P70) | Q77: =IF(Q70="","",P70+P71-Q70) | R77: =IF(R70="","",Q70+Q71-R70) | S77: =IF(S70="","",R70+R71-S70) | T77: =IF(T70="","",S70+S71-T70) | ... AS77: =IF(AS70="","",AR70+AR71-AS70)
A78: =SUM(C78:AS78) -> 3750 | B78: 払出額 | C78: 0 | D78: 0 | E78: 750 | F78: 0 | G78: 0 | H78: 0 | I78: 0 | J78: 0 | K78: 0 | L78: 2250 | M78: =IF(M68="","",M77*M72) -> 0 | N78: =IF(N68="","",N77*N72) -> 0 | O78: =IF(O68="","",O77*O72) -> 750 | P78: =IF(P68="","",P77*P72) | Q78: =IF(Q68="","",Q77*Q72) | R78: =IF(R68="","",R77*R72) | S78: =IF(S68="","",S77*S72) | T78: =IF(T68="","",T77*T72) | ... AS78: =IF(AS68="","",AS77*AS72)
A79: =IF(A78="","",A78/(A75*100)) -> 0.11829653 | B79: 原価率 | E79: 0.25 | L79: 0.14240506 | M79: =IF(M78="","",IF(M78=0,"",M78/(M75*100))) | N79: =IF(N78="","",IF(N78=0,"",N78/(N75*100))) | O79: =IF(O78="","",IF(O78=0,"",O78/(O75*100))) -> 0.15306122 | P79: =IF(P78="","",IF(P78=0,"",P78/(P75*100))) | Q79: =IF(Q78="","",IF(Q78=0,"",Q78/(Q75*100))) | R79: =IF(R78="","",IF(R78=0,"",R78/(R75*100))) | S79: =IF(S78="","",IF(S78=0,"",S78/(S75*100))) | T79: =IF(T78="","",IF(T78=0,"",T78/(T75*100))) | ... AS79: =IF(AS78="","",IF(AS78=0,"",AS78/(AS75*100)))
A80: 川内 | B80: 100円 | C80: 30481 | D80: 30481 | E80: 30522 | F80: 30522 | G80: 30522 | H80: 30600 | I80: 30600 | J80: 30600 | K80: 30600 | L80: 30715 | M80: =IF(M$8="","",L80) -> 30715 | N80: =IF(N$8="","",M80) -> 30715 | O80: 30770 | P80: =IF(P$8="","",O80) | Q80: =IF(Q$8="","",P80) | R80: =IF(R$8="","",Q80) | S80: =IF(S$8="","",R80) | T80: =IF(T$8="","",S80) | U80: =IF(U$8="","",T80) | V80: =IF(V$8="","",U80) | W80: =IF(W$8="","",V80) | ... AS80: =IF(AS$8="","",AR80)
A81: BUZZ＃2 | B81: プライズ | C81: 1999 | D81: 1999 | E81: 2002 | F81: 2002 | G81: 2002 | H81: 2004 | I81: 2004 | J81: 2004 | K81: 2004 | L81: 2009 | M81: =IF(M$8="","",L81) -> 2009 | N81: =IF(N$8="","",M81) -> 2009 | O81: 2012 | P81: =IF(P$8="","",O81) | Q81: =IF(Q$8="","",P81) | R81: =IF(R$8="","",Q81) | S81: =IF(S$8="","",R81) | T81: =IF(T$8="","",S81) | U81: =IF(U$8="","",T81) | V81: =IF(V$8="","",U81) | W81: =IF(W$8="","",V81) | ... AS81: =IF(AS$8="","",AR81)
A82: 3 | B82: 投入残 | C82: 102 | D82: 102 | E82: 99 | F82: 99 | G82: 99 | H82: 97 | I82: 97 | J82: 97 | K82: 97 | L82: 92 | M82: =IF(M80="","",(L82+L83)) -> 92 | N82: =IF(N80="","",(M82+M83)) -> 92 | O82: 89 | P82: =IF(P80="","",(O82+O83)) | Q82: =IF(Q80="","",(P82+P83)) | R82: =IF(R80="","",(Q82+Q83)) | S82: =IF(S80="","",(R82+R83)) | T82: =IF(T80="","",(S82+S83)) | U82: =IF(U80="","",(T82+T83)) | V82: =IF(V80="","",(U82+U83)) | W82: =IF(W80="","",(V82+V83)) | ... AS82: =IF(AS80="","",(AR82+AR83))
B83: 補充
B84: 単価 | C84: 400 | D84: 400 | E84: 400 | F84: 400 | G84: 400 | H84: 400 | I84: 400 | J84: 400 | K84: 400 | L84: 400 | M84: =IF(M80="","",L84) -> 400 | N84: =IF(N80="","",M84) -> 400 | O84: =IF(O80="","",N84) -> 400 | P84: =IF(P80="","",O84) | Q84: =IF(Q80="","",P84) | R84: =IF(R80="","",Q84) | S84: =IF(S80="","",R84) | T84: =IF(T80="","",S84) | ... AS84: =IF(AS80="","",AR84)
A85: 月間予想 | B85: 景品名 | C85: サンリオスイーツマスコット | D85: サンリオスイーツマスコット | E85: サンリオスイーツマスコット | F85: サンリオスイーツマスコット | G85: サンリオスイーツマスコット | H85: サンリオスイーツマスコット | I85: サンリオスイーツマスコット | J85: サンリオスイーツマスコット | K85: サンリオスイーツマスコット | L85: サンリオスイーツマスコット | M85: =IF(M80="","",L85) -> サンリオスイーツマスコット | N85: =IF(N80="","",M85) -> サンリオスイーツマスコット | O85: =IF(O80="","",N85) -> サンリオスイーツマスコット | P85: =IF(P80="","",O85) | Q85: =IF(Q80="","",P85) | R85: =IF(R80="","",Q85) | S85: =IF(S80="","",R85) | T85: =IF(T80="","",S85) | ... AS85: =IF(AS80="","",AR85)
A86: =AVERAGE(C87:AS87)*30*100 -> 66692.308 | B86: 設定
A87: =SUM(C87:AS87) -> 289 | B87: 百差 | C87: 0 | D87: 0 | E87: 41 | F87: 0 | G87: 0 | H87: 78 | I87: 0 | J87: 0 | K87: 0 | L87: 115 | M87: =IF(M80="","",M80-L80) -> 0 | N87: =IF(N80="","",N80-M80) -> 0 | O87: =IF(O80="","",O80-N80) -> 55 | P87: =IF(P80="","",P80-O80) | Q87: =IF(Q80="","",Q80-P80) | R87: =IF(R80="","",R80-Q80) | S87: =IF(S80="","",S80-R80) | T87: =IF(T80="","",T80-S80) | ... AS87: =IF(AS80="","",AS80-AR80)
A88: =SUM(C88:AS88) -> 13 | B88: P差 | C88: 0 | D88: 0 | E88: 3 | F88: 0 | G88: 0 | H88: 2 | I88: 0 | J88: 0 | K88: 0 | L88: 5 | M88: =IF(M81="","",M81-L81) -> 0 | N88: =IF(N81="","",N81-M81) -> 0 | O88: =IF(O81="","",O81-N81) -> 3 | P88: =IF(P81="","",P81-O81) | Q88: =IF(Q81="","",Q81-P81) | R88: =IF(R81="","",R81-Q81) | S88: =IF(S81="","",S81-R81) | T88: =IF(T81="","",T81-S81) | ... AS88: =IF(AS81="","",AS81-AR81)
A89: =SUM(C89:AS89) -> 13 | B89: 払出 | C89: 0 | D89: 0 | E89: 3 | F89: 0 | G89: 0 | H89: 2 | I89: 0 | J89: 0 | K89: 0 | L89: 5 | M89: =IF(M82="","",L82+L83-M82) -> 0 | N89: =IF(N82="","",M82+M83-N82) -> 0 | O89: =IF(O82="","",N82+N83-O82) -> 3 | P89: =IF(P82="","",O82+O83-P82) | Q89: =IF(Q82="","",P82+P83-Q82) | R89: =IF(R82="","",Q82+Q83-R82) | S89: =IF(S82="","",R82+R83-S82) | T89: =IF(T82="","",S82+S83-T82) | ... AS89: =IF(AS82="","",AR82+AR83-AS82)
A90: =SUM(C90:AS90) -> 5200 | B90: 払出額 | C90: 0 | D90: 0 | E90: 1200 | F90: 0 | G90: 0 | H90: 800 | I90: 0 | J90: 0 | K90: 0 | L90: 2000 | M90: =IF(M80="","",M89*M84) -> 0 | N90: =IF(N80="","",N89*N84) -> 0 | O90: =IF(O80="","",O89*O84) -> 1200 | P90: =IF(P80="","",P89*P84) | Q90: =IF(Q80="","",Q89*Q84) | R90: =IF(R80="","",R89*R84) | S90: =IF(S80="","",S89*S84) | T90: =IF(T80="","",T89*T84) | ... AS90: =IF(AS80="","",AS89*AS84)
A91: =IF(A90="","",A90/(A87*100)) -> 0.1799308 | B91: 原価率 | E91: 0.29268293 | H91: 0.1025641 | L91: 0.17391304 | M91: =IF(M90="","",IF(M90=0,"",M90/(M87*100))) | N91: =IF(N90="","",IF(N90=0,"",N90/(N87*100))) | O91: =IF(O90="","",IF(O90=0,"",O90/(O87*100))) -> 0.21818182 | P91: =IF(P90="","",IF(P90=0,"",P90/(P87*100))) | Q91: =IF(Q90="","",IF(Q90=0,"",Q90/(Q87*100))) | R91: =IF(R90="","",IF(R90=0,"",R90/(R87*100))) | S91: =IF(S90="","",IF(S90=0,"",S90/(S87*100))) | T91: =IF(T90="","",IF(T90=0,"",T90/(T87*100))) | ... AS91: =IF(AS90="","",IF(AS90=0,"",AS90/(AS87*100)))
A92: 川内 | B92: 100円 | C92: 40085 | D92: 40085 | E92: 40231 | F92: 40231 | G92: 40231 | H92: 40330 | I92: 40330 | J92: 40330 | K92: 40330 | L92: 40405 | M92: =IF(M$8="","",L92) -> 40405 | N92: =IF(N$8="","",M92) -> 40405 | O92: 40519 | P92: =IF(P$8="","",O92) | Q92: =IF(Q$8="","",P92) | R92: =IF(R$8="","",Q92) | S92: =IF(S$8="","",R92) | T92: =IF(T$8="","",S92) | U92: =IF(U$8="","",T92) | V92: =IF(V$8="","",U92) | W92: =IF(W$8="","",V92) | ... AS92: =IF(AS$8="","",AR92)
A93: BUZZ＃2 | B93: プライズ | C93: 5568 | D93: 5568 | E93: 5576 | F93: 5576 | G93: 5576 | H93: 5582 | I93: 5582 | J93: 5582 | K93: 5582 | L93: 5585 | M93: =IF(M$8="","",L93) -> 5585 | N93: =IF(N$8="","",M93) -> 5585 | O93: 5585 | P93: =IF(P$8="","",O93) | Q93: =IF(Q$8="","",P93) | R93: =IF(R$8="","",Q93) | S93: =IF(S$8="","",R93) | T93: =IF(T$8="","",S93) | U93: =IF(U$8="","",T93) | V93: =IF(V$8="","",U93) | W93: =IF(W$8="","",V93) | ... AS93: =IF(AS$8="","",AR93)
A94: 4 | B94: 投入残 | C94: 9 | D94: 9 | E94: 10 | F94: 10 | G94: 10 | H94: 10 | I94: 10 | J94: 10 | K94: 10 | L94: 8 | M94: =IF(M92="","",(L94+L95)) -> 8 | N94: =IF(N92="","",(M94+M95)) -> 8 | O94: =IF(O92="","",(N94+N95)) -> 8 | P94: =IF(P92="","",(O94+O95)) | Q94: =IF(Q92="","",(P94+P95)) | R94: =IF(R92="","",(Q94+Q95)) | S94: =IF(S92="","",(R94+R95)) | T94: =IF(T92="","",(S94+S95)) | ... AS94: =IF(AS92="","",(AR94+AR95))
B95: 補充 | D95: 1 | O95: 1
B96: 単価 | C96: 270 | D96: 270 | E96: 270 | F96: 270 | G96: 270 | H96: 270 | I96: 270 | J96: 270 | K96: 270 | L96: 270 | M96: =IF(M92="","",L96) -> 270 | N96: =IF(N92="","",M96) -> 270 | O96: =IF(O92="","",N96) -> 270 | P96: =IF(P92="","",O96) | Q96: =IF(Q92="","",P96) | R96: =IF(R92="","",Q96) | S96: =IF(S92="","",R96) | T96: =IF(T92="","",S96) | ... AS96: =IF(AS92="","",AR96)
A97: 月間予想 | B97: 景品名 | C97: たまごっちマスコット | D97: たまごっちマスコット | E97: たまごっちマスコット | F97: たまごっちマスコット | G97: たまごっちマスコット | H97: たまごっちマスコット | I97: たまごっちマスコット | J97: たまごっちマスコット | K97: たまごっちマスコット | L97: たまごっちマスコット | M97: =IF(M92="","",L97) -> たまごっちマスコット | N97: =IF(N92="","",M97) -> たまごっちマスコット | O97: =IF(O92="","",N97) -> たまごっちマスコット | P97: =IF(P92="","",O97) | Q97: =IF(Q92="","",P97) | R97: =IF(R92="","",Q97) | S97: =IF(S92="","",R97) | T97: =IF(T92="","",S97) | ... AS97: =IF(AS92="","",AR97)
A98: =AVERAGE(C99:AS99)*30*100 -> 100153.85 | B98: 設定
A99: =SUM(C99:AS99) -> 434 | B99: 百差 | C99: 0 | D99: 0 | E99: 146 | F99: 0 | G99: 0 | H99: 99 | I99: 0 | J99: 0 | K99: 0 | L99: 75 | M99: =IF(M92="","",M92-L92) -> 0 | N99: =IF(N92="","",N92-M92) -> 0 | O99: =IF(O92="","",O92-N92) -> 114 | P99: =IF(P92="","",P92-O92) | Q99: =IF(Q92="","",Q92-P92) | R99: =IF(R92="","",R92-Q92) | S99: =IF(S92="","",S92-R92) | T99: =IF(T92="","",T92-S92) | ... AS99: =IF(AS92="","",AS92-AR92)
A100: =SUM(C100:AS100) -> 17 | B100: P差 | C100: 0 | D100: 0 | E100: 8 | F100: 0 | G100: 0 | H100: 6 | I100: 0 | J100: 0 | K100: 0 | L100: 3 | M100: =IF(M93="","",M93-L93) -> 0 | N100: =IF(N93="","",N93-M93) -> 0 | O100: =IF(O93="","",O93-N93) -> 0 | P100: =IF(P93="","",P93-O93) | Q100: =IF(Q93="","",Q93-P93) | R100: =IF(R93="","",R93-Q93) | S100: =IF(S93="","",S93-R93) | T100: =IF(T93="","",T93-S93) | ... AS100: =IF(AS93="","",AS93-AR93)
...

Sheet 中央
A1: =SUM(A62,A74,A86,A98,A14,A26,A38,A50,A110) -> 323500 | B1: 日付 | C1: 46156 | D1: 46157 | E1: 46158 | F1: 46159 | G1: 46160 | H1: 46161 | I1: 46162 | J1: 46163 | K1: 46164 | L1: =K1+1 -> 46165 | M1: =L1+1 -> 46166 | N1: =M1+1 -> 46167 | O1: =N1+1 -> 46168 | P1: =O1+1 -> 46169 | Q1: =P1+1 -> 46170 | R1: =Q1+1 -> 46171 | S1: =R1+1 -> 46172 | ... AS1: =AR1+1 -> 46198
B2: =SUM(C2:AO2) -> 1294 | C2: 0 | D2: 0 | E2: 0 | F2: 0 | G2: 706 | H2: 0 | I2: 0 | J2: 0 | K2: 255 | L2: =SUM(L15,L27,L39,L51,L63,L75,L87,L99,L111) -> 0 | M2: =SUM(M15,M27,M39,M51,M63,M75,M87,M99,M111) -> 0 | N2: =SUM(N15,N27,N39,N51,N63,N75,N87,N99,N111) -> 333 | O2: =SUM(O15,O27,O39,O51,O63,O75,O87,O99,O111) -> 0 | P2: =SUM(P15,P27,P39,P51,P63,P75,P87,P99,P111) -> 0 | Q2: =SUM(Q15,Q27,Q39,Q51,Q63,Q75,Q87,Q99,Q111) -> 0 | R2: =SUM(R15,R27,R39,R51,R63,R75,R87,R99,R111) -> 0 | S2: =SUM(S15,S27,S39,S51,S63,S75,S87,S99,S111) -> 0 | ... AS2: =SUM(AS15,AS27,AS39,AS51,AS63,AS75,AS87,AS99,AS111) -> 0
A3: 集金
A4: 両替機
A5: 百出 | G5: 1395 | K5: 2875 | N5: 3785
A6: 札入 | G6: 95 | K6: 209 | N6: 279
A7: 五入 | G7: 89 | K7: 157 | N7: 199
A8: 中央 | B8: 100円 | C8: 1086 | D8: 1086 | E8: 1086 | F8: 1086 | G8: 1209 | H8: 1209 | I8: 1209 | J8: 1209 | K8: 1238 | L8: 1238 | M8: 1238 | N8: 1323
A9: BUZZ＃1 | B9: プライズ | C9: 40 | D9: 40 | E9: 40 | F9: 40 | G9: 44 | H9: 44 | I9: 44 | J9: 44 | K9: 44 | L9: =IF(L$8="","",K9) -> 44 | M9: =IF(M$8="","",L9) -> 44 | N9: 46 | O9: =IF(O$8="","",N9) | P9: =IF(P$8="","",O9) | Q9: =IF(Q$8="","",P9) | R9: =IF(R$8="","",Q9) | S9: =IF(S$8="","",R9) | T9: =IF(T$8="","",S9) | U9: =IF(U$8="","",T9) | V9: =IF(V$8="","",U9) | ... AO9: =IF(AO$8="","",AN9) | AP9: =IF(天文館!AP$8="","",AO9) | AQ9: =IF(天文館!AQ$8="","",AP9) | AR9: =IF(天文館!AR$8="","",AQ9) | AS9: =IF(天文館!AS$8="","",AR9)
A10: 1 | B10: 投入残 | C10: 32 | D10: 32 | E10: 32 | F10: 32 | G10: 28 | H10: 28 | I10: 28 | J10: 28 | K10: 28 | L10: =IF(L8="","",(K10+K11)) -> 28 | M10: =IF(M8="","",(L10+L11)) -> 28 | N10: 26 | O10: =IF(O8="","",(N10+N11)) | P10: =IF(P8="","",(O10+O11)) | Q10: =IF(Q8="","",(P10+P11)) | R10: =IF(R8="","",(Q10+Q11)) | S10: =IF(S8="","",(R10+R11)) | T10: =IF(T8="","",(S10+S11)) | U10: =IF(U8="","",(T10+T11)) | V10: =IF(V8="","",(U10+U11)) | ... AS10: =IF(AS8="","",(AR10+AR11))
A11: 機械合計 | B11: 補充
A12: =+(A15+A27+A39+A51)*100 -> 60700 | B12: 単価 | C12: 900 | D12: 900 | E12: 900 | F12: 900 | G12: 900 | H12: 900 | I12: 900 | J12: 900 | K12: 900 | L12: =IF(L8="","",K12) -> 900 | M12: =IF(M8="","",L12) -> 900 | N12: =IF(N8="","",M12) -> 900 | O12: =IF(O8="","",N12) | P12: =IF(P8="","",O12) | Q12: =IF(Q8="","",P12) | R12: =IF(R8="","",Q12) | S12: =IF(S8="","",R12) | ... AS12: =IF(AS8="","",AR12)
A13: 月間予想 | B13: 景品名 | C13: ベーカリースクイーズ | D13: ベーカリースクイーズ | E13: ベーカリースクイーズ | F13: ベーカリースクイーズ | G13: ベーカリースクイーズ | H13: ベーカリースクイーズ | I13: ベーカリースクイーズ | J13: ベーカリースクイーズ | K13: ベーカリースクイーズ | L13: =IF(L8="","",K13) -> ベーカリースクイーズ | M13: =IF(M8="","",L13) -> ベーカリースクイーズ | N13: =IF(N8="","",M13) -> ベーカリースクイーズ | O13: =IF(O8="","",N13) | P13: =IF(P8="","",O13) | Q13: =IF(Q8="","",P13) | R13: =IF(R8="","",Q13) | S13: =IF(S8="","",R13) | ... AS13: =IF(AS8="","",AR13)
A14: =AVERAGE(C15:AS15)*30*100 -> 59250 | B14: 設定
A15: =SUM(C15:AS15) -> 237 | B15: 百差 | C15: 0 | D15: 0 | E15: 0 | F15: 0 | G15: 123 | H15: 0 | I15: 0 | J15: 0 | K15: 29 | L15: =IF(L8="","",L8-K8) -> 0 | M15: =IF(M8="","",M8-L8) -> 0 | N15: =IF(N8="","",N8-M8) -> 85 | O15: =IF(O8="","",O8-N8) | P15: =IF(P8="","",P8-O8) | Q15: =IF(Q8="","",Q8-P8) | R15: =IF(R8="","",R8-Q8) | S15: =IF(S8="","",S8-R8) | ... AS15: =IF(AS8="","",AS8-AR8)
A16: =SUM(C16:AS16) -> 6 | B16: P差 | C16: 0 | D16: 0 | E16: 0 | F16: 0 | G16: 4 | H16: 0 | I16: 0 | J16: 0 | K16: 0 | L16: =IF(L9="","",L9-K9) -> 0 | M16: =IF(M9="","",M9-L9) -> 0 | N16: =IF(N9="","",N9-M9) -> 2 | O16: =IF(O9="","",O9-N9) | P16: =IF(P9="","",P9-O9) | Q16: =IF(Q9="","",Q9-P9) | R16: =IF(R9="","",R9-Q9) | S16: =IF(S9="","",S9-R9) | ... AS16: =IF(AS9="","",AS9-AR9)
A17: =SUM(C17:AS17) -> 6 | B17: 払出 | C17: 0 | D17: 0 | E17: 0 | F17: 0 | G17: 4 | H17: 0 | I17: 0 | J17: 0 | K17: 0 | L17: =IF(L10="","",K10+K11-L10) -> 0 | M17: =IF(M10="","",L10+L11-M10) -> 0 | N17: =IF(N10="","",M10+M11-N10) -> 2 | O17: =IF(O10="","",N10+N11-O10) | P17: =IF(P10="","",O10+O11-P10) | Q17: =IF(Q10="","",P10+P11-Q10) | R17: =IF(R10="","",Q10+Q11-R10) | S17: =IF(S10="","",R10+R11-S10) | ... AS17: =IF(AS10="","",AR10+AR11-AS10)
A18: =SUM(C18:AS18) -> 5400 | B18: 払出額 | C18: 0 | D18: 0 | E18: 0 | F18: 0 | G18: 3600 | H18: 0 | I18: 0 | J18: 0 | K18: 0 | L18: =IF(L8="","",L17*L12) -> 0 | M18: =IF(M8="","",M17*M12) -> 0 | N18: =IF(N8="","",N17*N12) -> 1800 | O18: =IF(O8="","",O17*O12) | P18: =IF(P8="","",P17*P12) | Q18: =IF(Q8="","",Q17*Q12) | R18: =IF(R8="","",R17*R12) | S18: =IF(S8="","",S17*S12) | ... AS18: =IF(AS8="","",AS17*AS12)
A19: =IF(A18="","",A18/(A15*100)) -> 0.2278481 | B19: 原価率 | G19: 0.29268293 | L19: =IF(L18="","",IF(L18=0,"",L18/(L15*100))) | M19: =IF(M18="","",IF(M18=0,"",M18/(M15*100))) | N19: =IF(N18="","",IF(N18=0,"",N18/(N15*100))) -> 0.21176471 | O19: =IF(O18="","",IF(O18=0,"",O18/(O15*100))) | P19: =IF(P18="","",IF(P18=0,"",P18/(P15*100))) | Q19: =IF(Q18="","",IF(Q18=0,"",Q18/(Q15*100))) | R19: =IF(R18="","",IF(R18=0,"",R18/(R15*100))) | S19: =IF(S18="","",IF(S18=0,"",S18/(S15*100))) | ... AS19: =IF(AS18="","",IF(AS18=0,"",AS18/(AS15*100)))
A20: 中央 | B20: 100円 | C20: 1326 | D20: 1326 | E20: 1326 | F20: 1326 | G20: 1392 | H20: 1392 | I20: 1392 | J20: 1392 | K20: 1432 | L20: =IF(L$8="","",K20) -> 1432 | M20: =IF(M$8="","",L20) -> 1432 | N20: 1455 | O20: =IF(O$8="","",N20) | P20: =IF(P$8="","",O20) | Q20: =IF(Q$8="","",P20) | R20: =IF(R$8="","",Q20) | S20: =IF(S$8="","",R20) | T20: =IF(T$8="","",S20) | U20: =IF(U$8="","",T20) | V20: =IF(V$8="","",U20) | ... AS20: =IF(AS$8="","",AR20)
A21: =A9 -> BUZZ＃1 | B21: プライズ | C21: 36 | D21: 36 | E21: 36 | F21: 36 | G21: 37 | H21: 37 | I21: 37 | J21: 37 | K21: 39 | L21: =IF(L$8="","",K21) -> 39 | M21: =IF(M$8="","",L21) -> 39 | N21: 40 | O21: =IF(O$8="","",N21) | P21: =IF(P$8="","",O21) | Q21: =IF(Q$8="","",P21) | R21: =IF(R$8="","",Q21) | S21: =IF(S$8="","",R21) | T21: =IF(T$8="","",S21) | U21: =IF(U$8="","",T21) | V21: =IF(V$8="","",U21) | ... AO21: =IF(AO$8="","",AN21) | AP21: =IF(天文館!AP$8="","",AO21) | AQ21: =IF(天文館!AQ$8="","",AP21) | AR21: =IF(天文館!AR$8="","",AQ21) | AS21: =IF(天文館!AS$8="","",AR21)
A22: 2 | B22: 投入残 | C22: 11 | D22: 11 | E22: 11 | F22: 11 | G22: 10 | H22: 10 | I22: 10 | J22: 10 | K22: 7 | L22: =IF(L20="","",(K22+K23)) -> 7 | M22: =IF(M20="","",(L22+L23)) -> 7 | N22: 6 | O22: =IF(O20="","",(N22+N23)) | P22: =IF(P20="","",(O22+O23)) | Q22: =IF(Q20="","",(P22+P23)) | R22: =IF(R20="","",(Q22+Q23)) | S22: =IF(S20="","",(R22+R23)) | T22: =IF(T20="","",(S22+S23)) | U22: =IF(U20="","",(T22+T23)) | V22: =IF(V20="","",(U22+U23)) | ... AS22: =IF(AS20="","",(AR22+AR23))
B23: 補充 | N23: 8
B24: 単価 | C24: 750 | D24: 750 | E24: 750 | F24: 750 | G24: 750 | H24: 750 | I24: 750 | J24: 750 | K24: 750 | L24: =IF(L20="","",K24) -> 750 | M24: =IF(M20="","",L24) -> 750 | N24: =IF(N20="","",M24) -> 750 | O24: =IF(O20="","",N24) | P24: =IF(P20="","",O24) | Q24: =IF(Q20="","",P24) | R24: =IF(R20="","",Q24) | S24: =IF(S20="","",R24) | ... AS24: =IF(AS20="","",AR24)
A25: 月間予想 | B25: 景品名 | C25: たまごっちミニポシェット | D25: たまごっちミニポシェット | E25: たまごっちミニポシェット | F25: たまごっちミニポシェット | G25: たまごっちミニポシェット | H25: たまごっちミニポシェット | I25: たまごっちミニポシェット | J25: たまごっちミニポシェット | K25: たまごっちミニポシェット | L25: =IF(L20="","",K25) -> たまごっちミニポシェット | M25: =IF(M20="","",L25) -> たまごっちミニポシェット | N25: =IF(N20="","",M25) -> たまごっちミニポシェット | O25: =IF(O20="","",N25) | P25: =IF(P20="","",O25) | Q25: =IF(Q20="","",P25) | R25: =IF(R20="","",Q25) | S25: =IF(S20="","",R25) | ... AS25: =IF(AS20="","",AR25)
A26: =AVERAGE(C27:AS27)*30*100 -> 32250 | B26: 設定
A27: =SUM(C27:AS27) -> 129 | B27: 百差 | C27: 0 | D27: 0 | E27: 0 | F27: 0 | G27: 66 | H27: 0 | I27: 0 | J27: 0 | K27: 40 | L27: =IF(L20="","",L20-K20) -> 0 | M27: =IF(M20="","",M20-L20) -> 0 | N27: =IF(N20="","",N20-M20) -> 23 | O27: =IF(O20="","",O20-N20) | P27: =IF(P20="","",P20-O20) | Q27: =IF(Q20="","",Q20-P20) | R27: =IF(R20="","",R20-Q20) | S27: =IF(S20="","",S20-R20) | ... AS27: =IF(AS20="","",AS20-AR20)
A28: =SUM(C28:AS28) -> 4 | B28: P差 | C28: 0 | D28: 0 | E28: 0 | F28: 0 | G28: 1 | H28: 0 | I28: 0 | J28: 0 | K28: 2 | L28: =IF(L21="","",L21-K21) -> 0 | M28: =IF(M21="","",M21-L21) -> 0 | N28: =IF(N21="","",N21-M21) -> 1 | O28: =IF(O21="","",O21-N21) | P28: =IF(P21="","",P21-O21) | Q28: =IF(Q21="","",Q21-P21) | R28: =IF(R21="","",R21-Q21) | S28: =IF(S21="","",S21-R21) | ... AS28: =IF(AS21="","",AS21-AR21)
A29: =SUM(C29:AS29) -> 5 | B29: 払出 | C29: 0 | D29: 0 | E29: 0 | F29: 0 | G29: 1 | H29: 0 | I29: 0 | J29: 0 | K29: 3 | L29: =IF(L22="","",K22+K23-L22) -> 0 | M29: =IF(M22="","",L22+L23-M22) -> 0 | N29: =IF(N22="","",M22+M23-N22) -> 1 | O29: =IF(O22="","",N22+N23-O22) | P29: =IF(P22="","",O22+O23-P22) | Q29: =IF(Q22="","",P22+P23-Q22) | R29: =IF(R22="","",Q22+Q23-R22) | S29: =IF(S22="","",R22+R23-S22) | ... AS29: =IF(AS22="","",AR22+AR23-AS22)
A30: =SUM(C30:AS30) -> 3750 | B30: 払出額 | C30: 0 | D30: 0 | E30: 0 | F30: 0 | G30: 750 | H30: 0 | I30: 0 | J30: 0 | K30: 2250 | L30: =IF(L20="","",L29*L24) -> 0 | M30: =IF(M20="","",M29*M24) -> 0 | N30: =IF(N20="","",N29*N24) -> 750 | O30: =IF(O20="","",O29*O24) | P30: =IF(P20="","",P29*P24) | Q30: =IF(Q20="","",Q29*Q24) | R30: =IF(R20="","",R29*R24) | S30: =IF(S20="","",S29*S24) | ... AS30: =IF(AS20="","",AS29*AS24)
A31: =IF(A30="","",A30/(A27*100)) -> 0.29069767 | B31: 原価率 | G31: 0.11363636 | K31: 0.5625 | L31: =IF(L30="","",IF(L30=0,"",L30/(L27*100))) | M31: =IF(M30="","",IF(M30=0,"",M30/(M27*100))) | N31: =IF(N30="","",IF(N30=0,"",N30/(N27*100))) -> 0.32608696 | O31: =IF(O30="","",IF(O30=0,"",O30/(O27*100))) | P31: =IF(P30="","",IF(P30=0,"",P30/(P27*100))) | Q31: =IF(Q30="","",IF(Q30=0,"",Q30/(Q27*100))) | R31: =IF(R30="","",IF(R30=0,"",R30/(R27*100))) | S31: =IF(S30="","",IF(S30=0,"",S30/(S27*100))) | ... AS31: =IF(AS30="","",IF(AS30=0,"",AS30/(AS27*100)))
A32: 中央 | B32: 100円 | C32: 1486 | D32: 1486 | E32: 1486 | F32: 1486 | G32: 1542 | H32: 1542 | I32: 1542 | J32: 1542 | K32: 1583 | L32: =IF(L$8="","",K32) -> 1583 | M32: =IF(M$8="","",L32) -> 1583 | N32: 1620 | O32: =IF(O$8="","",N32) | P32: =IF(P$8="","",O32) | Q32: =IF(Q$8="","",P32) | R32: =IF(R$8="","",Q32) | S32: =IF(S$8="","",R32) | T32: =IF(T$8="","",S32) | U32: =IF(U$8="","",T32) | V32: =IF(V$8="","",U32) | ... AS32: =IF(AS$8="","",AR32)
A33: =A21 -> BUZZ＃1 | B33: プライズ | C33: 14 | D33: 14 | E33: 14 | F33: 14 | G33: 14 | H33: 14 | I33: 14 | J33: 14 | K33: 15 | L33: =IF(L$8="","",K33) -> 15 | M33: =IF(M$8="","",L33) -> 15 | N33: =IF(N$8="","",M33) -> 15 | O33: =IF(O$8="","",N33) | P33: =IF(P$8="","",O33) | Q33: =IF(Q$8="","",P33) | R33: =IF(R$8="","",Q33) | S33: =IF(S$8="","",R33) | ... AO33: =IF(AO$8="","",AN33) | AP33: =IF(天文館!AP$8="","",AO33) | AQ33: =IF(天文館!AQ$8="","",AP33) | AR33: =IF(天文館!AR$8="","",AQ33) | AS33: =IF(天文館!AS$8="","",AR33)
A34: 3 | B34: 投入残 | C34: 11 | D34: 11 | E34: 11 | F34: 11 | G34: 11 | H34: 11 | I34: 11 | J34: 11 | K34: 10 | L34: =IF(L32="","",(K34+K35)) -> 10 | M34: =IF(M32="","",(L34+L35)) -> 10 | N34: =IF(N32="","",(M34+M35)) -> 10 | O34: =IF(O32="","",(N34+N35)) | P34: =IF(P32="","",(O34+O35)) | Q34: =IF(Q32="","",(P34+P35)) | R34: =IF(R32="","",(Q34+Q35)) | S34: =IF(S32="","",(R34+R35)) | ... AS34: =IF(AS32="","",(AR34+AR35))
B35: 補充
B36: 単価 | C36: 400 | D36: 400 | E36: 400 | F36: 400 | G36: 400 | H36: 400 | I36: 400 | J36: 400 | K36: 400 | L36: =IF(L32="","",K36) -> 400 | M36: =IF(M32="","",L36) -> 400 | N36: =IF(N32="","",M36) -> 400 | O36: =IF(O32="","",N36) | P36: =IF(P32="","",O36) | Q36: =IF(Q32="","",P36) | R36: =IF(R32="","",Q36) | S36: =IF(S32="","",R36) | ... AS36: =IF(AS32="","",AR36)
A37: 月間予想 | B37: 景品名 | C37: たまごっちマスコット | D37: たまごっちマスコット | E37: たまごっちマスコット | F37: たまごっちマスコット | G37: たまごっちマスコット | H37: たまごっちマスコット | I37: たまごっちマスコット | J37: たまごっちマスコット | K37: たまごっちマスコット | L37: =IF(L32="","",K37) -> たまごっちマスコット | M37: =IF(M32="","",L37) -> たまごっちマスコット | N37: =IF(N32="","",M37) -> たまごっちマスコット | O37: =IF(O32="","",N37) | P37: =IF(P32="","",O37) | Q37: =IF(Q32="","",P37) | R37: =IF(R32="","",Q37) | S37: =IF(S32="","",R37) | ... AS37: =IF(AS32="","",AR37)
A38: =AVERAGE(C39:AS39)*30*100 -> 33500 | B38: 設定
A39: =SUM(C39:AS39) -> 134 | B39: 百差 | C39: 0 | D39: 0 | E39: 0 | F39: 0 | G39: 56 | H39: 0 | I39: 0 | J39: 0 | K39: 41 | L39: =IF(L32="","",L32-K32) -> 0 | M39: =IF(M32="","",M32-L32) -> 0 | N39: =IF(N32="","",N32-M32) -> 37 | O39: =IF(O32="","",O32-N32) | P39: =IF(P32="","",P32-O32) | Q39: =IF(Q32="","",Q32-P32) | R39: =IF(R32="","",R32-Q32) | S39: =IF(S32="","",S32-R32) | ... AS39: =IF(AS32="","",AS32-AR32)
A40: =SUM(C40:AS40) -> 1 | B40: P差 | C40: 0 | D40: 0 | E40: 0 | F40: 0 | G40: 0 | H40: 0 | I40: 0 | J40: 0 | K40: 1 | L40: =IF(L33="","",L33-K33) -> 0 | M40: =IF(M33="","",M33-L33) -> 0 | N40: =IF(N33="","",N33-M33) -> 0 | O40: =IF(O33="","",O33-N33) | P40: =IF(P33="","",P33-O33) | Q40: =IF(Q33="","",Q33-P33) | R40: =IF(R33="","",R33-Q33) | S40: =IF(S33="","",S33-R33) | ... AS40: =IF(AS33="","",AS33-AR33)
A41: =SUM(C41:AS41) -> 1 | B41: 払出 | C41: 0 | D41: 0 | E41: 0 | F41: 0 | G41: 0 | H41: 0 | I41: 0 | J41: 0 | K41: 1 | L41: =IF(L34="","",K34+K35-L34) -> 0 | M41: =IF(M34="","",L34+L35-M34) -> 0 | N41: =IF(N34="","",M34+M35-N34) -> 0 | O41: =IF(O34="","",N34+N35-O34) | P41: =IF(P34="","",O34+O35-P34) | Q41: =IF(Q34="","",P34+P35-Q34) | R41: =IF(R34="","",Q34+Q35-R34) | S41: =IF(S34="","",R34+R35-S34) | ... AS41: =IF(AS34="","",AR34+AR35-AS34)
A42: =SUM(C42:AS42) -> 400 | B42: 払出額 | C42: 0 | D42: 0 | E42: 0 | F42: 0 | G42: 0 | H42: 0 | I42: 0 | J42: 0 | K42: 400 | L42: =IF(L32="","",L41*L36) -> 0 | M42: =IF(M32="","",M41*M36) -> 0 | N42: =IF(N32="","",N41*N36) -> 0 | O42: =IF(O32="","",O41*O36) | P42: =IF(P32="","",P41*P36) | Q42: =IF(Q32="","",Q41*Q36) | R42: =IF(R32="","",R41*R36) | S42: =IF(S32="","",S41*S36) | ... AS42: =IF(AS32="","",AS41*AS36)
A43: =IF(A42="","",A42/(A39*100)) -> 0.029850746 | B43: 原価率 | K43: 0.097560976 | L43: =IF(L42="","",IF(L42=0,"",L42/(L39*100))) | M43: =IF(M42="","",IF(M42=0,"",M42/(M39*100))) | N43: =IF(N42="","",IF(N42=0,"",N42/(N39*100))) | O43: =IF(O42="","",IF(O42=0,"",O42/(O39*100))) | P43: =IF(P42="","",IF(P42=0,"",P42/(P39*100))) | Q43: =IF(Q42="","",IF(Q42=0,"",Q42/(Q39*100))) | R43: =IF(R42="","",IF(R42=0,"",R42/(R39*100))) | S43: =IF(S42="","",IF(S42=0,"",S42/(S39*100))) | ... AS43: =IF(AS42="","",IF(AS42=0,"",AS42/(AS39*100)))
A44: 中央 | B44: 100円 | C44: 873 | D44: 873 | E44: 873 | F44: 873 | G44: 918 | H44: 918 | I44: 918 | J44: 918 | K44: 927 | L44: =IF(L$8="","",K44) -> 927 | M44: =IF(M$8="","",L44) -> 927 | N44: 980 | O44: =IF(O$8="","",N44) | P44: =IF(P$8="","",O44) | Q44: =IF(Q$8="","",P44) | R44: =IF(R$8="","",Q44) | S44: =IF(S$8="","",R44) | T44: =IF(T$8="","",S44) | U44: =IF(U$8="","",T44) | V44: =IF(V$8="","",U44) | ... AS44: =IF(AS$8="","",AR44)
A45: =A33 -> BUZZ＃1 | B45: プライズ | C45: 23 | D45: 23 | E45: 23 | F45: 23 | G45: 24 | H45: 24 | I45: 24 | J45: 24 | K45: 24 | L45: =IF(L$8="","",K45) -> 24 | M45: =IF(M$8="","",L45) -> 24 | N45: 26 | O45: =IF(O$8="","",N45) | P45: =IF(P$8="","",O45) | Q45: =IF(Q$8="","",P45) | R45: =IF(R$8="","",Q45) | S45: =IF(S$8="","",R45) | T45: =IF(T$8="","",S45) | U45: =IF(U$8="","",T45) | V45: =IF(V$8="","",U45) | ... AO45: =IF(AO$8="","",AN45) | AP45: =IF(天文館!AP$8="","",AO45) | AQ45: =IF(天文館!AQ$8="","",AP45) | AR45: =IF(天文館!AR$8="","",AQ45) | AS45: =IF(天文館!AS$8="","",AR45)
A46: 4 | B46: 投入残 | C46: 9 | D46: 9 | E46: 9 | F46: 9 | G46: 8 | H46: 8 | I46: 8 | J46: 8 | K46: 8 | L46: =IF(L44="","",(K46+K47)) -> 8 | M46: =IF(M44="","",(L46+L47)) -> 8 | N46: 7 | O46: =IF(O44="","",(N46+N47)) | P46: =IF(P44="","",(O46+O47)) | Q46: =IF(Q44="","",(P46+P47)) | R46: =IF(R44="","",(Q46+Q47)) | S46: =IF(S44="","",(R46+R47)) | T46: =IF(T44="","",(S46+S47)) | U46: =IF(U44="","",(T46+T47)) | V46: =IF(V44="","",(U46+U47)) | ... AS46: =IF(AS44="","",(AR46+AR47))
B47: 補充 | N47: 8
B48: 単価 | C48: 820 | D48: 820 | E48: 820 | F48: 820 | G48: 820 | H48: 820 | I48: 820 | J48: 820 | K48: 820 | L48: =IF(L44="","",K48) -> 820 | M48: =IF(M44="","",L48) -> 820 | N48: =IF(N44="","",M48) -> 820 | O48: =IF(O44="","",N48) | P48: =IF(P44="","",O48) | Q48: =IF(Q44="","",P48) | R48: =IF(R44="","",Q48) | S48: =IF(S44="","",R48) | ... AS48: =IF(AS44="","",AR48)
A49: 月間予想 | B49: 景品名 | C49: フルーツスクイーズ | D49: フルーツスクイーズ | E49: フルーツスクイーズ | F49: フルーツスクイーズ | G49: フルーツスクイーズ | H49: フルーツスクイーズ | I49: フルーツスクイーズ | J49: フルーツスクイーズ | K49: フルーツスクイーズ | L49: =IF(L44="","",K49) -> フルーツスクイーズ | M49: =IF(M44="","",L49) -> フルーツスクイーズ | N49: =IF(N44="","",M49) -> フルーツスクイーズ | O49: =IF(O44="","",N49) | P49: =IF(P44="","",O49) | Q49: =IF(Q44="","",P49) | R49: =IF(R44="","",Q49) | S49: =IF(S44="","",R49) | ... AS49: =IF(AS44="","",AR49)
A50: =AVERAGE(C51:AS51)*30*100 -> 26750 | B50: 設定
A51: =SUM(C51:AS51) -> 107 | B51: 百差 | C51: 0 | D51: 0 | E51: 0 | F51: 0 | G51: 45 | H51: 0 | I51: 0 | J51: 0 | K51: 9 | L51: =IF(L44="","",L44-K44) -> 0 | M51: =IF(M44="","",M44-L44) -> 0 | N51: =IF(N44="","",N44-M44) -> 53 | O51: =IF(O44="","",O44-N44) | P51: =IF(P44="","",P44-O44) | Q51: =IF(Q44="","",Q44-P44) | R51: =IF(R44="","",R44-Q44) | S51: =IF(S44="","",S44-R44) | ... AS51: =IF(AS44="","",AS44-AR44)
A52: =SUM(C52:AS52) -> 3 | B52: P差 | C52: 0 | D52: 0 | E52: 0 | F52: 0 | G52: 1 | H52: 0 | I52: 0 | J52: 0 | K52: 0 | L52: =IF(L45="","",L45-K45) -> 0 | M52: =IF(M45="","",M45-L45) -> 0 | N52: =IF(N45="","",N45-M45) -> 2 | O52: =IF(O45="","",O45-N45) | P52: =IF(P45="","",P45-O45) | Q52: =IF(Q45="","",Q45-P45) | R52: =IF(R45="","",R45-Q45) | S52: =IF(S45="","",S45-R45) | ... AS52: =IF(AS45="","",AS45-AR45)
A53: =SUM(C53:AS53) -> 2 | B53: 払出 | C53: 0 | D53: 0 | E53: 0 | F53: 0 | G53: 1 | H53: 0 | I53: 0 | J53: 0 | K53: 0 | L53: =IF(L46="","",K46+K47-L46) -> 0 | M53: =IF(M46="","",L46+L47-M46) -> 0 | N53: =IF(N46="","",M46+M47-N46) -> 1 | O53: =IF(O46="","",N46+N47-O46) | P53: =IF(P46="","",O46+O47-P46) | Q53: =IF(Q46="","",P46+P47-Q46) | R53: =IF(R46="","",Q46+Q47-R46) | S53: =IF(S46="","",R46+R47-S46) | ... AS53: =IF(AS46="","",AR46+AR47-AS46)
A54: =SUM(C54:AS54) -> 1640 | B54: 払出額 | C54: 0 | D54: 0 | E54: 0 | F54: 0 | G54: 820 | H54: 0 | I54: 0 | J54: 0 | K54: 0 | L54: =IF(L44="","",L53*L48) -> 0 | M54: =IF(M44="","",M53*M48) -> 0 | N54: =IF(N44="","",N53*N48) -> 820 | O54: =IF(O44="","",O53*O48) | P54: =IF(P44="","",P53*P48) | Q54: =IF(Q44="","",Q53*Q48) | R54: =IF(R44="","",R53*R48) | S54: =IF(S44="","",S53*S48) | ... AS54: =IF(AS44="","",AS53*AS48)
A55: =IF(A54="","",A54/(A51*100)) -> 0.15327103 | B55: 原価率 | G55: 0.18222222 | L55: =IF(L54="","",IF(L54=0,"",L54/(L51*100))) | M55: =IF(M54="","",IF(M54=0,"",M54/(M51*100))) | N55: =IF(N54="","",IF(N54=0,"",N54/(N51*100))) -> 0.15471698 | O55: =IF(O54="","",IF(O54=0,"",O54/(O51*100))) | P55: =IF(P54="","",IF(P54=0,"",P54/(P51*100))) | Q55: =IF(Q54="","",IF(Q54=0,"",Q54/(Q51*100))) | R55: =IF(R54="","",IF(R54=0,"",R54/(R51*100))) | S55: =IF(S54="","",IF(S54=0,"",S54/(S51*100))) | ... AS55: =IF(AS54="","",IF(AS54=0,"",AS54/(AS51*100)))
A56: 中央 | B56: 100円 | C56: 491 | D56: 491 | E56: 491 | F56: 491 | G56: 510 | H56: 510 | I56: 510 | J56: 510 | K56: 531 | L56: =IF(L$8="","",K56) -> 531 | M56: =IF(M$8="","",L56) -> 531 | N56: 547 | O56: =IF(O$8="","",N56) | P56: =IF(P$8="","",O56) | Q56: =IF(Q$8="","",P56) | R56: =IF(R$8="","",Q56) | S56: =IF(S$8="","",R56) | T56: =IF(T$8="","",S56) | U56: =IF(U$8="","",T56) | V56: =IF(V$8="","",U56) | ... AS56: =IF(AS$8="","",AR56)
A57: BUZZ＃2 | B57: プライズ | C57: 10 | D57: 10 | E57: 10 | F57: 10 | G57: 11 | H57: 11 | I57: 11 | J57: 11 | K57: 11 | L57: =IF(L$8="","",K57) -> 11 | M57: =IF(M$8="","",L57) -> 11 | N57: 11 | O57: =IF(O$8="","",N57) | P57: =IF(P$8="","",O57) | Q57: =IF(Q$8="","",P57) | R57: =IF(R$8="","",Q57) | S57: =IF(S$8="","",R57) | T57: =IF(T$8="","",S57) | U57: =IF(U$8="","",T57) | V57: =IF(V$8="","",U57) | ... AO57: =IF(AO$8="","",AN57) | AP57: =IF(天文館!AP$8="","",AO57) | AQ57: =IF(天文館!AQ$8="","",AP57) | AR57: =IF(天文館!AR$8="","",AQ57) | AS57: =IF(天文館!AS$8="","",AR57)
A58: 1 | B58: 投入残 | C58: 9 | D58: 9 | E58: 9 | F58: 9 | G58: 9 | H58: 9 | I58: 9 | J58: 9 | K58: 9 | L58: =IF(L56="","",(K58+K59)) -> 9 | M58: =IF(M56="","",(L58+L59)) -> 9 | N58: =IF(N56="","",(M58+M59)) -> 9 | O58: =IF(O56="","",(N58+N59)) | P58: =IF(P56="","",(O58+O59)) | Q58: =IF(Q56="","",(P58+P59)) | R58: =IF(R56="","",(Q58+Q59)) | S58: =IF(S56="","",(R58+R59)) | ... AS58: =IF(AS56="","",(AR58+AR59))
A59: 機械合計 | B59: 補充
A60: =+(A63+A75+A87+A99)*100 -> 32100 | B60: 単価 | C60: 750 | D60: 750 | E60: 750 | F60: 750 | G60: 750 | H60: 750 | I60: 750 | J60: 750 | K60: 750 | L60: =IF(L56="","",K60) -> 750 | M60: =IF(M56="","",L60) -> 750 | N60: =IF(N56="","",M60) -> 750 | O60: =IF(O56="","",N60) | P60: =IF(P56="","",O60) | Q60: =IF(Q56="","",P60) | R60: =IF(R56="","",Q60) | S60: =IF(S56="","",R60) | ... AS60: =IF(AS56="","",AR60)
A61: 月間予想 | B61: 景品名 | C61: ベアブリック | D61: ベアブリック | E61: ベアブリック | F61: ベアブリック | G61: ベアブリック | H61: ベアブリック | I61: ベアブリック | J61: ベアブリック | K61: ベアブリック | L61: =IF(L56="","",K61) -> ベアブリック | M61: =IF(M56="","",L61) -> ベアブリック | N61: =IF(N56="","",M61) -> ベアブリック | O61: =IF(O56="","",N61) | P61: =IF(P56="","",O61) | Q61: =IF(Q56="","",P61) | R61: =IF(R56="","",Q61) | S61: =IF(S56="","",R61) | ... AS61: =IF(AS56="","",AR61)
A62: =AVERAGE(C63:AS63)*30*100 -> 14000 | B62: 設定
A63: =SUM(C63:AS63) -> 56 | B63: 百差 | C63: 0 | D63: 0 | E63: 0 | F63: 0 | G63: 19 | H63: 0 | I63: 0 | J63: 0 | K63: 21 | L63: =IF(L56="","",L56-K56) -> 0 | M63: =IF(M56="","",M56-L56) -> 0 | N63: =IF(N56="","",N56-M56) -> 16 | O63: =IF(O56="","",O56-N56) | P63: =IF(P56="","",P56-O56) | Q63: =IF(Q56="","",Q56-P56) | R63: =IF(R56="","",R56-Q56) | S63: =IF(S56="","",S56-R56) | ... AS63: =IF(AS56="","",AS56-AR56)
A64: =SUM(C64:AS64) -> 1 | B64: P差 | C64: 0 | D64: 0 | E64: 0 | F64: 0 | G64: 1 | H64: 0 | I64: 0 | J64: 0 | K64: 0 | L64: =IF(L57="","",L57-K57) -> 0 | M64: =IF(M57="","",M57-L57) -> 0 | N64: =IF(N57="","",N57-M57) -> 0 | O64: =IF(O57="","",O57-N57) | P64: =IF(P57="","",P57-O57) | Q64: =IF(Q57="","",Q57-P57) | R64: =IF(R57="","",R57-Q57) | S64: =IF(S57="","",S57-R57) | ... AS64: =IF(AS57="","",AS57-AR57)
A65: =SUM(C65:AS65) -> 0 | B65: 払出 | C65: 0 | D65: 0 | E65: 0 | F65: 0 | G65: 0 | H65: 0 | I65: 0 | J65: 0 | K65: 0 | L65: =IF(L58="","",K58+K59-L58) -> 0 | M65: =IF(M58="","",L58+L59-M58) -> 0 | N65: =IF(N58="","",M58+M59-N58) -> 0 | O65: =IF(O58="","",N58+N59-O58) | P65: =IF(P58="","",O58+O59-P58) | Q65: =IF(Q58="","",P58+P59-Q58) | R65: =IF(R58="","",Q58+Q59-R58) | S65: =IF(S58="","",R58+R59-S58) | ... AS65: =IF(AS58="","",AR58+AR59-AS58)
A66: =SUM(C66:AS66) -> 0 | B66: 払出額 | C66: 0 | D66: 0 | E66: 0 | F66: 0 | G66: 0 | H66: 0 | I66: 0 | J66: 0 | K66: 0 | L66: =IF(L56="","",L65*L60) -> 0 | M66: =IF(M56="","",M65*M60) -> 0 | N66: =IF(N56="","",N65*N60) -> 0 | O66: =IF(O56="","",O65*O60) | P66: =IF(P56="","",P65*P60) | Q66: =IF(Q56="","",Q65*Q60) | R66: =IF(R56="","",R65*R60) | S66: =IF(S56="","",S65*S60) | ... AS66: =IF(AS56="","",AS65*AS60)
A67: =IF(A66="","",A66/(A63*100)) -> 0 | B67: 原価率 | L67: =IF(L66="","",IF(L66=0,"",L66/(L63*100))) | M67: =IF(M66="","",IF(M66=0,"",M66/(M63*100))) | N67: =IF(N66="","",IF(N66=0,"",N66/(N63*100))) | O67: =IF(O66="","",IF(O66=0,"",O66/(O63*100))) | P67: =IF(P66="","",IF(P66=0,"",P66/(P63*100))) | Q67: =IF(Q66="","",IF(Q66=0,"",Q66/(Q63*100))) | R67: =IF(R66="","",IF(R66=0,"",R66/(R63*100))) | S67: =IF(S66="","",IF(S66=0,"",S66/(S63*100))) | ... AS67: =IF(AS66="","",IF(AS66=0,"",AS66/(AS63*100)))
A68: 中央 | B68: 100円 | C68: 1181 | D68: 1181 | E68: 1181 | F68: 1181 | G68: 1237 | H68: 1237 | I68: 1237 | J68: 1237 | K68: 1257 | L68: =IF(L$8="","",K68) -> 1257 | M68: =IF(M$8="","",L68) -> 1257 | N68: 1274 | O68: =IF(O$8="","",N68) | P68: =IF(P$8="","",O68) | Q68: =IF(Q$8="","",P68) | R68: =IF(R$8="","",Q68) | S68: =IF(S$8="","",R68) | T68: =IF(T$8="","",S68) | U68: =IF(U$8="","",T68) | V68: =IF(V$8="","",U68) | ... AS68: =IF(AS$8="","",AR68)
A69: =A57 -> BUZZ＃2 | B69: プライズ | C69: 17 | D69: 17 | E69: 17 | F69: 17 | G69: 19 | H69: 19 | I69: 19 | J69: 19 | K69: 20 | L69: =IF(L$8="","",K69) -> 20 | M69: =IF(M$8="","",L69) -> 20 | N69: =IF(N$8="","",M69) -> 20 | O69: =IF(O$8="","",N69) | P69: =IF(P$8="","",O69) | Q69: =IF(Q$8="","",P69) | R69: =IF(R$8="","",Q69) | S69: =IF(S$8="","",R69) | ... AO69: =IF(AO$8="","",AN69) | AP69: =IF(天文館!AP$8="","",AO69) | AQ69: =IF(天文館!AQ$8="","",AP69) | AR69: =IF(天文館!AR$8="","",AQ69) | AS69: =IF(天文館!AS$8="","",AR69)
A70: 2 | B70: 投入残 | C70: 15 | D70: 15 | E70: 15 | F70: 15 | G70: 12 | H70: 12 | I70: 12 | J70: 12 | K70: 11 | L70: =IF(L68="","",(K70+K71)) -> 11 | M70: =IF(M68="","",(L70+L71)) -> 11 | N70: =IF(N68="","",(M70+M71)) -> 11 | O70: =IF(O68="","",(N70+N71)) | P70: =IF(P68="","",(O70+O71)) | Q70: =IF(Q68="","",(P70+P71)) | R70: =IF(R68="","",(Q70+Q71)) | S70: =IF(S68="","",(R70+R71)) | ... AS70: =IF(AS68="","",(AR70+AR71))
B71: 補充
