Workbook

Sheet 鹿屋
A1: =SUM(A57,A69,A81,A93,A9,A21,A33,A45,A201,A213,A225,A237,A105,A117,A129,A141,A153,A165,A177,A189,A249,A261) -> 1273333.3 | B1: 日付 | C1: 46100 | D1: =C1+1 -> 46101 | E1: =D1+1 -> 46102 | F1: =E1+1 -> 46103 | G1: =F1+1 -> 46104 | H1: =G1+1 -> 46105 | I1: =H1+1 -> 46106 | J1: =I1+1 -> 46107 | K1: =J1+1 -> 46108 | ... AS1: =AR1+1 -> 46142
B2: =SUM(C2:AO2) -> 7640 | C2: 0 | D2: =SUM(D58,D70,D82,D94,D10,D22,D34,D46,D202,D214,D226,D238,D190,D178,D166,D154,D142,D130,D118,D106,D250,D262) -> 0 | E2: =SUM(E58,E70,E82,E94,E10,E22,E34,E46,E202,E214,E226,E238,E190,E178,E166,E154,E142,E130,E118,E106,E250,E262) -> 0 | F2: =SUM(F58,F70,F82,F94,F10,F22,F34,F46,F202,F214,F226,F238,F190,F178,F166,F154,F142,F130,F118,F106,F250,F262) -> 2122 | G2: =SUM(G58,G70,G82,G94,G10,G22,G34,G46,G202,G214,G226,G238,G190,G178,G166,G154,G142,G130,G118,G106,G250,G262) -> 0 | H2: =SUM(H58,H70,H82,H94,H10,H22,H34,H46,H202,H214,H226,H238,H190,H178,H166,H154,H142,H130,H118,H106,H250,H262) -> 0 | I2: =SUM(I58,I70,I82,I94,I10,I22,I34,I46,I202,I214,I226,I238,I190,I178,I166,I154,I142,I130,I118,I106,I250,I262) -> 0 | J2: =SUM(J58,J70,J82,J94,J10,J22,J34,J46,J202,J214,J226,J238,J190,J178,J166,J154,J142,J130,J118,J106,J250,J262) -> 1355 | K2: =SUM(K58,K70,K82,K94,K10,K22,K34,K46,K202,K214,K226,K238,K190,K178,K166,K154,K142,K130,K118,K106,K250,K262) -> 0 | ... AS2: =SUM(AS58,AS70,AS82,AS94,AS10,AS22,AS34,AS46,AS202,AS214,AS226,AS238,AS190,AS178,AS166,AS154,AS142,AS130,AS118,AS106,AS250,AS262) -> 0
A3: 鹿屋 | B3: 100円 | C3: 4201 | D3: 4201 | E3: 4201 | F3: 4281 | G3: 4281 | H3: 4281 | I3: 4281 | J3: 4387 | K3: 4387 | L3: 4387 | M3: 4485 | N3: 4485 | O3: 4485 | P3: 4485 | Q3: 4534 | R3: 4534 | S3: 4534 | T3: 4595
A4: BUZZ＃１ | B4: プライズ | C4: 292 | D4: =IF(D3="","",C4) -> 292 | E4: =IF(E3="","",D4) -> 292 | F4: 296 | G4: =IF(G3="","",F4) -> 296 | H4: =IF(H3="","",G4) -> 296 | I4: =IF(I3="","",H4) -> 296 | J4: 298 | K4: =IF(K3="","",J4) -> 298 | L4: =IF(L3="","",K4) -> 298 | M4: 300 | N4: =IF(N3="","",M4) -> 300 | O4: =IF(O3="","",N4) -> 300 | P4: =IF(P3="","",O4) -> 300 | Q4: 303 | R4: =IF(R3="","",Q4) -> 303 | S4: =IF(S3="","",R4) -> 303 | T4: 307 | U4: =IF(U3="","",T4) | V4: =IF(V3="","",U4) | W4: =IF(W3="","",V4) | X4: =IF(X3="","",W4) | Y4: =IF(Y3="","",X4) | Z4: =IF(Z3="","",Y4) | AA4: =IF(AA3="","",Z4) | AB4: =IF(AB3="","",AA4) | ... AS4: =IF(AS3="","",AR4)
A5: 1 | B5: 投入残 | C5: 15 | D5: =IF(D3="","",(C5+C6)) -> 15 | E5: =IF(E3="","",(D5+D6)) -> 15 | F5: 13 | G5: =IF(G3="","",(F5+F6)) -> 18 | H5: =IF(H3="","",(G5+G6)) -> 18 | I5: =IF(I3="","",(H5+H6)) -> 18 | J5: 16 | K5: =IF(K3="","",(J5+J6)) -> 21 | L5: =IF(L3="","",(K5+K6)) -> 21 | M5: 19 | N5: =IF(N3="","",(M5+M6)) -> 24 | O5: =IF(O3="","",(N5+N6)) -> 24 | P5: =IF(P3="","",(O5+O6)) -> 24 | Q5: 21 | R5: =IF(R3="","",(Q5+Q6)) -> 21 | S5: =IF(S3="","",(R5+R6)) -> 21 | T5: 17 | U5: =IF(U3="","",(T5+T6)) | V5: =IF(V3="","",(U5+U6)) | W5: =IF(W3="","",(V5+V6)) | X5: =IF(X3="","",(W5+W6)) | Y5: =IF(Y3="","",(X5+X6)) | Z5: =IF(Z3="","",(Y5+Y6)) | AA5: =IF(AA3="","",(Z5+Z6)) | AB5: =IF(AB3="","",(AA5+AA6)) | ... AS5: =IF(AS3="","",(AR5+AR6))
A6: 機械合計 | B6: 補充 | F6: 5 | J6: 5 | M6: 5 | T6: 8
A7: =+(A10+A22+A34+A46)*100 -> 139100 | B7: 単価 | C7: 500 | D7: =IF(D3="","",C7) -> 500 | E7: =IF(E3="","",D7) -> 500 | F7: =IF(F3="","",E7) -> 500 | G7: =IF(G3="","",F7) -> 500 | H7: =IF(H3="","",G7) -> 500 | I7: =IF(I3="","",H7) -> 500 | J7: =IF(J3="","",I7) -> 500 | K7: =IF(K3="","",J7) -> 500 | ... AS7: =IF(AS3="","",AR7)
A8: 月間予想 | B8: 景品名 | C8: 電ブル | D8: =IF(D3="","",C8) -> 電ブル | E8: =IF(E3="","",D8) -> 電ブル | F8: =IF(F3="","",E8) -> 電ブル | G8: =IF(G3="","",F8) -> 電ブル | H8: =IF(H3="","",G8) -> 電ブル | I8: =IF(I3="","",H8) -> 電ブル | J8: =IF(J3="","",I8) -> 電ブル | K8: =IF(K3="","",J8) -> 電ブル | ... AS8: =IF(AS3="","",AR8)
A9: =AVERAGE(C10:AS10)*30*100 -> 65666.667 | B9: 設定
A10: =SUM(C10:AS10) -> 394 | B10: 百差 | C10: 0 | D10: =IF(D3="","",D3-C3) -> 0 | E10: =IF(E3="","",E3-D3) -> 0 | F10: =IF(F3="","",F3-E3) -> 80 | G10: =IF(G3="","",G3-F3) -> 0 | H10: =IF(H3="","",H3-G3) -> 0 | I10: =IF(I3="","",I3-H3) -> 0 | J10: =IF(J3="","",J3-I3) -> 106 | K10: =IF(K3="","",K3-J3) -> 0 | ... AS10: =IF(AS3="","",AS3-AR3)
A11: =SUM(C11:AS11) -> 15 | B11: P差 | C11: 0 | D11: =IF(D4="","",D4-C4) -> 0 | E11: =IF(E4="","",E4-D4) -> 0 | F11: =IF(F4="","",F4-E4) -> 4 | G11: =IF(G4="","",G4-F4) -> 0 | H11: =IF(H4="","",H4-G4) -> 0 | I11: =IF(I4="","",I4-H4) -> 0 | J11: =IF(J4="","",J4-I4) -> 2 | K11: =IF(K4="","",K4-J4) -> 0 | ... AS11: =IF(AS4="","",AS4-AR4)
A12: =SUM(C12:AS12) -> 13 | B12: 払出 | C12: 0 | D12: =IF(D5="","",C5+C6-D5) -> 0 | E12: =IF(E5="","",D5+D6-E5) -> 0 | F12: =IF(F5="","",E5+E6-F5) -> 2 | G12: =IF(G5="","",F5+F6-G5) -> 0 | H12: =IF(H5="","",G5+G6-H5) -> 0 | I12: =IF(I5="","",H5+H6-I5) -> 0 | J12: =IF(J5="","",I5+I6-J5) -> 2 | K12: =IF(K5="","",J5+J6-K5) -> 0 | ... AS12: =IF(AS5="","",AR5+AR6-AS5)
A13: =SUM(C13:AS13) -> 6500 | B13: 払出額 | C13: 0 | D13: =IF(D3="","",D12*D7) -> 0 | E13: =IF(E3="","",E12*E7) -> 0 | F13: =IF(F3="","",F12*F7) -> 1000 | G13: =IF(G3="","",G12*G7) -> 0 | H13: =IF(H3="","",H12*H7) -> 0 | I13: =IF(I3="","",I12*I7) -> 0 | J13: =IF(J3="","",J12*J7) -> 1000 | K13: =IF(K3="","",K12*K7) -> 0 | ... AS13: =IF(AS3="","",AS12*AS7) | AT13: =
A14: =IF(A13="","",A13/(A10*100)) -> 0.16497462 | B14: 原価率 | D14: =IF(D13="","",IF(D13=0,"",D13/(D10*100))) | E14: =IF(E13="","",IF(E13=0,"",E13/(E10*100))) | F14: =IF(F13="","",IF(F13=0,"",F13/(F10*100))) -> 0.125 | G14: =IF(G13="","",IF(G13=0,"",G13/(G10*100))) | H14: =IF(H13="","",IF(H13=0,"",H13/(H10*100))) | I14: =IF(I13="","",IF(I13=0,"",I13/(I10*100))) | J14: =IF(J13="","",IF(J13=0,"",J13/(J10*100))) -> 0.094339623 | K14: =IF(K13="","",IF(K13=0,"",K13/(K10*100))) | ... AS14: =IF(AS13="","",IF(AS13=0,"",AS13/(AS10*100)))
A15: 鹿屋 | B15: 100円 | C15: 7200 | D15: =IF(D3="","",C15) -> 7200 | E15: =IF(E3="","",D15) -> 7200 | F15: 7258 | G15: =IF(G3="","",F15) -> 7258 | H15: =IF(H3="","",G15) -> 7258 | I15: =IF(I3="","",H15) -> 7258 | J15: 7328 | K15: =IF(K3="","",J15) -> 7328 | L15: =IF(L3="","",K15) -> 7328 | M15: 7353 | N15: =IF(N3="","",M15) -> 7353 | O15: =IF(O3="","",N15) -> 7353 | P15: =IF(P3="","",O15) -> 7353 | Q15: 7388 | R15: =IF(R3="","",Q15) -> 7388 | S15: =IF(S3="","",R15) -> 7388 | T15: 7420 | U15: =IF(U3="","",T15) | V15: =IF(V3="","",U15) | W15: =IF(W3="","",V15) | X15: =IF(X3="","",W15) | Y15: =IF(Y3="","",X15) | Z15: =IF(Z3="","",Y15) | AA15: =IF(AA3="","",Z15) | AB15: =IF(AB3="","",AA15) | ... AS15: =IF(AS3="","",AR15)
A16: BUZZ＃１ | B16: プライズ | C16: 313 | D16: =IF(D3="","",C16) -> 313 | E16: =IF(E3="","",D16) -> 313 | F16: =IF(F3="","",E16) -> 313 | G16: =IF(G3="","",F16) -> 313 | H16: =IF(H3="","",G16) -> 313 | I16: =IF(I3="","",H16) -> 313 | J16: =IF(J3="","",I16) -> 313 | K16: =IF(K3="","",J16) -> 313 | L16: =IF(L3="","",K16) -> 313 | M16: 314 | N16: =IF(N3="","",M16) -> 314 | O16: =IF(O3="","",N16) -> 314 | P16: =IF(P3="","",O16) -> 314 | Q16: =IF(Q3="","",P16) -> 314 | R16: =IF(R3="","",Q16) -> 314 | S16: =IF(S3="","",R16) -> 314 | T16: =IF(T3="","",S16) -> 314 | U16: =IF(U3="","",T16) | ... AS16: =IF(AS3="","",AR16)
A17: 2 | B17: 投入残 | C17: 3 | D17: =IF(D15="","",(C17+C18)) -> 3 | E17: =IF(E15="","",(D17+D18)) -> 3 | F17: =IF(F15="","",(E17+E18)) -> 3 | G17: =IF(G15="","",(F17+F18)) -> 3 | H17: =IF(H15="","",(G17+G18)) -> 3 | I17: =IF(I15="","",(H17+H18)) -> 3 | J17: =IF(J15="","",(I17+I18)) -> 3 | K17: =IF(K15="","",(J17+J18)) -> 3 | L17: =IF(L15="","",(K17+K18)) -> 3 | M17: 2 | N17: =IF(N15="","",(M17+M18)) -> 2 | O17: =IF(O15="","",(N17+N18)) -> 2 | P17: =IF(P15="","",(O17+O18)) -> 2 | Q17: =IF(Q15="","",(P17+P18)) -> 2 | R17: =IF(R15="","",(Q17+Q18)) -> 2 | S17: =IF(S15="","",(R17+R18)) -> 2 | T17: =IF(T15="","",(S17+S18)) -> 2 | U17: =IF(U15="","",(T17+T18)) | ... AS17: =IF(AS15="","",(AR17+AR18))
B18: 補充
B19: 単価 | C19: 750 | D19: =IF(D15="","",C19) -> 750 | E19: =IF(E15="","",D19) -> 750 | F19: =IF(F15="","",E19) -> 750 | G19: =IF(G15="","",F19) -> 750 | H19: =IF(H15="","",G19) -> 750 | I19: =IF(I15="","",H19) -> 750 | J19: =IF(J15="","",I19) -> 750 | K19: =IF(K15="","",J19) -> 750 | ... AS19: =IF(AS15="","",AR19)
A20: 月間予想 | B20: 景品名 | C20: スンスンフェイスポーチ | D20: =IF(D15="","",C20) -> スンスンフェイスポーチ | E20: =IF(E15="","",D20) -> スンスンフェイスポーチ | F20: =IF(F15="","",E20) -> スンスンフェイスポーチ | G20: =IF(G15="","",F20) -> スンスンフェイスポーチ | H20: =IF(H15="","",G20) -> スンスンフェイスポーチ | I20: =IF(I15="","",H20) -> スンスンフェイスポーチ | J20: =IF(J15="","",I20) -> スンスンフェイスポーチ | K20: =IF(K15="","",J20) -> スンスンフェイスポーチ | ... AS20: =IF(AS15="","",AR20)
A21: =AVERAGE(C22:AS22)*30*100 -> 36666.667 | B21: 設定
A22: =SUM(C22:AS22) -> 220 | B22: 百差 | C22: 0 | D22: =IF(D15="","",D15-C15) -> 0 | E22: =IF(E15="","",E15-D15) -> 0 | F22: =IF(F15="","",F15-E15) -> 58 | G22: =IF(G15="","",G15-F15) -> 0 | H22: =IF(H15="","",H15-G15) -> 0 | I22: =IF(I15="","",I15-H15) -> 0 | J22: =IF(J15="","",J15-I15) -> 70 | K22: =IF(K15="","",K15-J15) -> 0 | ... AS22: =IF(AS15="","",AS15-AR15)
A23: =SUM(C23:AS23) -> 1 | B23: P差 | C23: 0 | D23: =IF(D16="","",D16-C16) -> 0 | E23: =IF(E16="","",E16-D16) -> 0 | F23: =IF(F16="","",F16-E16) -> 0 | G23: =IF(G16="","",G16-F16) -> 0 | H23: =IF(H16="","",H16-G16) -> 0 | I23: =IF(I16="","",I16-H16) -> 0 | J23: =IF(J16="","",J16-I16) -> 0 | K23: =IF(K16="","",K16-J16) -> 0 | ... AS23: =IF(AS16="","",AS16-AR16)
A24: =SUM(C24:AS24) -> 1 | B24: 払出 | C24: 0 | D24: =IF(D17="","",C17+C18-D17) -> 0 | E24: =IF(E17="","",D17+D18-E17) -> 0 | F24: =IF(F17="","",E17+E18-F17) -> 0 | G24: =IF(G17="","",F17+F18-G17) -> 0 | H24: =IF(H17="","",G17+G18-H17) -> 0 | I24: =IF(I17="","",H17+H18-I17) -> 0 | J24: =IF(J17="","",I17+I18-J17) -> 0 | K24: =IF(K17="","",J17+J18-K17) -> 0 | ... AS24: =IF(AS17="","",AR17+AR18-AS17)
A25: =SUM(C25:AS25) -> 750 | B25: 払出額 | C25: 0 | D25: =IF(D15="","",D24*D19) -> 0 | E25: =IF(E15="","",E24*E19) -> 0 | F25: =IF(F15="","",F24*F19) -> 0 | G25: =IF(G15="","",G24*G19) -> 0 | H25: =IF(H15="","",H24*H19) -> 0 | I25: =IF(I15="","",I24*I19) -> 0 | J25: =IF(J15="","",J24*J19) -> 0 | K25: =IF(K15="","",K24*K19) -> 0 | ... AS25: =IF(AS15="","",AS24*AS19)
A26: =IF(A25="","",A25/(A22*100)) -> 0.034090909 | B26: 原価率 | D26: =IF(D25="","",IF(D25=0,"",D25/(D22*100))) | E26: =IF(E25="","",IF(E25=0,"",E25/(E22*100))) | F26: =IF(F25="","",IF(F25=0,"",F25/(F22*100))) | G26: =IF(G25="","",IF(G25=0,"",G25/(G22*100))) | H26: =IF(H25="","",IF(H25=0,"",H25/(H22*100))) | I26: =IF(I25="","",IF(I25=0,"",I25/(I22*100))) | J26: =IF(J25="","",IF(J25=0,"",J25/(J22*100))) | K26: =IF(K25="","",IF(K25=0,"",K25/(K22*100))) | ... AS26: =IF(AS25="","",IF(AS25=0,"",AS25/(AS22*100)))
A27: 鹿屋 | B27: 100円 | C27: 5365 | D27: =IF(D3="","",C27) -> 5365 | E27: =IF(E3="","",D27) -> 5365 | F27: 5558 | G27: =IF(G3="","",F27) -> 5558 | H27: =IF(H3="","",G27) -> 5558 | I27: =IF(I3="","",H27) -> 5558 | J27: 5686 | K27: =IF(K3="","",J27) -> 5686 | L27: =IF(L3="","",K27) -> 5686 | M27: 5777 | N27: =IF(N3="","",M27) -> 5777 | O27: =IF(O3="","",N27) -> 5777 | P27: =IF(P3="","",O27) -> 5777 | Q27: 5884 | R27: =IF(R3="","",Q27) -> 5884 | S27: =IF(S3="","",R27) -> 5884 | T27: 5977 | U27: =IF(U3="","",T27) | V27: =IF(V3="","",U27) | W27: =IF(W3="","",V27) | X27: =IF(X3="","",W27) | Y27: =IF(Y3="","",X27) | Z27: =IF(Z3="","",Y27) | AA27: =IF(AA3="","",Z27) | AB27: =IF(AB3="","",AA27) | ... AS27: =IF(AS3="","",AR27)
A28: BUZZ＃１ | B28: プライズ | C28: 378 | D28: =IF(D3="","",C28) -> 378 | E28: =IF(E3="","",D28) -> 378 | F28: =IF(F3="","",E28) -> 378 | G28: =IF(G3="","",F28) -> 378 | H28: =IF(H3="","",G28) -> 378 | I28: =IF(I3="","",H28) -> 378 | J28: 379 | K28: =IF(K3="","",J28) -> 379 | L28: =IF(L3="","",K28) -> 379 | M28: =IF(M3="","",L28) -> 379 | N28: =IF(N3="","",M28) -> 379 | O28: =IF(O3="","",N28) -> 379 | P28: =IF(P3="","",O28) -> 379 | Q28: =IF(Q3="","",P28) -> 379 | R28: =IF(R3="","",Q28) -> 379 | S28: =IF(S3="","",R28) -> 379 | T28: 380 | U28: =IF(U3="","",T28) | V28: =IF(V3="","",U28) | W28: =IF(W3="","",V28) | X28: =IF(X3="","",W28) | Y28: =IF(Y3="","",X28) | Z28: =IF(Z3="","",Y28) | AA28: =IF(AA3="","",Z28) | AB28: =IF(AB3="","",AA28) | ... AS28: =IF(AS3="","",AR28)
A29: 3 | B29: 投入残 | C29: 8 | D29: =IF(D27="","",(C29+C30)) -> 8 | E29: =IF(E27="","",(D29+D30)) -> 8 | F29: =IF(F27="","",(E29+E30)) -> 8 | G29: =IF(G27="","",(F29+F30)) -> 9 | H29: =IF(H27="","",(G29+G30)) -> 9 | I29: =IF(I27="","",(H29+H30)) -> 9 | J29: 8 | K29: =IF(K27="","",(J29+J30)) -> 8 | L29: =IF(L27="","",(K29+K30)) -> 8 | M29: =IF(M27="","",(L29+L30)) -> 8 | N29: =IF(N27="","",(M29+M30)) -> 8 | O29: =IF(O27="","",(N29+N30)) -> 8 | P29: =IF(P27="","",(O29+O30)) -> 8 | Q29: =IF(Q27="","",(P29+P30)) -> 8 | R29: =IF(R27="","",(Q29+Q30)) -> 18 | S29: =IF(S27="","",(R29+R30)) -> 18 | T29: 17 | U29: =IF(U27="","",(T29+T30)) | V29: =IF(V27="","",(U29+U30)) | W29: =IF(W27="","",(V29+V30)) | X29: =IF(X27="","",(W29+W30)) | Y29: =IF(Y27="","",(X29+X30)) | Z29: =IF(Z27="","",(Y29+Y30)) | AA29: =IF(AA27="","",(Z29+Z30)) | AB29: =IF(AB27="","",(AA29+AA30)) | ... AS29: =IF(AS27="","",(AR29+AR30))
B30: 補充 | F30: 1 | Q30: 10
B31: 単価 | C31: 450 | D31: =IF(D27="","",C31) -> 450 | E31: =IF(E27="","",D31) -> 450 | F31: =IF(F27="","",E31) -> 450 | G31: =IF(G27="","",F31) -> 450 | H31: =IF(H27="","",G31) -> 450 | I31: =IF(I27="","",H31) -> 450 | J31: =IF(J27="","",I31) -> 450 | K31: =IF(K27="","",J31) -> 450 | ... AS31: =IF(AS27="","",AR31)
A32: 月間予想 | B32: 景品名 | C32: たまごっちマスコット | D32: =IF(D27="","",C32) -> たまごっちマスコット | E32: =IF(E27="","",D32) -> たまごっちマスコット | F32: =IF(F27="","",E32) -> たまごっちマスコット | G32: =IF(G27="","",F32) -> たまごっちマスコット | H32: =IF(H27="","",G32) -> たまごっちマスコット | I32: =IF(I27="","",H32) -> たまごっちマスコット | J32: =IF(J27="","",I32) -> たまごっちマスコット | K32: =IF(K27="","",J32) -> たまごっちマスコット | ... AS32: =IF(AS27="","",AR32)
A33: =AVERAGE(C34:AS34)*30*100 -> 102000 | B33: 設定
A34: =SUM(C34:AS34) -> 612 | B34: 百差 | C34: 0 | D34: =IF(D27="","",D27-C27) -> 0 | E34: =IF(E27="","",E27-D27) -> 0 | F34: =IF(F27="","",F27-E27) -> 193 | G34: =IF(G27="","",G27-F27) -> 0 | H34: =IF(H27="","",H27-G27) -> 0 | I34: =IF(I27="","",I27-H27) -> 0 | J34: =IF(J27="","",J27-I27) -> 128 | K34: =IF(K27="","",K27-J27) -> 0 | ... AS34: =IF(AS27="","",AS27-AR27)
A35: =SUM(C35:AS35) -> 2 | B35: P差 | C35: 0 | D35: =IF(D28="","",D28-C28) -> 0 | E35: =IF(E28="","",E28-D28) -> 0 | F35: =IF(F28="","",F28-E28) -> 0 | G35: =IF(G28="","",G28-F28) -> 0 | H35: =IF(H28="","",H28-G28) -> 0 | I35: =IF(I28="","",I28-H28) -> 0 | J35: =IF(J28="","",J28-I28) -> 1 | K35: =IF(K28="","",K28-J28) -> 0 | ... AS35: =IF(AS28="","",AS28-AR28)
A36: =SUM(C36:AS36) -> 2 | B36: 払出 | C36: 0 | D36: =IF(D29="","",C29+C30-D29) -> 0 | E36: =IF(E29="","",D29+D30-E29) -> 0 | F36: =IF(F29="","",E29+E30-F29) -> 0 | G36: =IF(G29="","",F29+F30-G29) -> 0 | H36: =IF(H29="","",G29+G30-H29) -> 0 | I36: =IF(I29="","",H29+H30-I29) -> 0 | J36: =IF(J29="","",I29+I30-J29) -> 1 | K36: =IF(K29="","",J29+J30-K29) -> 0 | ... AS36: =IF(AS29="","",AR29+AR30-AS29)
A37: =SUM(C37:AS37) -> 900 | B37: 払出額 | C37: 0 | D37: =IF(D27="","",D36*D31) -> 0 | E37: =IF(E27="","",E36*E31) -> 0 | F37: =IF(F27="","",F36*F31) -> 0 | G37: =IF(G27="","",G36*G31) -> 0 | H37: =IF(H27="","",H36*H31) -> 0 | I37: =IF(I27="","",I36*I31) -> 0 | J37: =IF(J27="","",J36*J31) -> 450 | K37: =IF(K27="","",K36*K31) -> 0 | ... AS37: =IF(AS27="","",AS36*AS31)
A38: =IF(A37="","",A37/(A34*100)) -> 0.014705882 | B38: 原価率 | D38: =IF(D37="","",IF(D37=0,"",D37/(D34*100))) | E38: =IF(E37="","",IF(E37=0,"",E37/(E34*100))) | F38: =IF(F37="","",IF(F37=0,"",F37/(F34*100))) | G38: =IF(G37="","",IF(G37=0,"",G37/(G34*100))) | H38: =IF(H37="","",IF(H37=0,"",H37/(H34*100))) | I38: =IF(I37="","",IF(I37=0,"",I37/(I34*100))) | J38: =IF(J37="","",IF(J37=0,"",J37/(J34*100))) -> 0.03515625 | K38: =IF(K37="","",IF(K37=0,"",K37/(K34*100))) | ... AS38: =IF(AS37="","",IF(AS37=0,"",AS37/(AS34*100)))
A39: 鹿屋 | B39: 100円 | C39: 9500 | D39: =IF(D3="","",C39) -> 9500 | E39: =IF(E3="","",D39) -> 9500 | F39: 9540 | G39: =IF(G3="","",F39) -> 9540 | H39: =IF(H3="","",G39) -> 9540 | I39: =IF(I3="","",H39) -> 9540 | J39: 9549 | K39: =IF(K3="","",J39) -> 9549 | L39: =IF(L3="","",K39) -> 9549 | M39: 9581 | N39: =IF(N3="","",M39) -> 9581 | O39: =IF(O3="","",N39) -> 9581 | P39: =IF(P3="","",O39) -> 9581 | Q39: 9614 | R39: =IF(R3="","",Q39) -> 9614 | S39: =IF(S3="","",R39) -> 9614 | T39: 9665 | U39: =IF(U3="","",T39) | V39: =IF(V3="","",U39) | W39: =IF(W3="","",V39) | X39: =IF(X3="","",W39) | Y39: =IF(Y3="","",X39) | Z39: =IF(Z3="","",Y39) | AA39: =IF(AA3="","",Z39) | AB39: =IF(AB3="","",AA39) | ... AS39: =IF(AS3="","",AR39)
A40: BUZZ＃１ | B40: プライズ | C40: 556 | D40: =IF(D3="","",C40) -> 556 | E40: =IF(E3="","",D40) -> 556 | F40: 558 | G40: =IF(G3="","",F40) -> 558 | H40: =IF(H3="","",G40) -> 558 | I40: =IF(I3="","",H40) -> 558 | J40: =IF(J3="","",I40) -> 558 | K40: =IF(K3="","",J40) -> 558 | L40: =IF(L3="","",K40) -> 558 | M40: 560 | N40: =IF(N3="","",M40) -> 560 | O40: =IF(O3="","",N40) -> 560 | P40: =IF(P3="","",O40) -> 560 | Q40: 563 | R40: =IF(R3="","",Q40) -> 563 | S40: =IF(S3="","",R40) -> 563 | T40: 568 | U40: =IF(U3="","",T40) | V40: =IF(V3="","",U40) | W40: =IF(W3="","",V40) | X40: =IF(X3="","",W40) | Y40: =IF(Y3="","",X40) | Z40: =IF(Z3="","",Y40) | AA40: =IF(AA3="","",Z40) | AB40: =IF(AB3="","",AA40) | ... AS40: =IF(AS3="","",AR40)
A41: 4 | B41: 投入残 | C41: 81 | D41: =IF(D39="","",(C41+C42)) -> 81 | E41: =IF(E39="","",(D41+D42)) -> 81 | F41: 79 | G41: =IF(G39="","",(F41+F42)) -> 79 | H41: =IF(H39="","",(G41+G42)) -> 79 | I41: =IF(I39="","",(H41+H42)) -> 79 | J41: =IF(J39="","",(I41+I42)) -> 79 | K41: =IF(K39="","",(J41+J42)) -> 109 | L41: =IF(L39="","",(K41+K42)) -> 109 | M41: 107 | N41: =IF(N39="","",(M41+M42)) -> 107 | O41: =IF(O39="","",(N41+N42)) -> 107 | P41: =IF(P39="","",(O41+O42)) -> 107 | Q41: 104 | R41: =IF(R39="","",(Q41+Q42)) -> 104 | S41: =IF(S39="","",(R41+R42)) -> 104 | T41: 99 | U41: =IF(U39="","",(T41+T42)) | V41: =IF(V39="","",(U41+U42)) | W41: =IF(W39="","",(V41+V42)) | X41: =IF(X39="","",(W41+W42)) | Y41: =IF(Y39="","",(X41+X42)) | Z41: =IF(Z39="","",(Y41+Y42)) | AA41: =IF(AA39="","",(Z41+Z42)) | AB41: =IF(AB39="","",(AA41+AA42)) | ... AS41: =IF(AS39="","",(AR41+AR42))
B42: 補充 | J42: 30
B43: 単価 | C43: 150 | D43: =IF(D39="","",C43) -> 150 | E43: =IF(E39="","",D43) -> 150 | F43: =IF(F39="","",E43) -> 150 | G43: =IF(G39="","",F43) -> 150 | H43: =IF(H39="","",G43) -> 150 | I43: =IF(I39="","",H43) -> 150 | J43: =IF(J39="","",I43) -> 150 | K43: =IF(K39="","",J43) -> 150 | ... AS43: =IF(AS39="","",AR43)
A44: 月間予想 | B44: 景品名 | C44: AIモンスター | D44: =IF(D39="","",C44) -> AIモンスター | E44: =IF(E39="","",D44) -> AIモンスター | F44: =IF(F39="","",E44) -> AIモンスター | G44: =IF(G39="","",F44) -> AIモンスター | H44: =IF(H39="","",G44) -> AIモンスター | I44: =IF(I39="","",H44) -> AIモンスター | J44: =IF(J39="","",I44) -> AIモンスター | K44: =IF(K39="","",J44) -> AIモンスター | ... AS44: =IF(AS39="","",AR44)
A45: =AVERAGE(C46:AS46)*30*100 -> 27500 | B45: 設定
A46: =SUM(C46:AS46) -> 165 | B46: 百差 | C46: 0 | D46: =IF(D39="","",D39-C39) -> 0 | E46: =IF(E39="","",E39-D39) -> 0 | F46: =IF(F39="","",F39-E39) -> 40 | G46: =IF(G39="","",G39-F39) -> 0 | H46: =IF(H39="","",H39-G39) -> 0 | I46: =IF(I39="","",I39-H39) -> 0 | J46: =IF(J39="","",J39-I39) -> 9 | K46: =IF(K39="","",K39-J39) -> 0 | ... AS46: =IF(AS39="","",AS39-AR39)
A47: =SUM(C47:AS47) -> 12 | B47: P差 | C47: 0 | D47: =IF(D40="","",D40-C40) -> 0 | E47: =IF(E40="","",E40-D40) -> 0 | F47: =IF(F40="","",F40-E40) -> 2 | G47: =IF(G40="","",G40-F40) -> 0 | H47: =IF(H40="","",H40-G40) -> 0 | I47: =IF(I40="","",I40-H40) -> 0 | J47: =IF(J40="","",J40-I40) -> 0 | K47: =IF(K40="","",K40-J40) -> 0 | ... AS47: =IF(AS40="","",AS40-AR40)
A48: =SUM(C48:AS48) -> 12 | B48: 払出 | C48: 0 | D48: =IF(D41="","",C41+C42-D41) -> 0 | E48: =IF(E41="","",D41+D42-E41) -> 0 | F48: =IF(F41="","",E41+E42-F41) -> 2 | G48: =IF(G41="","",F41+F42-G41) -> 0 | H48: =IF(H41="","",G41+G42-H41) -> 0 | I48: =IF(I41="","",H41+H42-I41) -> 0 | J48: =IF(J41="","",I41+I42-J41) -> 0 | K48: =IF(K41="","",J41+J42-K41) -> 0 | ... AS48: =IF(AS41="","",AR41+AR42-AS41)
A49: =SUM(C49:AS49) -> 1800 | B49: 払出額 | C49: 0 | D49: =IF(D39="","",D48*D43) -> 0 | E49: =IF(E39="","",E48*E43) -> 0 | F49: =IF(F39="","",F48*F43) -> 300 | G49: =IF(G39="","",G48*G43) -> 0 | H49: =IF(H39="","",H48*H43) -> 0 | I49: =IF(I39="","",I48*I43) -> 0 | J49: =IF(J39="","",J48*J43) -> 0 | K49: =IF(K39="","",K48*K43) -> 0 | ... AS49: =IF(AS39="","",AS48*AS43)
A50: =IF(A49="","",A49/(A46*100)) -> 0.10909091 | B50: 原価率 | D50: =IF(D49="","",IF(D49=0,"",D49/(D46*100))) | E50: =IF(E49="","",IF(E49=0,"",E49/(E46*100))) | F50: =IF(F49="","",IF(F49=0,"",F49/(F46*100))) -> 0.075 | G50: =IF(G49="","",IF(G49=0,"",G49/(G46*100))) | H50: =IF(H49="","",IF(H49=0,"",H49/(H46*100))) | I50: =IF(I49="","",IF(I49=0,"",I49/(I46*100))) | J50: =IF(J49="","",IF(J49=0,"",J49/(J46*100))) | K50: =IF(K49="","",IF(K49=0,"",K49/(K46*100))) | ... AS50: =IF(AS49="","",IF(AS49=0,"",AS49/(AS46*100)))
A51: 鹿屋 | B51: 100円 | C51: 13583 | D51: =IF(D$3="","",C51) -> 13583 | E51: =IF(E$3="","",D51) -> 13583 | F51: 13624 | G51: =IF(G$3="","",F51) -> 13624 | H51: =IF(H$3="","",G51) -> 13624 | I51: =IF(I$3="","",H51) -> 13624 | J51: 13658 | K51: =IF(K$3="","",J51) -> 13658 | L51: =IF(L$3="","",K51) -> 13658 | M51: 13701 | N51: =IF(N$3="","",M51) -> 13701 | O51: =IF(O$3="","",N51) -> 13701 | P51: =IF(P$3="","",O51) -> 13701 | Q51: 13767 | R51: =IF(R$3="","",Q51) -> 13767 | S51: =IF(S$3="","",R51) -> 13767 | T51: 13779 | U51: =IF(U$3="","",T51) | V51: =IF(V$3="","",U51) | W51: =IF(W$3="","",V51) | X51: =IF(X$3="","",W51) | Y51: =IF(Y$3="","",X51) | Z51: =IF(Z$3="","",Y51) | AA51: =IF(AA$3="","",Z51) | AB51: =IF(AB$3="","",AA51) | ... AS51: =IF(AS$3="","",AR51)
A52: BUZZ＃2 | B52: プライズ | C52: 325 | D52: =IF(D$3="","",C52) -> 325 | E52: =IF(E$3="","",D52) -> 325 | F52: =IF(F$3="","",E52) -> 325 | G52: =IF(G$3="","",F52) -> 325 | H52: =IF(H$3="","",G52) -> 325 | I52: =IF(I$3="","",H52) -> 325 | J52: =IF(J$3="","",I52) -> 325 | K52: =IF(K$3="","",J52) -> 325 | L52: =IF(L$3="","",K52) -> 325 | M52: 326 | N52: =IF(N$3="","",M52) -> 326 | O52: =IF(O$3="","",N52) -> 326 | P52: =IF(P$3="","",O52) -> 326 | Q52: 327 | R52: =IF(R$3="","",Q52) -> 327 | S52: =IF(S$3="","",R52) -> 327 | T52: =IF(T$3="","",S52) -> 327 | U52: =IF(U$3="","",T52) | V52: =IF(V$3="","",U52) | W52: =IF(W$3="","",V52) | X52: =IF(X$3="","",W52) | Y52: =IF(Y$3="","",X52) | ... AS52: =IF(AS$3="","",AR52)
A53: 1 | B53: 投入残 | C53: 5 | D53: =IF(D$3="","",(C53+C54)) -> 5 | E53: =IF(E$3="","",(D53+D54)) -> 5 | F53: =IF(F$3="","",(E53+E54)) -> 5 | G53: =IF(G$3="","",(F53+F54)) -> 5 | H53: =IF(H$3="","",(G53+G54)) -> 5 | I53: =IF(I$3="","",(H53+H54)) -> 5 | J53: =IF(J$3="","",(I53+I54)) -> 5 | K53: =IF(K$3="","",(J53+J54)) -> 5 | L53: =IF(L$3="","",(K53+K54)) -> 5 | M53: 4 | N53: =IF(N$3="","",(M53+M54)) -> 6 | O53: =IF(O$3="","",(N53+N54)) -> 6 | P53: =IF(P$3="","",(O53+O54)) -> 6 | Q53: 4 | R53: =IF(R$3="","",(Q53+Q54)) -> 4 | S53: =IF(S$3="","",(R53+R54)) -> 4 | T53: =IF(T$3="","",(S53+S54)) -> 4 | U53: =IF(U$3="","",(T53+T54)) | V53: =IF(V$3="","",(U53+U54)) | W53: =IF(W$3="","",(V53+V54)) | X53: =IF(X$3="","",(W53+W54)) | Y53: =IF(Y$3="","",(X53+X54)) | ... AS53: =IF(AS$3="","",(AR53+AR54))
A54: 機械合計 | B54: 補充 | M54: 2
A55: =+(A58+A70+A82+A94)*100 -> 118600 | B55: 単価 | C55: 750 | D55: =IF(D$3="","",C55) -> 750 | E55: =IF(E$3="","",D55) -> 750 | F55: =IF(F$3="","",E55) -> 750 | G55: =IF(G$3="","",F55) -> 750 | H55: =IF(H$3="","",G55) -> 750 | I55: =IF(I$3="","",H55) -> 750 | J55: =IF(J$3="","",I55) -> 750 | K55: =IF(K$3="","",J55) -> 750 | ... AS55: =IF(AS$3="","",AR55)
A56: 月間予想 | B56: 景品名 | C56: モンチッチキーケース | D56: =IF(D$3="","",C56) -> モンチッチキーケース | E56: =IF(E$3="","",D56) -> モンチッチキーケース | F56: =IF(F$3="","",E56) -> モンチッチキーケース | G56: =IF(G$3="","",F56) -> モンチッチキーケース | H56: =IF(H$3="","",G56) -> モンチッチキーケース | I56: =IF(I$3="","",H56) -> モンチッチキーケース | J56: =IF(J$3="","",I56) -> モンチッチキーケース | K56: =IF(K$3="","",J56) -> モンチッチキーケース | ... AS56: =IF(AS$3="","",AR56)
A57: =AVERAGE(C58:AS58)*30*100 -> 32666.667 | B57: 設定
A58: =SUM(C58:AS58) -> 196 | B58: 百差 | C58: 0 | D58: =IF(D$3="","",D51-C51) -> 0 | E58: =IF(E$3="","",E51-D51) -> 0 | F58: =IF(F$3="","",F51-E51) -> 41 | G58: =IF(G$3="","",G51-F51) -> 0 | H58: =IF(H$3="","",H51-G51) -> 0 | I58: =IF(I$3="","",I51-H51) -> 0 | J58: =IF(J$3="","",J51-I51) -> 34 | K58: =IF(K$3="","",K51-J51) -> 0 | ... AS58: =IF(AS$3="","",AS51-AR51)
A59: =SUM(C59:AS59) -> 2 | B59: P差 | C59: 0 | D59: =IF(D$3="","",D52-C52) -> 0 | E59: =IF(E$3="","",E52-D52) -> 0 | F59: =IF(F$3="","",F52-E52) -> 0 | G59: =IF(G$3="","",G52-F52) -> 0 | H59: =IF(H$3="","",H52-G52) -> 0 | I59: =IF(I$3="","",I52-H52) -> 0 | J59: =IF(J$3="","",J52-I52) -> 0 | K59: =IF(K$3="","",K52-J52) -> 0 | ... AS59: =IF(AS$3="","",AS52-AR52)
A60: =SUM(C60:AS60) -> 3 | B60: 払出 | C60: 0 | D60: =IF(D$3="","",C53+C54-D53) -> 0 | E60: =IF(E$3="","",D53+D54-E53) -> 0 | F60: =IF(F$3="","",E53+E54-F53) -> 0 | G60: =IF(G$3="","",F53+F54-G53) -> 0 | H60: =IF(H$3="","",G53+G54-H53) -> 0 | I60: =IF(I$3="","",H53+H54-I53) -> 0 | J60: =IF(J$3="","",I53+I54-J53) -> 0 | K60: =IF(K$3="","",J53+J54-K53) -> 0 | ... AS60: =IF(AS$3="","",AR53+AR54-AS53)
A61: =SUM(C61:AS61) -> 2250 | B61: 払出額 | C61: 0 | D61: =IF(D$3="","",D60*D55) -> 0 | E61: =IF(E$3="","",E60*E55) -> 0 | F61: =IF(F$3="","",F60*F55) -> 0 | G61: =IF(G$3="","",G60*G55) -> 0 | H61: =IF(H$3="","",H60*H55) -> 0 | I61: =IF(I$3="","",I60*I55) -> 0 | J61: =IF(J$3="","",J60*J55) -> 0 | K61: =IF(K$3="","",K60*K55) -> 0 | ... AS61: =IF(AS$3="","",AS60*AS55)
A62: =IF(A61="","",A61/(A58*100)) -> 0.11479592 | B62: 原価率 | D62: =IF(D$3="","",IF(D61=0,"",D61/(D58*100))) | E62: =IF(E$3="","",IF(E61=0,"",E61/(E58*100))) | F62: =IF(F$3="","",IF(F61=0,"",F61/(F58*100))) | G62: =IF(G$3="","",IF(G61=0,"",G61/(G58*100))) | H62: =IF(H$3="","",IF(H61=0,"",H61/(H58*100))) | I62: =IF(I$3="","",IF(I61=0,"",I61/(I58*100))) | J62: =IF(J$3="","",IF(J61=0,"",J61/(J58*100))) | K62: =IF(K$3="","",IF(K61=0,"",K61/(K58*100))) | ... AS62: =IF(AS$3="","",IF(AS61=0,"",AS61/(AS58*100)))
A63: 鹿屋 | B63: 100円 | C63: 13970 | D63: =IF(D$3="","",C63) -> 13970 | E63: =IF(E$3="","",D63) -> 13970 | F63: 14050 | G63: =IF(G$3="","",F63) -> 14050 | H63: =IF(H$3="","",G63) -> 14050 | I63: =IF(I$3="","",H63) -> 14050 | J63: 14085 | K63: =IF(K$3="","",J63) -> 14085 | L63: =IF(L$3="","",K63) -> 14085 | M63: 14105 | N63: =IF(N$3="","",M63) -> 14105 | O63: =IF(O$3="","",N63) -> 14105 | P63: =IF(P$3="","",O63) -> 14105 | Q63: 14118 | R63: =IF(R$3="","",Q63) -> 14118 | S63: =IF(S$3="","",R63) -> 14118 | T63: 14137 | U63: =IF(U$3="","",T63) | V63: =IF(V$3="","",U63) | W63: =IF(W$3="","",V63) | X63: =IF(X$3="","",W63) | Y63: =IF(Y$3="","",X63) | Z63: =IF(Z$3="","",Y63) | AA63: =IF(AA$3="","",Z63) | AB63: =IF(AB$3="","",AA63) | ... AS63: =IF(AS$3="","",AR63)
A64: BUZZ＃2 | B64: プライズ | C64: 381 | D64: =IF(D$3="","",C64) -> 381 | E64: =IF(E$3="","",D64) -> 381 | F64: 383 | G64: =IF(G$3="","",F64) -> 383 | H64: =IF(H$3="","",G64) -> 383 | I64: =IF(I$3="","",H64) -> 383 | J64: 384 | K64: =IF(K$3="","",J64) -> 384 | L64: =IF(L$3="","",K64) -> 384 | M64: =IF(M$3="","",L64) -> 384 | N64: =IF(N$3="","",M64) -> 384 | O64: =IF(O$3="","",N64) -> 384 | P64: =IF(P$3="","",O64) -> 384 | Q64: 386 | R64: =IF(R$3="","",Q64) -> 386 | S64: =IF(S$3="","",R64) -> 386 | T64: 391 | U64: =IF(U$3="","",T64) | V64: =IF(V$3="","",U64) | W64: =IF(W$3="","",V64) | X64: =IF(X$3="","",W64) | Y64: =IF(Y$3="","",X64) | Z64: =IF(Z$3="","",Y64) | AA64: =IF(AA$3="","",Z64) | AB64: =IF(AB$3="","",AA64) | ... AS64: =IF(AS$3="","",AR64)
A65: 2 | B65: 投入残 | C65: 9 | D65: =IF(D$3="","",(C65+C66)) -> 9 | E65: =IF(E$3="","",(D65+D66)) -> 9 | F65: 7 | G65: =IF(G$3="","",(F65+F66)) -> 7 | H65: =IF(H$3="","",(G65+G66)) -> 7 | I65: =IF(I$3="","",(H65+H66)) -> 7 | J65: 5 | K65: =IF(K$3="","",(J65+J66)) -> 4 | L65: =IF(L$3="","",(K65+K66)) -> 4 | M65: 3 | N65: =IF(N$3="","",(M65+M66)) -> 13 | O65: =IF(O$3="","",(N65+N66)) -> 13 | P65: =IF(P$3="","",(O65+O66)) -> 13 | Q65: 12 | R65: =IF(R$3="","",(Q65+Q66)) -> 12 | S65: =IF(S$3="","",(R65+R66)) -> 12 | T65: 7 | U65: =IF(U$3="","",(T65+T66)) | V65: =IF(V$3="","",(U65+U66)) | W65: =IF(W$3="","",(V65+V66)) | X65: =IF(X$3="","",(W65+W66)) | Y65: =IF(Y$3="","",(X65+X66)) | Z65: =IF(Z$3="","",(Y65+Y66)) | AA65: =IF(AA$3="","",(Z65+Z66)) | AB65: =IF(AB$3="","",(AA65+AA66)) | ... AS65: =IF(AS$3="","",(AR65+AR66))
B66: 補充 | J66: -1 | M66: 10 | T66: 1
B67: 単価 | C67: 800 | D67: =IF(D$3="","",C67) -> 800 | E67: =IF(E$3="","",D67) -> 800 | F67: =IF(F$3="","",E67) -> 800 | G67: =IF(G$3="","",F67) -> 800 | H67: =IF(H$3="","",G67) -> 800 | I67: =IF(I$3="","",H67) -> 800 | J67: 100 | K67: =IF(K$3="","",J67) -> 100 | L67: =IF(L$3="","",K67) -> 100 | M67: =IF(M$3="","",L67) -> 100 | N67: =IF(N$3="","",M67) -> 100 | O67: =IF(O$3="","",N67) -> 100 | P67: =IF(P$3="","",O67) -> 100 | Q67: =IF(Q$3="","",P67) -> 100 | R67: =IF(R$3="","",Q67) -> 100 | ... AS67: =IF(AS$3="","",AR67)
A68: 月間予想 | B68: 景品名 | C68: 柴犬たまご | D68: =IF(D$3="","",C68) -> 柴犬たまご | E68: =IF(E$3="","",D68) -> 柴犬たまご | F68: =IF(F$3="","",E68) -> 柴犬たまご | G68: =IF(G$3="","",F68) -> 柴犬たまご | H68: =IF(H$3="","",G68) -> 柴犬たまご | I68: =IF(I$3="","",H68) -> 柴犬たまご | J68: 忍者飯 | K68: =IF(K$3="","",J68) -> 忍者飯 | L68: =IF(L$3="","",K68) -> 忍者飯 | M68: =IF(M$3="","",L68) -> 忍者飯 | N68: =IF(N$3="","",M68) -> 忍者飯 | O68: =IF(O$3="","",N68) -> 忍者飯 | P68: =IF(P$3="","",O68) -> 忍者飯 | Q68: =IF(Q$3="","",P68) -> 忍者飯 | R68: =IF(R$3="","",Q68) -> 忍者飯 | ... AS68: =IF(AS$3="","",AR68)
A69: =AVERAGE(C70:AS70)*30*100 -> 27833.333 | B69: 設定
A70: =SUM(C70:AS70) -> 167 | B70: 百差 | C70: 0 | D70: =IF(D$3="","",D63-C63) -> 0 | E70: =IF(E$3="","",E63-D63) -> 0 | F70: =IF(F$3="","",F63-E63) -> 80 | G70: =IF(G$3="","",G63-F63) -> 0 | H70: =IF(H$3="","",H63-G63) -> 0 | I70: =IF(I$3="","",I63-H63) -> 0 | J70: =IF(J$3="","",J63-I63) -> 35 | K70: =IF(K$3="","",K63-J63) -> 0 | ... AS70: =IF(AS$3="","",AS63-AR63)
A71: =SUM(C71:AS71) -> 10 | B71: P差 | C71: 0 | D71: =IF(D$3="","",D64-C64) -> 0 | E71: =IF(E$3="","",E64-D64) -> 0 | F71: =IF(F$3="","",F64-E64) -> 2 | G71: =IF(G$3="","",G64-F64) -> 0 | H71: =IF(H$3="","",H64-G64) -> 0 | I71: =IF(I$3="","",I64-H64) -> 0 | J71: =IF(J$3="","",J64-I64) -> 1 | K71: =IF(K$3="","",K64-J64) -> 0 | ... AS71: =IF(AS$3="","",AS64-AR64)
A72: =SUM(C72:AS72) -> 11 | B72: 払出 | C72: 0 | D72: =IF(D$3="","",C65+C66-D65) -> 0 | E72: =IF(E$3="","",D65+D66-E65) -> 0 | F72: =IF(F$3="","",E65+E66-F65) -> 2 | G72: =IF(G$3="","",F65+F66-G65) -> 0 | H72: =IF(H$3="","",G65+G66-H65) -> 0 | I72: =IF(I$3="","",H65+H66-I65) -> 0 | J72: =IF(J$3="","",I65+I66-J65) -> 2 | K72: =IF(K$3="","",J65+J66-K65) -> 0 | ... AS72: =IF(AS$3="","",AR65+AR66-AS65)
A73: =SUM(C73:AS73) -> 2500 | B73: 払出額 | C73: 0 | D73: =IF(D$3="","",D72*D67) -> 0 | E73: =IF(E$3="","",E72*E67) -> 0 | F73: =IF(F$3="","",F72*F67) -> 1600 | G73: =IF(G$3="","",G72*G67) -> 0 | H73: =IF(H$3="","",H72*H67) -> 0 | I73: =IF(I$3="","",I72*I67) -> 0 | J73: =IF(J$3="","",J72*J67) -> 200 | K73: =IF(K$3="","",K72*K67) -> 0 | ... AS73: =IF(AS$3="","",AS72*AS67)
A74: =IF(A73="","",A73/(A70*100)) -> 0.1497006 | B74: 原価率 | D74: =IF(D$3="","",IF(D73=0,"",D73/(D70*100))) | E74: =IF(E$3="","",IF(E73=0,"",E73/(E70*100))) | F74: =IF(F$3="","",IF(F73=0,"",F73/(F70*100))) -> 0.2 | G74: =IF(G$3="","",IF(G73=0,"",G73/(G70*100))) | H74: =IF(H$3="","",IF(H73=0,"",H73/(H70*100))) | I74: =IF(I$3="","",IF(I73=0,"",I73/(I70*100))) | J74: =IF(J$3="","",IF(J73=0,"",J73/(J70*100))) -> 0.057142857 | K74: =IF(K$3="","",IF(K73=0,"",K73/(K70*100))) | ... AS74: =IF(AS$3="","",IF(AS73=0,"",AS73/(AS70*100)))
A75: 鹿屋 | B75: 100円 | C75: 11314 | D75: =IF(D$3="","",C75) -> 11314 | E75: =IF(E$3="","",D75) -> 11314 | F75: 11426 | G75: =IF(G$3="","",F75) -> 11426 | H75: =IF(H$3="","",G75) -> 11426 | I75: =IF(I$3="","",H75) -> 11426 | J75: 11517 | K75: =IF(K$3="","",J75) -> 11517 | L75: =IF(L$3="","",K75) -> 11517 | M75: 11615 | N75: =IF(N$3="","",M75) -> 11615 | O75: =IF(O$3="","",N75) -> 11615 | P75: =IF(P$3="","",O75) -> 11615 | Q75: 11721 | R75: =IF(R$3="","",Q75) -> 11721 | S75: =IF(S$3="","",R75) -> 11721 | T75: 11794 | U75: =IF(U$3="","",T75) | V75: =IF(V$3="","",U75) | W75: =IF(W$3="","",V75) | X75: =IF(X$3="","",W75) | Y75: =IF(Y$3="","",X75) | Z75: =IF(Z$3="","",Y75) | AA75: =IF(AA$3="","",Z75) | AB75: =IF(AB$3="","",AA75) | ... AS75: =IF(AS$3="","",AR75)
A76: BUZZ＃2 | B76: プライズ | C76: 669 | D76: =IF(D$3="","",C76) -> 669 | E76: =IF(E$3="","",D76) -> 669 | F76: 670 | G76: =IF(G$3="","",F76) -> 670 | H76: =IF(H$3="","",G76) -> 670 | I76: =IF(I$3="","",H76) -> 670 | J76: 672 | K76: =IF(K$3="","",J76) -> 672 | L76: =IF(L$3="","",K76) -> 672 | M76: 673 | N76: =IF(N$3="","",M76) -> 673 | O76: =IF(O$3="","",N76) -> 673 | P76: =IF(P$3="","",O76) -> 673 | Q76: 675 | R76: =IF(R$3="","",Q76) -> 675 | S76: =IF(S$3="","",R76) -> 675 | T76: 676 | U76: =IF(U$3="","",T76) | V76: =IF(V$3="","",U76) | W76: =IF(W$3="","",V76) | X76: =IF(X$3="","",W76) | Y76: =IF(Y$3="","",X76) | Z76: =IF(Z$3="","",Y76) | AA76: =IF(AA$3="","",Z76) | AB76: =IF(AB$3="","",AA76) | ... AS76: =IF(AS$3="","",AR76)
A77: 3 | B77: 投入残 | C77: 71 | D77: =IF(D$3="","",(C77+C78)) -> 71 | E77: =IF(E$3="","",(D77+D78)) -> 71 | F77: 70 | G77: =IF(G$3="","",(F77+F78)) -> 70 | H77: =IF(H$3="","",(G77+G78)) -> 70 | I77: =IF(I$3="","",(H77+H78)) -> 70 | J77: 68 | K77: =IF(K$3="","",(J77+J78)) -> 68 | L77: =IF(L$3="","",(K77+K78)) -> 68 | M77: 67 | N77: =IF(N$3="","",(M77+M78)) -> 67 | O77: =IF(O$3="","",(N77+N78)) -> 67 | P77: =IF(P$3="","",(O77+O78)) -> 67 | Q77: 65 | R77: =IF(R$3="","",(Q77+Q78)) -> 65 | S77: =IF(S$3="","",(R77+R78)) -> 65 | T77: =IF(T$3="","",(S77+S78)) -> 65 | U77: =IF(U$3="","",(T77+T78)) | V77: =IF(V$3="","",(U77+U78)) | W77: =IF(W$3="","",(V77+V78)) | X77: =IF(X$3="","",(W77+W78)) | Y77: =IF(Y$3="","",(X77+X78)) | ... AS77: =IF(AS$3="","",(AR77+AR78))
B78: 補充
B79: 単価 | C79: 150 | D79: =IF(D$3="","",C79) -> 150 | E79: =IF(E$3="","",D79) -> 150 | F79: =IF(F$3="","",E79) -> 150 | G79: =IF(G$3="","",F79) -> 150 | H79: =IF(H$3="","",G79) -> 150 | I79: =IF(I$3="","",H79) -> 150 | J79: =IF(J$3="","",I79) -> 150 | K79: =IF(K$3="","",J79) -> 150 | ... AS79: =IF(AS$3="","",AR79)
A80: 月間予想 | B80: 景品名 | C80: ラブブ風キーホルダー | D80: =IF(D$3="","",C80) -> ラブブ風キーホルダー | E80: =IF(E$3="","",D80) -> ラブブ風キーホルダー | F80: =IF(F$3="","",E80) -> ラブブ風キーホルダー | G80: =IF(G$3="","",F80) -> ラブブ風キーホルダー | H80: =IF(H$3="","",G80) -> ラブブ風キーホルダー | I80: =IF(I$3="","",H80) -> ラブブ風キーホルダー | J80: =IF(J$3="","",I80) -> ラブブ風キーホルダー | K80: =IF(K$3="","",J80) -> ラブブ風キーホルダー | ... AS80: =IF(AS$3="","",AR80)
A81: =AVERAGE(C82:AS82)*30*100 -> 80000 | B81: 設定
A82: =SUM(C82:AS82) -> 480 | B82: 百差 | C82: 0 | D82: =IF(D$3="","",D75-C75) -> 0 | E82: =IF(E$3="","",E75-D75) -> 0 | F82: =IF(F$3="","",F75-E75) -> 112 | G82: =IF(G$3="","",G75-F75) -> 0 | H82: =IF(H$3="","",H75-G75) -> 0 | I82: =IF(I$3="","",I75-H75) -> 0 | J82: =IF(J$3="","",J75-I75) -> 91 | K82: =IF(K$3="","",K75-J75) -> 0 | ... AS82: =IF(AS$3="","",AS75-AR75)
A83: =SUM(C83:AS83) -> 7 | B83: P差 | C83: 0 | D83: =IF(D$3="","",D76-C76) -> 0 | E83: =IF(E$3="","",E76-D76) -> 0 | F83: =IF(F$3="","",F76-E76) -> 1 | G83: =IF(G$3="","",G76-F76) -> 0 | H83: =IF(H$3="","",H76-G76) -> 0 | I83: =IF(I$3="","",I76-H76) -> 0 | J83: =IF(J$3="","",J76-I76) -> 2 | K83: =IF(K$3="","",K76-J76) -> 0 | ... AS83: =IF(AS$3="","",AS76-AR76)
A84: =SUM(C84:AS84) -> 6 | B84: 払出 | C84: 0 | D84: =IF(D$3="","",C77+C78-D77) -> 0 | E84: =IF(E$3="","",D77+D78-E77) -> 0 | F84: =IF(F$3="","",E77+E78-F77) -> 1 | G84: =IF(G$3="","",F77+F78-G77) -> 0 | H84: =IF(H$3="","",G77+G78-H77) -> 0 | I84: =IF(I$3="","",H77+H78-I77) -> 0 | J84: =IF(J$3="","",I77+I78-J77) -> 2 | K84: =IF(K$3="","",J77+J78-K77) -> 0 | ... AS84: =IF(AS$3="","",AR77+AR78-AS77)
A85: =SUM(C85:AS85) -> 900 | B85: 払出額 | C85: 0 | D85: =IF(D$3="","",D84*D79) -> 0 | E85: =IF(E$3="","",E84*E79) -> 0 | F85: =IF(F$3="","",F84*F79) -> 150 | G85: =IF(G$3="","",G84*G79) -> 0 | H85: =IF(H$3="","",H84*H79) -> 0 | I85: =IF(I$3="","",I84*I79) -> 0 | J85: =IF(J$3="","",J84*J79) -> 300 | K85: =IF(K$3="","",K84*K79) -> 0 | ... AS85: =IF(AS$3="","",AS84*AS79)
A86: =IF(A85="","",A85/(A82*100)) -> 0.01875 | B86: 原価率 | D86: =IF(D$3="","",IF(D85=0,"",D85/(D82*100))) | E86: =IF(E$3="","",IF(E85=0,"",E85/(E82*100))) | F86: =IF(F$3="","",IF(F85=0,"",F85/(F82*100))) -> 0.013392857 | G86: =IF(G$3="","",IF(G85=0,"",G85/(G82*100))) | H86: =IF(H$3="","",IF(H85=0,"",H85/(H82*100))) | I86: =IF(I$3="","",IF(I85=0,"",I85/(I82*100))) | J86: =IF(J$3="","",IF(J85=0,"",J85/(J82*100))) -> 0.032967033 | K86: =IF(K$3="","",IF(K85=0,"",K85/(K82*100))) | ... AS86: =IF(AS$3="","",IF(AS85=0,"",AS85/(AS82*100)))
A87: 鹿屋 | B87: 100円 | C87: 17746 | D87: =IF(D$3="","",C87) -> 17746 | E87: =IF(E$3="","",D87) -> 17746 | F87: 17880 | G87: =IF(G$3="","",F87) -> 17880 | H87: =IF(H$3="","",G87) -> 17880 | I87: =IF(I$3="","",H87) -> 17880 | J87: 17912 | K87: =IF(K$3="","",J87) -> 17912 | L87: =IF(L$3="","",K87) -> 17912 | M87: 17983 | N87: =IF(N$3="","",M87) -> 17983 | O87: =IF(O$3="","",N87) -> 17983 | P87: =IF(P$3="","",O87) -> 17983 | Q87: 18035 | R87: =IF(R$3="","",Q87) -> 18035 | S87: =IF(S$3="","",R87) -> 18035 | T87: 18089 | U87: =IF(U$3="","",T87) | V87: =IF(V$3="","",U87) | W87: =IF(W$3="","",V87) | X87: =IF(X$3="","",W87) | Y87: =IF(Y$3="","",X87) | Z87: =IF(Z$3="","",Y87) | AA87: =IF(AA$3="","",Z87) | AB87: =IF(AB$3="","",AA87) | ... AS87: =IF(AS$3="","",AR87)
A88: BUZZ＃2 | B88: プライズ | C88: 624 | D88: =IF(D$3="","",C88) -> 624 | E88: =IF(E$3="","",D88) -> 624 | F88: 626 | G88: =IF(G$3="","",F88) -> 626 | H88: =IF(H$3="","",G88) -> 626 | I88: =IF(I$3="","",H88) -> 626 | J88: 627 | K88: =IF(K$3="","",J88) -> 627 | L88: =IF(L$3="","",K88) -> 627 | M88: =IF(M$3="","",L88) -> 627 | N88: =IF(N$3="","",M88) -> 627 | O88: =IF(O$3="","",N88) -> 627 | P88: =IF(P$3="","",O88) -> 627 | Q88: 629 | R88: =IF(R$3="","",Q88) -> 629 | S88: =IF(S$3="","",R88) -> 629 | T88: =IF(T$3="","",S88) -> 629 | U88: =IF(U$3="","",T88) | V88: =IF(V$3="","",U88) | W88: =IF(W$3="","",V88) | X88: =IF(X$3="","",W88) | Y88: =IF(Y$3="","",X88) | ... AS88: =IF(AS$3="","",AR88)
A89: 4 | B89: 投入残 | C89: 24 | D89: =IF(D$3="","",(C89+C90)) -> 24 | E89: =IF(E$3="","",(D89+D90)) -> 24 | F89: 22 | G89: =IF(G$3="","",(F89+F90)) -> 22 | H89: =IF(H$3="","",(G89+G90)) -> 22 | I89: =IF(I$3="","",(H89+H90)) -> 22 | J89: 21 | K89: =IF(K$3="","",(J89+J90)) -> 21 | L89: =IF(L$3="","",(K89+K90)) -> 21 | M89: =IF(M$3="","",(L89+L90)) -> 21 | N89: =IF(N$3="","",(M89+M90)) -> 24 | O89: =IF(O$3="","",(N89+N90)) -> 24 | P89: =IF(P$3="","",(O89+O90)) -> 24 | Q89: 22 | R89: =IF(R$3="","",(Q89+Q90)) -> 22 | S89: =IF(S$3="","",(R89+R90)) -> 22 | T89: =IF(T$3="","",(S89+S90)) -> 22 | U89: =IF(U$3="","",(T89+T90)) | V89: =IF(V$3="","",(U89+U90)) | W89: =IF(W$3="","",(V89+V90)) | X89: =IF(X$3="","",(W89+W90)) | Y89: =IF(Y$3="","",(X89+X90)) | ... AS89: =IF(AS$3="","",(AR89+AR90))
B90: 補充 | M90: 3
B91: 単価 | C91: 400 | D91: =IF(D$3="","",C91) -> 400 | E91: =IF(E$3="","",D91) -> 400 | F91: =IF(F$3="","",E91) -> 400 | G91: =IF(G$3="","",F91) -> 400 | H91: =IF(H$3="","",G91) -> 400 | I91: =IF(I$3="","",H91) -> 400 | J91: =IF(J$3="","",I91) -> 400 | K91: =IF(K$3="","",J91) -> 400 | ... AS91: =IF(AS$3="","",AR91)
A92: 月間予想 | B92: 景品名 | C92: ラブブMC | D92: =IF(D$3="","",C92) -> ラブブMC | E92: =IF(E$3="","",D92) -> ラブブMC | F92: =IF(F$3="","",E92) -> ラブブMC | G92: =IF(G$3="","",F92) -> ラブブMC | H92: =IF(H$3="","",G92) -> ラブブMC | I92: =IF(I$3="","",H92) -> ラブブMC | J92: =IF(J$3="","",I92) -> ラブブMC | K92: =IF(K$3="","",J92) -> ラブブMC | ... AS92: =IF(AS$3="","",AR92)
A93: =AVERAGE(C94:AS94)*30*100 -> 57166.667 | B93: 設定
A94: =SUM(C94:AS94) -> 343 | B94: 百差 | C94: 0 | D94: =IF(D$3="","",D87-C87) -> 0 | E94: =IF(E$3="","",E87-D87) -> 0 | F94: =IF(F$3="","",F87-E87) -> 134 | G94: =IF(G$3="","",G87-F87) -> 0 | H94: =IF(H$3="","",H87-G87) -> 0 | I94: =IF(I$3="","",I87-H87) -> 0 | J94: =IF(J$3="","",J87-I87) -> 32 | K94: =IF(K$3="","",K87-J87) -> 0 | ... AS94: =IF(AS$3="","",AS87-AR87)
A95: =SUM(C95:AS95) -> 5 | B95: P差 | C95: 0 | D95: =IF(D$3="","",D88-C88) -> 0 | E95: =IF(E$3="","",E88-D88) -> 0 | F95: =IF(F$3="","",F88-E88) -> 2 | G95: =IF(G$3="","",G88-F88) -> 0 | H95: =IF(H$3="","",H88-G88) -> 0 | I95: =IF(I$3="","",I88-H88) -> 0 | J95: =IF(J$3="","",J88-I88) -> 1 | K95: =IF(K$3="","",K88-J88) -> 0 | ... AS95: =IF(AS$3="","",AS88-AR88)
A96: =SUM(C96:AS96) -> 5 | B96: 払出 | C96: 0 | D96: =IF(D$3="","",C89+C90-D89) -> 0 | E96: =IF(E$3="","",D89+D90-E89) -> 0 | F96: =IF(F$3="","",E89+E90-F89) -> 2 | G96: =IF(G$3="","",F89+F90-G89) -> 0 | H96: =IF(H$3="","",G89+G90-H89) -> 0 | I96: =IF(I$3="","",H89+H90-I89) -> 0 | J96: =IF(J$3="","",I89+I90-J89) -> 1 | K96: =IF(K$3="","",J89+J90-K89) -> 0 | ... AS96: =IF(AS$3="","",AR89+AR90-AS89)
A97: =SUM(C97:AS97) -> 2000 | B97: 払出額 | C97: 0 | D97: =IF(D$3="","",D96*D91) -> 0 | E97: =IF(E$3="","",E96*E91) -> 0 | F97: =IF(F$3="","",F96*F91) -> 800 | G97: =IF(G$3="","",G96*G91) -> 0 | H97: =IF(H$3="","",H96*H91) -> 0 | I97: =IF(I$3="","",I96*I91) -> 0 | J97: =IF(J$3="","",J96*J91) -> 400 | K97: =IF(K$3="","",K96*K91) -> 0 | ... AS97: =IF(AS$3="","",AS96*AS91)
A98: =IF(A97="","",A97/(A94*100)) -> 0.058309038 | B98: 原価率 | D98: =IF(D$3="","",IF(D97=0,"",D97/(D94*100))) | E98: =IF(E$3="","",IF(E97=0,"",E97/(E94*100))) | F98: =IF(F$3="","",IF(F97=0,"",F97/(F94*100))) -> 0.059701493 | G98: =IF(G$3="","",IF(G97=0,"",G97/(G94*100))) | H98: =IF(H$3="","",IF(H97=0,"",H97/(H94*100))) | I98: =IF(I$3="","",IF(I97=0,"",I97/(I94*100))) | J98: =IF(J$3="","",IF(J97=0,"",J97/(J94*100))) -> 0.125 | K98: =IF(K$3="","",IF(K97=0,"",K97/(K94*100))) | ... AS98: =IF(AS$3="","",IF(AS97=0,"",AS97/(AS94*100)))
A99: 鹿屋 | B99: 100円 | C99: 2762 | D99: =IF(D$3="","",C99) -> 2762 | E99: =IF(E$3="","",D99) -> 2762 | F99: 2833 | G99: =IF(G$3="","",F99) -> 2833 | H99: =IF(H$3="","",G99) -> 2833 | I99: =IF(I$3="","",H99) -> 2833 | J99: 2863 | K99: =IF(K$3="","",J99) -> 2863 | L99: =IF(L$3="","",K99) -> 2863 | M99: 2894 | N99: =IF(N$3="","",M99) -> 2894 | O99: =IF(O$3="","",N99) -> 2894 | P99: =IF(P$3="","",O99) -> 2894 | Q99: 2917 | R99: =IF(R$3="","",Q99) -> 2917 | S99: =IF(S$3="","",R99) -> 2917 | T99: 2948 | U99: =IF(U$3="","",T99) | V99: =IF(V$3="","",U99) | W99: =IF(W$3="","",V99) | X99: =IF(X$3="","",W99) | Y99: =IF(Y$3="","",X99) | Z99: =IF(Z$3="","",Y99) | AA99: =IF(AA$3="","",Z99) | AB99: =IF(AB$3="","",AA99) | ... AS99: =IF(AS$3="","",AR99)
A100: BUZZ＃3 | B100: プライズ | C100: 50 | D100: =IF(D$3="","",C100) -> 50 | E100: =IF(E$3="","",D100) -> 50 | F100: =IF(F$3="","",E100) -> 50 | G100: =IF(G$3="","",F100) -> 50 | H100: =IF(H$3="","",G100) -> 50 | I100: =IF(I$3="","",H100) -> 50 | J100: 51 | K100: =IF(K$3="","",J100) -> 51 | L100: =IF(L$3="","",K100) -> 51 | M100: 52 | N100: =IF(N$3="","",M100) -> 52 | O100: =IF(O$3="","",N100) -> 52 | P100: =IF(P$3="","",O100) -> 52 | Q100: 53 | R100: =IF(R$3="","",Q100) -> 53 | S100: =IF(S$3="","",R100) -> 53 | T100: =IF(T$3="","",S100) -> 53 | U100: =IF(U$3="","",T100) | V100: =IF(V$3="","",U100) | W100: =IF(W$3="","",V100) | X100: =IF(X$3="","",W100) | Y100: =IF(Y$3="","",X100) | ... AS100: =IF(AS$3="","",AR100)
...

Sheet 都城
A1: =SUM(A57,A69,A81,A93,A9,A21,A33,A45,A201,A213,A225,A237,A105,A117,A129,A141,A153,A165,A177,A189,A249,A261) -> 1085875 | B1: 日付 | C1: 46094 | D1: =C1+1 -> 46095 | E1: =D1+1 -> 46096 | F1: =E1+1 -> 46097 | G1: =F1+1 -> 46098 | H1: =G1+1 -> 46099 | I1: =H1+1 -> 46100 | J1: =I1+1 -> 46101 | K1: =J1+1 -> 46102 | ... AS1: =AR1+1 -> 46136
B2: =SUM(C2:AO2) -> 8687 | C2: 0 | D2: =SUM(D10,D22,D34,D46,D58,D70,D82,D94,D106,D118,D130,D142,D154,D166,D178,D190,D202,D214,D226,D238) -> 0 | E2: =SUM(E10,E22,E34,E46,E58,E70,E82,E94,E106,E118,E130,E142,E154,E166,E178,E190,E202,E214,E226,E238) -> 1174 | F2: =SUM(F10,F22,F34,F46,F58,F70,F82,F94,F106,F118,F130,F142,F154,F166,F178,F190,F202,F214,F226,F238) -> 0 | G2: =SUM(G10,G22,G34,G46,G58,G70,G82,G94,G106,G118,G130,G142,G154,G166,G178,G190,G202,G214,G226,G238) -> 0 | H2: =SUM(H10,H22,H34,H46,H58,H70,H82,H94,H106,H118,H130,H142,H154,H166,H178,H190,H202,H214,H226,H238) -> 917 | I2: =SUM(I10,I22,I34,I46,I58,I70,I82,I94,I106,I118,I130,I142,I154,I166,I178,I190,I202,I214,I226,I238) -> 0 | J2: =SUM(J10,J22,J34,J46,J58,J70,J82,J94,J106,J118,J130,J142,J154,J166,J178,J190,J202,J214,J226,J238) -> 0 | K2: =SUM(K10,K22,K34,K46,K58,K70,K82,K94,K106,K118,K130,K142,K154,K166,K178,K190,K202,K214,K226,K238) -> 0 | ... AS2: =SUM(AS10,AS22,AS34,AS46,AS58,AS70,AS82,AS94,AS106,AS118,AS130,AS142,AS154,AS166,AS178,AS190,AS202,AS214,AS226,AS238) -> 0
A3: 都城 | B3: 100円 | C3: 3874 | D3: 3874 | E3: 3917 | F3: 3917 | G3: 3917 | H3: 3945 | I3: 3945 | J3: 3945 | K3: 3945 | L3: 3955 | M3: 3955 | N3: 3955 | O3: 3955 | P3: 3966 | Q3: 3966 | R3: 3966 | S3: 3977 | T3: 3977 | U3: 4011 | V3: 4011 | W3: 4029 | X3: 4029 | Y3: 4029 | Z3: 4117
A4: BUZZ＃１ | B4: プライズ | C4: 86 | D4: =IF(D3="","",C4) -> 86 | E4: =IF(E3="","",D4) -> 86 | F4: =IF(F3="","",E4) -> 86 | G4: =IF(G3="","",F4) -> 86 | H4: 87 | I4: =IF(I3="","",H4) -> 87 | J4: =IF(J3="","",I4) -> 87 | K4: =IF(K3="","",J4) -> 87 | L4: =IF(L3="","",K4) -> 87 | M4: =IF(M3="","",L4) -> 87 | N4: =IF(N3="","",M4) -> 87 | O4: =IF(O3="","",N4) -> 87 | P4: =IF(P3="","",O4) -> 87 | Q4: =IF(Q3="","",P4) -> 87 | R4: 87 | S4: =IF(S3="","",R4) -> 87 | T4: =IF(T3="","",S4) -> 87 | U4: 93 | V4: =IF(V3="","",U4) -> 93 | W4: =IF(W3="","",V4) -> 93 | X4: =IF(X3="","",W4) -> 93 | Y4: =IF(Y3="","",X4) -> 93 | Z4: 94 | AA4: =IF(AA3="","",Z4) | AB4: =IF(AB3="","",AA4) | AC4: =IF(AC3="","",AB4) | AD4: =IF(AD3="","",AC4) | AE4: =IF(AE3="","",AD4) | AF4: =IF(AF3="","",AE4) | AG4: =IF(AG3="","",AF4) | AH4: =IF(AH3="","",AG4) | ... AS4: =IF(AS3="","",AR4)
A5: 1 | B5: 投入残 | C5: 4 | D5: =IF(D3="","",(C5+C6)) -> 4 | E5: =IF(E3="","",(D5+D6)) -> 4 | F5: =IF(F3="","",(E5+E6)) -> 4 | G5: =IF(G3="","",(F5+F6)) -> 4 | H5: 3 | I5: =IF(I3="","",(H5+H6)) -> 3 | J5: =IF(J3="","",(I5+I6)) -> 3 | K5: =IF(K3="","",(J5+J6)) -> 3 | L5: =IF(L3="","",(K5+K6)) -> 3 | M5: =IF(M3="","",(L5+L6)) -> 4 | N5: =IF(N3="","",(M5+M6)) -> 4 | O5: =IF(O3="","",(N5+N6)) -> 4 | P5: =IF(P3="","",(O5+O6)) -> 4 | ... T5: =IF(T3="","",(S5+S6)) -> 6 | U5: 0 | V5: =IF(V3="","",(U5+U6)) -> 3 | W5: 2 | X5: =IF(X3="","",(W5+W6)) -> 5 | Y5: =IF(Y3="","",(X5+X6)) -> 5 | Z5: 3 | AA5: =IF(AA3="","",(Z5+Z6)) | AB5: =IF(AB3="","",(AA5+AA6)) | AC5: =IF(AC3="","",(AB5+AB6)) | AD5: =IF(AD3="","",(AC5+AC6)) | AE5: =IF(AE3="","",(AD5+AD6)) | AF5: =IF(AF3="","",(AE5+AE6)) | AG5: =IF(AG3="","",(AF5+AF6)) | AH5: =IF(AH3="","",(AG5+AG6)) | ... AS5: =IF(AS3="","",(AR5+AR6))
A6: 機械合計 | B6: 補充 | L6: 1 | S6: 2 | U6: 3 | W6: 3
A7: =+(A10+A22+A34+A46)*100 -> 133800 | B7: 単価 | C7: 500 | D7: =IF(D3="","",C7) -> 500 | E7: =IF(E3="","",D7) -> 500 | F7: =IF(F3="","",E7) -> 500 | G7: =IF(G3="","",F7) -> 500 | H7: =IF(H3="","",G7) -> 500 | I7: =IF(I3="","",H7) -> 500 | J7: =IF(J3="","",I7) -> 500 | K7: =IF(K3="","",J7) -> 500 | ... AS7: =IF(AS3="","",AR7)
A8: 月間予想 | B8: 景品名 | C8: サンリオフェイスポーチ | D8: =IF(D3="","",C8) -> サンリオフェイスポーチ | E8: =IF(E3="","",D8) -> サンリオフェイスポーチ | F8: =IF(F3="","",E8) -> サンリオフェイスポーチ | G8: =IF(G3="","",F8) -> サンリオフェイスポーチ | H8: =IF(H3="","",G8) -> サンリオフェイスポーチ | I8: =IF(I3="","",H8) -> サンリオフェイスポーチ | J8: =IF(J3="","",I8) -> サンリオフェイスポーチ | K8: =IF(K3="","",J8) -> サンリオフェイスポーチ | ... R8: =IF(R3="","",Q8) -> サンリオフェイスポーチ | S8: フルーツモンチッチマスコット | T8: =IF(T3="","",S8) -> フルーツモンチッチマスコット | U8: =IF(U3="","",T8) -> フルーツモンチッチマスコット | V8: =IF(V3="","",U8) -> フルーツモンチッチマスコット | W8: =IF(W3="","",V8) -> フルーツモンチッチマスコット | X8: =IF(X3="","",W8) -> フルーツモンチッチマスコット | Y8: =IF(Y3="","",X8) -> フルーツモンチッチマスコット | Z8: =IF(Z3="","",Y8) -> フルーツモンチッチマスコット | AA8: =IF(AA3="","",Z8) | ... AS8: =IF(AS3="","",AR8)
A9: =AVERAGE(C10:AS10)*30*100 -> 30375 | B9: 設定
A10: =SUM(C10:AS10) -> 243 | B10: 百差 | C10: 0 | D10: =IF(D3="","",D3-C3) -> 0 | E10: =IF(E3="","",E3-D3) -> 43 | F10: =IF(F3="","",F3-E3) -> 0 | G10: =IF(G3="","",G3-F3) -> 0 | H10: =IF(H3="","",H3-G3) -> 28 | I10: =IF(I3="","",I3-H3) -> 0 | J10: =IF(J3="","",J3-I3) -> 0 | K10: =IF(K3="","",K3-J3) -> 0 | ... AS10: =IF(AS3="","",AS3-AR3)
A11: =SUM(C11:AS11) -> 8 | B11: P差 | C11: 0 | D11: =IF(D4="","",D4-C4) -> 0 | E11: =IF(E4="","",E4-D4) -> 0 | F11: =IF(F4="","",F4-E4) -> 0 | G11: =IF(G4="","",G4-F4) -> 0 | H11: =IF(H4="","",H4-G4) -> 1 | I11: =IF(I4="","",I4-H4) -> 0 | J11: =IF(J4="","",J4-I4) -> 0 | K11: =IF(K4="","",K4-J4) -> 0 | ... AS11: =IF(AS4="","",AS4-AR4)
A12: =SUM(C12:AS12) -> 10 | B12: 払出 | C12: 0 | D12: =IF(D5="","",C5+C6-D5) -> 0 | E12: =IF(E5="","",D5+D6-E5) -> 0 | F12: =IF(F5="","",E5+E6-F5) -> 0 | G12: =IF(G5="","",F5+F6-G5) -> 0 | H12: =IF(H5="","",G5+G6-H5) -> 1 | I12: =IF(I5="","",H5+H6-I5) -> 0 | J12: =IF(J5="","",I5+I6-J5) -> 0 | K12: =IF(K5="","",J5+J6-K5) -> 0 | ... AS12: =IF(AS5="","",AR5+AR6-AS5)
A13: =SUM(C13:AS13) -> 5000 | B13: 払出額 | C13: 0 | D13: =IF(D3="","",D12*D7) -> 0 | E13: =IF(E3="","",E12*E7) -> 0 | F13: =IF(F3="","",F12*F7) -> 0 | G13: =IF(G3="","",G12*G7) -> 0 | H13: =IF(H3="","",H12*H7) -> 500 | I13: =IF(I3="","",I12*I7) -> 0 | J13: =IF(J3="","",J12*J7) -> 0 | K13: =IF(K3="","",K12*K7) -> 0 | ... AS13: =IF(AS3="","",AS12*AS7)
A14: =IF(A13="","",A13/(A10*100)) -> 0.20576132 | B14: 原価率 | D14: =IF(D13="","",IF(D13=0,"",D13/(D10*100))) | E14: =IF(E13="","",IF(E13=0,"",E13/(E10*100))) | F14: =IF(F13="","",IF(F13=0,"",F13/(F10*100))) | G14: =IF(G13="","",IF(G13=0,"",G13/(G10*100))) | H14: =IF(H13="","",IF(H13=0,"",H13/(H10*100))) -> 0.17857143 | I14: =IF(I13="","",IF(I13=0,"",I13/(I10*100))) | J14: =IF(J13="","",IF(J13=0,"",J13/(J10*100))) | K14: =IF(K13="","",IF(K13=0,"",K13/(K10*100))) | ... AS14: =IF(AS13="","",IF(AS13=0,"",AS13/(AS10*100)))
A15: 都城 | B15: 100円 | C15: 6317 | D15: =IF(D3="","",C15) -> 6317 | E15: 6378 | F15: =IF(F3="","",E15) -> 6378 | G15: =IF(G3="","",F15) -> 6378 | H15: 6390 | I15: =IF(I3="","",H15) -> 6390 | J15: =IF(J3="","",I15) -> 6390 | K15: =IF(K3="","",J15) -> 6390 | L15: 6459 | M15: =IF(M3="","",L15) -> 6459 | N15: =IF(N3="","",M15) -> 6459 | O15: =IF(O3="","",N15) -> 6459 | P15: 6508 | Q15: =IF(Q3="","",P15) -> 6508 | R15: =IF(R3="","",Q15) -> 6508 | S15: 6565 | T15: =IF(T3="","",S15) -> 6565 | U15: =IF(U3="","",T15) -> 6565 | V15: =IF(V3="","",U15) -> 6565 | W15: 6630 | X15: =IF(X3="","",W15) -> 6630 | Y15: =IF(Y3="","",X15) -> 6630 | Z15: 6724 | AA15: =IF(AA3="","",Z15) | AB15: =IF(AB3="","",AA15) | AC15: =IF(AC3="","",AB15) | AD15: =IF(AD3="","",AC15) | AE15: =IF(AE3="","",AD15) | AF15: =IF(AF3="","",AE15) | AG15: =IF(AG3="","",AF15) | AH15: =IF(AH3="","",AG15) | ... AS15: =IF(AS3="","",AR15)
A16: BUZZ＃１ | B16: プライズ | C16: 86 | D16: =IF(D3="","",C16) -> 86 | E16: 87 | F16: =IF(F3="","",E16) -> 87 | G16: =IF(G3="","",F16) -> 87 | H16: =IF(H3="","",G16) -> 87 | I16: =IF(I3="","",H16) -> 87 | J16: =IF(J3="","",I16) -> 87 | K16: =IF(K3="","",J16) -> 87 | L16: 88 | M16: =IF(M3="","",L16) -> 88 | N16: =IF(N3="","",M16) -> 88 | O16: =IF(O3="","",N16) -> 88 | P16: =IF(P3="","",O16) -> 88 | Q16: =IF(Q3="","",P16) -> 88 | R16: =IF(R3="","",Q16) -> 88 | S16: 89 | T16: =IF(T3="","",S16) -> 89 | U16: =IF(U3="","",T16) -> 89 | V16: =IF(V3="","",U16) -> 89 | W16: 90 | X16: =IF(X3="","",W16) -> 90 | Y16: =IF(Y3="","",X16) -> 90 | Z16: =IF(Z3="","",Y16) -> 90 | AA16: =IF(AA3="","",Z16) | AB16: =IF(AB3="","",AA16) | AC16: =IF(AC3="","",AB16) | AD16: =IF(AD3="","",AC16) | AE16: =IF(AE3="","",AD16) | ... AS16: =IF(AS3="","",AR16)
A17: 2 | B17: 投入残 | C17: 7 | D17: =IF(D15="","",(C17+C18)) -> 7 | E17: 5 | F17: =IF(F15="","",(E17+E18)) -> 5 | G17: =IF(G15="","",(F17+F18)) -> 5 | H17: =IF(H15="","",(G17+G18)) -> 5 | I17: =IF(I15="","",(H17+H18)) -> 5 | J17: =IF(J15="","",(I17+I18)) -> 5 | K17: =IF(K15="","",(J17+J18)) -> 5 | L17: 3 | M17: =IF(M15="","",(L17+L18)) -> 7 | N17: =IF(N15="","",(M17+M18)) -> 7 | O17: =IF(O15="","",(N17+N18)) -> 7 | P17: =IF(P15="","",(O17+O18)) -> 7 | Q17: =IF(Q15="","",(P17+P18)) -> 7 | R17: =IF(R15="","",(Q17+Q18)) -> 7 | S17: 6 | T17: =IF(T15="","",(S17+S18)) -> 6 | U17: =IF(U15="","",(T17+T18)) -> 6 | V17: =IF(V15="","",(U17+U18)) -> 6 | W17: 5 | X17: =IF(X15="","",(W17+W18)) -> 6 | Y17: =IF(Y15="","",(X17+X18)) -> 6 | Z17: =IF(Z15="","",(Y17+Y18)) -> 6 | AA17: =IF(AA15="","",(Z17+Z18)) | AB17: =IF(AB15="","",(AA17+AA18)) | AC17: =IF(AC15="","",(AB17+AB18)) | AD17: =IF(AD15="","",(AC17+AC18)) | AE17: =IF(AE15="","",(AD17+AD18)) | ... AS17: =IF(AS15="","",(AR17+AR18))
B18: 補充 | L18: 4 | W18: 1
B19: 単価 | C19: 800 | D19: =IF(D15="","",C19) -> 800 | E19: =IF(E15="","",D19) -> 800 | F19: =IF(F15="","",E19) -> 800 | G19: =IF(G15="","",F19) -> 800 | H19: =IF(H15="","",G19) -> 800 | I19: =IF(I15="","",H19) -> 800 | J19: =IF(J15="","",I19) -> 800 | K19: =IF(K15="","",J19) -> 800 | ... AS19: =IF(AS15="","",AR19)
A20: 月間予想 | B20: 景品名 | C20: ミニデジタルカメラ | D20: =IF(D15="","",C20) -> ミニデジタルカメラ | E20: =IF(E15="","",D20) -> ミニデジタルカメラ | F20: =IF(F15="","",E20) -> ミニデジタルカメラ | G20: =IF(G15="","",F20) -> ミニデジタルカメラ | H20: =IF(H15="","",G20) -> ミニデジタルカメラ | I20: =IF(I15="","",H20) -> ミニデジタルカメラ | J20: =IF(J15="","",I20) -> ミニデジタルカメラ | K20: =IF(K15="","",J20) -> ミニデジタルカメラ | ... AS20: =IF(AS15="","",AR20)
A21: =AVERAGE(C22:AS22)*30*100 -> 50875 | B21: 設定
A22: =SUM(C22:AS22) -> 407 | B22: 百差 | C22: 0 | D22: =IF(D15="","",D15-C15) -> 0 | E22: =IF(E15="","",E15-D15) -> 61 | F22: =IF(F15="","",F15-E15) -> 0 | G22: =IF(G15="","",G15-F15) -> 0 | H22: =IF(H15="","",H15-G15) -> 12 | I22: =IF(I15="","",I15-H15) -> 0 | J22: =IF(J15="","",J15-I15) -> 0 | K22: =IF(K15="","",K15-J15) -> 0 | ... AS22: =IF(AS15="","",AS15-AR15)
A23: =SUM(C23:AS23) -> 4 | B23: P差 | C23: 0 | D23: =IF(D16="","",D16-C16) -> 0 | E23: =IF(E16="","",E16-D16) -> 1 | F23: =IF(F16="","",F16-E16) -> 0 | G23: =IF(G16="","",G16-F16) -> 0 | H23: =IF(H16="","",H16-G16) -> 0 | I23: =IF(I16="","",I16-H16) -> 0 | J23: =IF(J16="","",J16-I16) -> 0 | K23: =IF(K16="","",K16-J16) -> 0 | ... AS23: =IF(AS16="","",AS16-AR16)
A24: =SUM(C24:AS24) -> 6 | B24: 払出 | C24: 0 | D24: =IF(D17="","",C17+C18-D17) -> 0 | E24: =IF(E17="","",D17+D18-E17) -> 2 | F24: =IF(F17="","",E17+E18-F17) -> 0 | G24: =IF(G17="","",F17+F18-G17) -> 0 | H24: =IF(H17="","",G17+G18-H17) -> 0 | I24: =IF(I17="","",H17+H18-I17) -> 0 | J24: =IF(J17="","",I17+I18-J17) -> 0 | K24: =IF(K17="","",J17+J18-K17) -> 0 | ... AS24: =IF(AS17="","",AR17+AR18-AS17)
A25: =SUM(C25:AS25) -> 4800 | B25: 払出額 | C25: 0 | D25: =IF(D15="","",D24*D19) -> 0 | E25: =IF(E15="","",E24*E19) -> 1600 | F25: =IF(F15="","",F24*F19) -> 0 | G25: =IF(G15="","",G24*G19) -> 0 | H25: =IF(H15="","",H24*H19) -> 0 | I25: =IF(I15="","",I24*I19) -> 0 | J25: =IF(J15="","",J24*J19) -> 0 | K25: =IF(K15="","",K24*K19) -> 0 | ... AS25: =IF(AS15="","",AS24*AS19)
A26: =IF(A25="","",A25/(A22*100)) -> 0.11793612 | B26: 原価率 | D26: =IF(D25="","",IF(D25=0,"",D25/(D22*100))) | E26: =IF(E25="","",IF(E25=0,"",E25/(E22*100))) -> 0.26229508 | F26: =IF(F25="","",IF(F25=0,"",F25/(F22*100))) | G26: =IF(G25="","",IF(G25=0,"",G25/(G22*100))) | H26: =IF(H25="","",IF(H25=0,"",H25/(H22*100))) | I26: =IF(I25="","",IF(I25=0,"",I25/(I22*100))) | J26: =IF(J25="","",IF(J25=0,"",J25/(J22*100))) | K26: =IF(K25="","",IF(K25=0,"",K25/(K22*100))) | ... AS26: =IF(AS25="","",IF(AS25=0,"",AS25/(AS22*100)))
A27: 都城 | B27: 100円 | C27: 6840 | D27: =IF(D3="","",C27) -> 6840 | E27: 6908 | F27: =IF(F3="","",E27) -> 6908 | G27: =IF(G3="","",F27) -> 6908 | H27: 6921 | I27: =IF(I3="","",H27) -> 6921 | J27: =IF(J3="","",I27) -> 6921 | K27: =IF(K3="","",J27) -> 6921 | L27: 6991 | M27: =IF(M3="","",L27) -> 6991 | N27: =IF(N3="","",M27) -> 6991 | O27: =IF(O3="","",N27) -> 6991 | P27: 7047 | Q27: =IF(Q3="","",P27) -> 7047 | R27: =IF(R3="","",Q27) -> 7047 | S27: 7098 | T27: =IF(T3="","",S27) -> 7098 | U27: =IF(U3="","",T27) -> 7098 | V27: =IF(V3="","",U27) -> 7098 | W27: 7191 | X27: =IF(X3="","",W27) -> 7191 | Y27: =IF(Y3="","",X27) -> 7191 | Z27: 7242 | AA27: =IF(AA3="","",Z27) | AB27: =IF(AB3="","",AA27) | AC27: =IF(AC3="","",AB27) | AD27: =IF(AD3="","",AC27) | AE27: =IF(AE3="","",AD27) | AF27: =IF(AF3="","",AE27) | AG27: =IF(AG3="","",AF27) | AH27: =IF(AH3="","",AG27) | ... AS27: =IF(AS3="","",AR27)
A28: BUZZ＃１ | B28: プライズ | C28: 241 | D28: =IF(D3="","",C28) -> 241 | E28: 242 | F28: =IF(F3="","",E28) -> 242 | G28: =IF(G3="","",F28) -> 242 | H28: =IF(H3="","",G28) -> 242 | I28: =IF(I3="","",H28) -> 242 | J28: =IF(J3="","",I28) -> 242 | K28: =IF(K3="","",J28) -> 242 | L28: =IF(L3="","",K28) -> 242 | M28: =IF(M3="","",L28) -> 242 | ... O28: =IF(O3="","",N28) -> 242 | P28: 243 | Q28: =IF(Q3="","",P28) -> 243 | R28: =IF(R3="","",Q28) -> 243 | S28: 244 | T28: =IF(T3="","",S28) -> 244 | U28: =IF(U3="","",T28) -> 244 | V28: =IF(V3="","",U28) -> 244 | W28: 245 | X28: =IF(X3="","",W28) -> 245 | Y28: =IF(Y3="","",X28) -> 245 | Z28: 246 | AA28: =IF(AA3="","",Z28) | AB28: =IF(AB3="","",AA28) | AC28: =IF(AC3="","",AB28) | AD28: =IF(AD3="","",AC28) | AE28: =IF(AE3="","",AD28) | AF28: =IF(AF3="","",AE28) | AG28: =IF(AG3="","",AF28) | AH28: =IF(AH3="","",AG28) | ... AS28: =IF(AS3="","",AR28)
A29: 3 | B29: 投入残 | C29: 9 | D29: =IF(D27="","",(C29+C30)) -> 9 | E29: 8 | F29: =IF(F27="","",(E29+E30)) -> 8 | G29: =IF(G27="","",(F29+F30)) -> 8 | H29: =IF(H27="","",(G29+G30)) -> 8 | I29: =IF(I27="","",(H29+H30)) -> 8 | J29: =IF(J27="","",(I29+I30)) -> 8 | K29: =IF(K27="","",(J29+J30)) -> 8 | L29: =IF(L27="","",(K29+K30)) -> 8 | M29: =IF(M27="","",(L29+L30)) -> 8 | ... V29: =IF(V27="","",(U29+U30)) -> 8 | W29: 7 | X29: =IF(X27="","",(W29+W30)) -> 7 | Y29: =IF(Y27="","",(X29+X30)) -> 7 | Z29: =IF(Z27="","",(Y29+Y30)) -> 7 | AA29: =IF(AA27="","",(Z29+Z30)) | AB29: =IF(AB27="","",(AA29+AA30)) | AC29: =IF(AC27="","",(AB29+AB30)) | AD29: =IF(AD27="","",(AC29+AC30)) | AE29: =IF(AE27="","",(AD29+AD30)) | ... AS29: =IF(AS27="","",(AR29+AR30))
B30: 補充
B31: 単価 | C31: 175 | D31: =IF(D27="","",C31) -> 175 | E31: =IF(E27="","",D31) -> 175 | F31: =IF(F27="","",E31) -> 175 | G31: =IF(G27="","",F31) -> 175 | H31: =IF(H27="","",G31) -> 175 | I31: =IF(I27="","",H31) -> 175 | J31: =IF(J27="","",I31) -> 175 | K31: =IF(K27="","",J31) -> 175 | ... AS31: =IF(AS27="","",AR31)
A32: 月間予想 | B32: 景品名 | C32: スライム | D32: =IF(D27="","",C32) -> スライム | E32: =IF(E27="","",D32) -> スライム | F32: =IF(F27="","",E32) -> スライム | G32: =IF(G27="","",F32) -> スライム | H32: =IF(H27="","",G32) -> スライム | I32: =IF(I27="","",H32) -> スライム | J32: =IF(J27="","",I32) -> スライム | K32: =IF(K27="","",J32) -> スライム | ... AS32: =IF(AS27="","",AR32)
A33: =AVERAGE(C34:AS34)*30*100 -> 50250 | B33: 設定
A34: =SUM(C34:AS34) -> 402 | B34: 百差 | C34: 0 | D34: =IF(D27="","",D27-C27) -> 0 | E34: =IF(E27="","",E27-D27) -> 68 | F34: =IF(F27="","",F27-E27) -> 0 | G34: =IF(G27="","",G27-F27) -> 0 | H34: =IF(H27="","",H27-G27) -> 13 | I34: =IF(I27="","",I27-H27) -> 0 | J34: =IF(J27="","",J27-I27) -> 0 | K34: =IF(K27="","",K27-J27) -> 0 | ... AS34: =IF(AS27="","",AS27-AR27)
A35: =SUM(C35:AS35) -> 5 | B35: P差 | C35: 0 | D35: =IF(D28="","",D28-C28) -> 0 | E35: =IF(E28="","",E28-D28) -> 1 | F35: =IF(F28="","",F28-E28) -> 0 | G35: =IF(G28="","",G28-F28) -> 0 | H35: =IF(H28="","",H28-G28) -> 0 | I35: =IF(I28="","",I28-H28) -> 0 | J35: =IF(J28="","",J28-I28) -> 0 | K35: =IF(K28="","",K28-J28) -> 0 | ... AS35: =IF(AS28="","",AS28-AR28)
A36: =SUM(C36:AS36) -> 2 | B36: 払出 | C36: 0 | D36: =IF(D29="","",C29+C30-D29) -> 0 | E36: =IF(E29="","",D29+D30-E29) -> 1 | F36: =IF(F29="","",E29+E30-F29) -> 0 | G36: =IF(G29="","",F29+F30-G29) -> 0 | H36: =IF(H29="","",G29+G30-H29) -> 0 | I36: =IF(I29="","",H29+H30-I29) -> 0 | J36: =IF(J29="","",I29+I30-J29) -> 0 | K36: =IF(K29="","",J29+J30-K29) -> 0 | ... AS36: =IF(AS29="","",AR29+AR30-AS29)
A37: =SUM(C37:AS37) -> 350 | B37: 払出額 | C37: 0 | D37: =IF(D27="","",D36*D31) -> 0 | E37: =IF(E27="","",E36*E31) -> 175 | F37: =IF(F27="","",F36*F31) -> 0 | G37: =IF(G27="","",G36*G31) -> 0 | H37: =IF(H27="","",H36*H31) -> 0 | I37: =IF(I27="","",I36*I31) -> 0 | J37: =IF(J27="","",J36*J31) -> 0 | K37: =IF(K27="","",K36*K31) -> 0 | ... AS37: =IF(AS27="","",AS36*AS31)
A38: =IF(A37="","",A37/(A34*100)) -> 0.0087064677 | B38: 原価率 | D38: =IF(D37="","",IF(D37=0,"",D37/(D34*100))) | E38: =IF(E37="","",IF(E37=0,"",E37/(E34*100))) -> 0.025735294 | F38: =IF(F37="","",IF(F37=0,"",F37/(F34*100))) | G38: =IF(G37="","",IF(G37=0,"",G37/(G34*100))) | H38: =IF(H37="","",IF(H37=0,"",H37/(H34*100))) | I38: =IF(I37="","",IF(I37=0,"",I37/(I34*100))) | J38: =IF(J37="","",IF(J37=0,"",J37/(J34*100))) | K38: =IF(K37="","",IF(K37=0,"",K37/(K34*100))) | ... AS38: =IF(AS37="","",IF(AS37=0,"",AS37/(AS34*100)))
A39: 都城 | B39: 100円 | C39: 3452 | D39: =IF(D3="","",C39) -> 3452 | E39: 3495 | F39: =IF(F3="","",E39) -> 3495 | G39: =IF(G3="","",F39) -> 3495 | H39: 3502 | I39: =IF(I3="","",H39) -> 3502 | J39: =IF(J3="","",I39) -> 3502 | K39: =IF(K3="","",J39) -> 3502 | L39: 3545 | M39: =IF(M3="","",L39) -> 3545 | N39: =IF(N3="","",M39) -> 3545 | O39: =IF(O3="","",N39) -> 3545 | P39: 3559 | Q39: =IF(Q3="","",P39) -> 3559 | R39: =IF(R3="","",Q39) -> 3559 | S39: 3588 | T39: =IF(T3="","",S39) -> 3588 | U39: =IF(U3="","",T39) -> 3588 | V39: =IF(V3="","",U39) -> 3588 | W39: 3714 | X39: =IF(X3="","",W39) -> 3714 | Y39: =IF(Y3="","",X39) -> 3714 | Z39: 3738 | AA39: =IF(AA3="","",Z39) | AB39: =IF(AB3="","",AA39) | AC39: =IF(AC3="","",AB39) | AD39: =IF(AD3="","",AC39) | AE39: =IF(AE3="","",AD39) | AF39: =IF(AF3="","",AE39) | AG39: =IF(AG3="","",AF39) | AH39: =IF(AH3="","",AG39) | ... AS39: =IF(AS3="","",AR39)
A40: BUZZ＃１ | B40: プライズ | C40: 70 | D40: =IF(D3="","",C40) -> 70 | E40: 73 | F40: =IF(F3="","",E40) -> 73 | G40: =IF(G3="","",F40) -> 73 | H40: =IF(H3="","",G40) -> 73 | I40: =IF(I3="","",H40) -> 73 | J40: =IF(J3="","",I40) -> 73 | K40: =IF(K3="","",J40) -> 73 | L40: 74 | M40: =IF(M3="","",L40) -> 74 | N40: =IF(N3="","",M40) -> 74 | O40: =IF(O3="","",N40) -> 74 | P40: 76 | Q40: =IF(Q3="","",P40) -> 76 | R40: =IF(R3="","",Q40) -> 76 | S40: =IF(S3="","",R40) -> 76 | T40: =IF(T3="","",S40) -> 76 | U40: =IF(U3="","",T40) -> 76 | V40: =IF(V3="","",U40) -> 76 | W40: 88 | X40: =IF(X3="","",W40) -> 88 | Y40: =IF(Y3="","",X40) -> 88 | Z40: 91 | AA40: =IF(AA3="","",Z40) | AB40: =IF(AB3="","",AA40) | AC40: =IF(AC3="","",AB40) | AD40: =IF(AD3="","",AC40) | AE40: =IF(AE3="","",AD40) | AF40: =IF(AF3="","",AE40) | AG40: =IF(AG3="","",AF40) | AH40: =IF(AH3="","",AG40) | ... AS40: =IF(AS3="","",AR40)
A41: 4 | B41: 投入残 | C41: 94 | D41: =IF(D39="","",(C41+C42)) -> 94 | E41: 91 | F41: =IF(F39="","",(E41+E42)) -> 91 | G41: =IF(G39="","",(F41+F42)) -> 91 | H41: =IF(H39="","",(G41+G42)) -> 91 | I41: =IF(I39="","",(H41+H42)) -> 91 | J41: =IF(J39="","",(I41+I42)) -> 91 | K41: =IF(K39="","",(J41+J42)) -> 91 | L41: 90 | M41: =IF(M39="","",(L41+L42)) -> 90 | N41: =IF(N39="","",(M41+M42)) -> 90 | O41: =IF(O39="","",(N41+N42)) -> 90 | P41: 88 | Q41: =IF(Q39="","",(P41+P42)) -> 88 | R41: =IF(R39="","",(Q41+Q42)) -> 88 | S41: =IF(S39="","",(R41+R42)) -> 88 | T41: =IF(T39="","",(S41+S42)) -> 88 | U41: =IF(U39="","",(T41+T42)) -> 88 | V41: =IF(V39="","",(U41+U42)) -> 88 | W41: 76 | X41: =IF(X39="","",(W41+W42)) -> 76 | Y41: =IF(Y39="","",(X41+X42)) -> 76 | Z41: 73 | AA41: =IF(AA39="","",(Z41+Z42)) | AB41: =IF(AB39="","",(AA41+AA42)) | AC41: =IF(AC39="","",(AB41+AB42)) | AD41: =IF(AD39="","",(AC41+AC42)) | AE41: =IF(AE39="","",(AD41+AD42)) | AF41: =IF(AF39="","",(AE41+AE42)) | AG41: =IF(AG39="","",(AF41+AF42)) | AH41: =IF(AH39="","",(AG41+AG42)) | ... AS41: =IF(AS39="","",(AR41+AR42))
B42: 補充
B43: 単価 | C43: 100 | D43: =IF(D39="","",C43) -> 100 | E43: =IF(E39="","",D43) -> 100 | F43: =IF(F39="","",E43) -> 100 | G43: =IF(G39="","",F43) -> 100 | H43: =IF(H39="","",G43) -> 100 | I43: =IF(I39="","",H43) -> 100 | J43: =IF(J39="","",I43) -> 100 | K43: =IF(K39="","",J43) -> 100 | ... AS43: =IF(AS39="","",AR43)
A44: 月間予想 | B44: 景品名 | C44: アングリー | D44: =IF(D39="","",C44) -> アングリー | E44: =IF(E39="","",D44) -> アングリー | F44: =IF(F39="","",E44) -> アングリー | G44: =IF(G39="","",F44) -> アングリー | H44: =IF(H39="","",G44) -> アングリー | I44: =IF(I39="","",H44) -> アングリー | J44: =IF(J39="","",I44) -> アングリー | K44: =IF(K39="","",J44) -> アングリー | ... AS44: =IF(AS39="","",AR44)
A45: =AVERAGE(C46:AS46)*30*100 -> 35750 | B45: 設定
A46: =SUM(C46:AS46) -> 286 | B46: 百差 | C46: 0 | D46: =IF(D39="","",D39-C39) -> 0 | E46: =IF(E39="","",E39-D39) -> 43 | F46: =IF(F39="","",F39-E39) -> 0 | G46: =IF(G39="","",G39-F39) -> 0 | H46: =IF(H39="","",H39-G39) -> 7 | I46: =IF(I39="","",I39-H39) -> 0 | J46: =IF(J39="","",J39-I39) -> 0 | K46: =IF(K39="","",K39-J39) -> 0 | ... AS46: =IF(AS39="","",AS39-AR39)
A47: =SUM(C47:AS47) -> 21 | B47: P差 | C47: 0 | D47: =IF(D40="","",D40-C40) -> 0 | E47: =IF(E40="","",E40-D40) -> 3 | F47: =IF(F40="","",F40-E40) -> 0 | G47: =IF(G40="","",G40-F40) -> 0 | H47: =IF(H40="","",H40-G40) -> 0 | I47: =IF(I40="","",I40-H40) -> 0 | J47: =IF(J40="","",J40-I40) -> 0 | K47: =IF(K40="","",K40-J40) -> 0 | ... AS47: =IF(AS40="","",AS40-AR40)
A48: =SUM(C48:AS48) -> 21 | B48: 払出 | C48: 0 | D48: =IF(D41="","",C41+C42-D41) -> 0 | E48: =IF(E41="","",D41+D42-E41) -> 3 | F48: =IF(F41="","",E41+E42-F41) -> 0 | G48: =IF(G41="","",F41+F42-G41) -> 0 | H48: =IF(H41="","",G41+G42-H41) -> 0 | I48: =IF(I41="","",H41+H42-I41) -> 0 | J48: =IF(J41="","",I41+I42-J41) -> 0 | K48: =IF(K41="","",J41+J42-K41) -> 0 | ... AS48: =IF(AS41="","",AR41+AR42-AS41)
A49: =SUM(C49:AS49) -> 2100 | B49: 払出額 | C49: 0 | D49: =IF(D39="","",D48*D43) -> 0 | E49: =IF(E39="","",E48*E43) -> 300 | F49: =IF(F39="","",F48*F43) -> 0 | G49: =IF(G39="","",G48*G43) -> 0 | H49: =IF(H39="","",H48*H43) -> 0 | I49: =IF(I39="","",I48*I43) -> 0 | J49: =IF(J39="","",J48*J43) -> 0 | K49: =IF(K39="","",K48*K43) -> 0 | ... AS49: =IF(AS39="","",AS48*AS43)
A50: =IF(A49="","",A49/(A46*100)) -> 0.073426573 | B50: 原価率 | D50: =IF(D49="","",IF(D49=0,"",D49/(D46*100))) | E50: =IF(E49="","",IF(E49=0,"",E49/(E46*100))) -> 0.069767442 | F50: =IF(F49="","",IF(F49=0,"",F49/(F46*100))) | G50: =IF(G49="","",IF(G49=0,"",G49/(G46*100))) | H50: =IF(H49="","",IF(H49=0,"",H49/(H46*100))) | I50: =IF(I49="","",IF(I49=0,"",I49/(I46*100))) | J50: =IF(J49="","",IF(J49=0,"",J49/(J46*100))) | K50: =IF(K49="","",IF(K49=0,"",K49/(K46*100))) | ... AS50: =IF(AS49="","",IF(AS49=0,"",AS49/(AS46*100)))
A51: 都城 | B51: 100円 | C51: 3466 | D51: =IF(D$3="","",C51) -> 3466 | E51: 3500 | F51: =IF(F$3="","",E51) -> 3500 | G51: =IF(G$3="","",F51) -> 3500 | H51: 3547 | I51: =IF(I$3="","",H51) -> 3547 | J51: =IF(J$3="","",I51) -> 3547 | K51: =IF(K$3="","",J51) -> 3547 | L51: 3599 | M51: =IF(M$3="","",L51) -> 3599 | N51: =IF(N$3="","",M51) -> 3599 | O51: =IF(O$3="","",N51) -> 3599 | P51: 3647 | Q51: =IF(Q$3="","",P51) -> 3647 | R51: =IF(R$3="","",Q51) -> 3647 | S51: 3689 | T51: =IF(T$3="","",S51) -> 3689 | U51: =IF(U$3="","",T51) -> 3689 | V51: =IF(V$3="","",U51) -> 3689 | W51: 3754 | X51: =IF(X$3="","",W51) -> 3754 | Y51: =IF(Y$3="","",X51) -> 3754 | Z51: 3776 | AA51: =IF(AA$3="","",Z51) | AB51: =IF(AB$3="","",AA51) | AC51: =IF(AC$3="","",AB51) | AD51: =IF(AD$3="","",AC51) | AE51: =IF(AE$3="","",AD51) | AF51: =IF(AF$3="","",AE51) | AG51: =IF(AG$3="","",AF51) | AH51: =IF(AH$3="","",AG51) | ... AS51: =IF(AS$3="","",AR51)
A52: BUZZ＃2 | B52: プライズ | C52: 96 | D52: =IF(D$3="","",C52) -> 96 | E52: 98 | F52: =IF(F$3="","",E52) -> 98 | G52: =IF(G$3="","",F52) -> 98 | H52: 101 | I52: =IF(I$3="","",H52) -> 101 | J52: =IF(J$3="","",I52) -> 101 | K52: =IF(K$3="","",J52) -> 101 | L52: 102 | M52: =IF(M$3="","",L52) -> 102 | N52: =IF(N$3="","",M52) -> 102 | O52: =IF(O$3="","",N52) -> 102 | P52: 104 | Q52: =IF(Q$3="","",P52) -> 104 | R52: =IF(R$3="","",Q52) -> 104 | S52: 108 | T52: =IF(T$3="","",S52) -> 108 | U52: =IF(U$3="","",T52) -> 108 | V52: =IF(V$3="","",U52) -> 108 | W52: 109 | X52: =IF(X$3="","",W52) -> 109 | Y52: =IF(Y$3="","",X52) -> 109 | Z52: 110 | AA52: =IF(AA$3="","",Z52) | AB52: =IF(AB$3="","",AA52) | AC52: =IF(AC$3="","",AB52) | AD52: =IF(AD$3="","",AC52) | AE52: =IF(AE$3="","",AD52) | AF52: =IF(AF$3="","",AE52) | AG52: =IF(AG$3="","",AF52) | AH52: =IF(AH$3="","",AG52) | ... AS52: =IF(AS$3="","",AR52)
A53: 1 | B53: 投入残 | C53: 20 | D53: =IF(D$3="","",(C53+C54)) -> 20 | E53: 17 | F53: =IF(F$3="","",(E53+E54)) -> 20 | G53: =IF(G$3="","",(F53+F54)) -> 20 | H53: 17 | I53: =IF(I$3="","",(H53+H54)) -> 17 | J53: =IF(J$3="","",(I53+I54)) -> 17 | K53: =IF(K$3="","",(J53+J54)) -> 17 | L53: 16 | M53: =IF(M$3="","",(L53+L54)) -> 26 | N53: =IF(N$3="","",(M53+M54)) -> 26 | O53: =IF(O$3="","",(N53+N54)) -> 26 | P53: 24 | Q53: =IF(Q$3="","",(P53+P54)) -> 24 | R53: =IF(R$3="","",(Q53+Q54)) -> 24 | S53: 20 | T53: =IF(T$3="","",(S53+S54)) -> 20 | U53: =IF(U$3="","",(T53+T54)) -> 20 | V53: =IF(V$3="","",(U53+U54)) -> 20 | W53: 19 | X53: =IF(X$3="","",(W53+W54)) -> 19 | Y53: =IF(Y$3="","",(X53+X54)) -> 19 | Z53: 18 | AA53: =IF(AA$3="","",(Z53+Z54)) | AB53: =IF(AB$3="","",(AA53+AA54)) | AC53: =IF(AC$3="","",(AB53+AB54)) | AD53: =IF(AD$3="","",(AC53+AC54)) | AE53: =IF(AE$3="","",(AD53+AD54)) | AF53: =IF(AF$3="","",(AE53+AE54)) | AG53: =IF(AG$3="","",(AF53+AF54)) | AH53: =IF(AH$3="","",(AG53+AG54)) | ... AS53: =IF(AS$3="","",(AR53+AR54))
A54: 機械合計 | B54: 補充 | E54: 3 | L54: 10
A55: =+(A58+A70+A82+A94)*100 -> 136000 | B55: 単価 | C55: 250 | D55: =IF(D$3="","",C55) -> 250 | E55: =IF(E$3="","",D55) -> 250 | F55: =IF(F$3="","",E55) -> 250 | G55: =IF(G$3="","",F55) -> 250 | H55: =IF(H$3="","",G55) -> 250 | I55: =IF(I$3="","",H55) -> 250 | J55: =IF(J$3="","",I55) -> 250 | K55: =IF(K$3="","",J55) -> 250 | ... AS55: =IF(AS$3="","",AR55)
A56: 月間予想 | B56: 景品名 | C56: 電ブル | D56: =IF(D$3="","",C56) -> 電ブル | E56: =IF(E$3="","",D56) -> 電ブル | F56: =IF(F$3="","",E56) -> 電ブル | G56: =IF(G$3="","",F56) -> 電ブル | H56: =IF(H$3="","",G56) -> 電ブル | I56: =IF(I$3="","",H56) -> 電ブル | J56: =IF(J$3="","",I56) -> 電ブル | K56: =IF(K$3="","",J56) -> 電ブル | ... AS56: =IF(AS$3="","",AR56)
A57: =AVERAGE(C58:AS58)*30*100 -> 38750 | B57: 設定
A58: =SUM(C58:AS58) -> 310 | B58: 百差 | C58: 0 | D58: =IF(D$3="","",D51-C51) -> 0 | E58: =IF(E$3="","",E51-D51) -> 34 | F58: =IF(F$3="","",F51-E51) -> 0 | G58: =IF(G$3="","",G51-F51) -> 0 | H58: =IF(H$3="","",H51-G51) -> 47 | I58: =IF(I$3="","",I51-H51) -> 0 | J58: =IF(J$3="","",J51-I51) -> 0 | K58: =IF(K$3="","",K51-J51) -> 0 | ... AS58: =IF(AS$3="","",AS51-AR51)
A59: =SUM(C59:AS59) -> 14 | B59: P差 | C59: 0 | D59: =IF(D$3="","",D52-C52) -> 0 | E59: =IF(E$3="","",E52-D52) -> 2 | F59: =IF(F$3="","",F52-E52) -> 0 | G59: =IF(G$3="","",G52-F52) -> 0 | H59: =IF(H$3="","",H52-G52) -> 3 | I59: =IF(I$3="","",I52-H52) -> 0 | J59: =IF(J$3="","",J52-I52) -> 0 | K59: =IF(K$3="","",K52-J52) -> 0 | ... AS59: =IF(AS$3="","",AS52-AR52)
A60: =SUM(C60:AS60) -> 15 | B60: 払出 | C60: 0 | D60: =IF(D$3="","",C53+C54-D53) -> 0 | E60: =IF(E$3="","",D53+D54-E53) -> 3 | F60: =IF(F$3="","",E53+E54-F53) -> 0 | G60: =IF(G$3="","",F53+F54-G53) -> 0 | H60: =IF(H$3="","",G53+G54-H53) -> 3 | I60: =IF(I$3="","",H53+H54-I53) -> 0 | J60: =IF(J$3="","",I53+I54-J53) -> 0 | K60: =IF(K$3="","",J53+J54-K53) -> 0 | ... AS60: =IF(AS$3="","",AR53+AR54-AS53)
A61: =SUM(C61:AS61) -> 3750 | B61: 払出額 | C61: 0 | D61: =IF(D$3="","",D60*D55) -> 0 | E61: =IF(E$3="","",E60*E55) -> 750 | F61: =IF(F$3="","",F60*F55) -> 0 | G61: =IF(G$3="","",G60*G55) -> 0 | H61: =IF(H$3="","",H60*H55) -> 750 | I61: =IF(I$3="","",I60*I55) -> 0 | J61: =IF(J$3="","",J60*J55) -> 0 | K61: =IF(K$3="","",K60*K55) -> 0 | ... AS61: =IF(AS$3="","",AS60*AS55)
A62: =IF(A61="","",A61/(A58*100)) -> 0.12096774 | B62: 原価率 | D62: =IF(D$3="","",IF(D61=0,"",D61/(D58*100))) | E62: =IF(E$3="","",IF(E61=0,"",E61/(E58*100))) -> 0.22058824 | F62: =IF(F$3="","",IF(F61=0,"",F61/(F58*100))) | G62: =IF(G$3="","",IF(G61=0,"",G61/(G58*100))) | H62: =IF(H$3="","",IF(H61=0,"",H61/(H58*100))) -> 0.15957447 | I62: =IF(I$3="","",IF(I61=0,"",I61/(I58*100))) | J62: =IF(J$3="","",IF(J61=0,"",J61/(J58*100))) | K62: =IF(K$3="","",IF(K61=0,"",K61/(K58*100))) | ... AS62: =IF(AS$3="","",IF(AS61=0,"",AS61/(AS58*100)))
A63: 都城 | B63: 100円 | C63: 3198 | D63: =IF(D$3="","",C63) -> 3198 | E63: 3225 | F63: =IF(F$3="","",E63) -> 3225 | G63: =IF(G$3="","",F63) -> 3225 | H63: 3242 | I63: =IF(I$3="","",H63) -> 3242 | J63: =IF(J$3="","",I63) -> 3242 | K63: =IF(K$3="","",J63) -> 3242 | L63: 3266 | M63: =IF(M$3="","",L63) -> 3266 | N63: =IF(N$3="","",M63) -> 3266 | O63: =IF(O$3="","",N63) -> 3266 | P63: 3289 | Q63: =IF(Q$3="","",P63) -> 3289 | R63: =IF(R$3="","",Q63) -> 3289 | S63: 3299 | T63: =IF(T$3="","",S63) -> 3299 | U63: =IF(U$3="","",T63) -> 3299 | V63: =IF(V$3="","",U63) -> 3299 | W63: 3386 | X63: =IF(X$3="","",W63) -> 3386 | Y63: =IF(Y$3="","",X63) -> 3386 | Z63: 3404 | AA63: =IF(AA$3="","",Z63) | AB63: =IF(AB$3="","",AA63) | AC63: =IF(AC$3="","",AB63) | AD63: =IF(AD$3="","",AC63) | AE63: =IF(AE$3="","",AD63) | AF63: =IF(AF$3="","",AE63) | AG63: =IF(AG$3="","",AF63) | AH63: =IF(AH$3="","",AG63) | ... AS63: =IF(AS$3="","",AR63)
A64: BUZZ＃2 | B64: プライズ | C64: 67 | D64: =IF(D$3="","",C64) -> 67 | E64: =IF(E$3="","",D64) -> 67 | F64: =IF(F$3="","",E64) -> 67 | G64: =IF(G$3="","",F64) -> 67 | H64: 68 | I64: =IF(I$3="","",H64) -> 68 | J64: =IF(J$3="","",I64) -> 68 | K64: =IF(K$3="","",J64) -> 68 | L64: 69 | M64: =IF(M$3="","",L64) -> 69 | N64: =IF(N$3="","",M64) -> 69 | O64: =IF(O$3="","",N64) -> 69 | P64: =IF(P$3="","",O64) -> 69 | Q64: =IF(Q$3="","",P64) -> 69 | R64: =IF(R$3="","",Q64) -> 69 | S64: =IF(S$3="","",R64) -> 69 | T64: =IF(T$3="","",S64) -> 69 | ... AS64: =IF(AS$3="","",AR64)
A65: 2 | B65: 投入残 | C65: 7 | D65: =IF(D$3="","",(C65+C66)) -> 7 | E65: =IF(E$3="","",(D65+D66)) -> 7 | F65: =IF(F$3="","",(E65+E66)) -> 7 | G65: =IF(G$3="","",(F65+F66)) -> 7 | H65: 6 | I65: =IF(I$3="","",(H65+H66)) -> 6 | J65: =IF(J$3="","",(I65+I66)) -> 6 | K65: =IF(K$3="","",(J65+J66)) -> 6 | L65: =IF(L$3="","",(K65+K66)) -> 6 | M65: =IF(M$3="","",(L65+L66)) -> 6 | N65: =IF(N$3="","",(M65+M66)) -> 6 | O65: =IF(O$3="","",(N65+N66)) -> 6 | P65: =IF(P$3="","",(O65+O66)) -> 6 | ... AS65: =IF(AS$3="","",(AR65+AR66))
B66: 補充
B67: 単価 | C67: 750 | D67: =IF(D$3="","",C67) -> 750 | E67: =IF(E$3="","",D67) -> 750 | F67: =IF(F$3="","",E67) -> 750 | G67: =IF(G$3="","",F67) -> 750 | H67: =IF(H$3="","",G67) -> 750 | I67: =IF(I$3="","",H67) -> 750 | J67: =IF(J$3="","",I67) -> 750 | K67: =IF(K$3="","",J67) -> 750 | ... AS67: =IF(AS$3="","",AR67)
A68: 月間予想 | B68: 景品名 | C68: PRO4イヤホン | D68: =IF(D$3="","",C68) -> PRO4イヤホン | E68: =IF(E$3="","",D68) -> PRO4イヤホン | F68: =IF(F$3="","",E68) -> PRO4イヤホン | G68: =IF(G$3="","",F68) -> PRO4イヤホン | H68: =IF(H$3="","",G68) -> PRO4イヤホン | I68: =IF(I$3="","",H68) -> PRO4イヤホン | J68: =IF(J$3="","",I68) -> PRO4イヤホン | K68: =IF(K$3="","",J68) -> PRO4イヤホン | ... AS68: =IF(AS$3="","",AR68)
A69: =AVERAGE(C70:AS70)*30*100 -> 25750 | B69: 設定
A70: =SUM(C70:AS70) -> 206 | B70: 百差 | C70: 0 | D70: =IF(D$3="","",D63-C63) -> 0 | E70: =IF(E$3="","",E63-D63) -> 27 | F70: =IF(F$3="","",F63-E63) -> 0 | G70: =IF(G$3="","",G63-F63) -> 0 | H70: =IF(H$3="","",H63-G63) -> 17 | I70: =IF(I$3="","",I63-H63) -> 0 | J70: =IF(J$3="","",J63-I63) -> 0 | K70: =IF(K$3="","",K63-J63) -> 0 | ... AS70: =IF(AS$3="","",AS63-AR63)
A71: =SUM(C71:AS71) -> 2 | B71: P差 | C71: 0 | D71: =IF(D$3="","",D64-C64) -> 0 | E71: =IF(E$3="","",E64-D64) -> 0 | F71: =IF(F$3="","",F64-E64) -> 0 | G71: =IF(G$3="","",G64-F64) -> 0 | H71: =IF(H$3="","",H64-G64) -> 1 | I71: =IF(I$3="","",I64-H64) -> 0 | J71: =IF(J$3="","",J64-I64) -> 0 | K71: =IF(K$3="","",K64-J64) -> 0 | ... AS71: =IF(AS$3="","",AS64-AR64)
A72: =SUM(C72:AS72) -> 1 | B72: 払出 | C72: 0 | D72: =IF(D$3="","",C65+C66-D65) -> 0 | E72: =IF(E$3="","",D65+D66-E65) -> 0 | F72: =IF(F$3="","",E65+E66-F65) -> 0 | G72: =IF(G$3="","",F65+F66-G65) -> 0 | H72: =IF(H$3="","",G65+G66-H65) -> 1 | I72: =IF(I$3="","",H65+H66-I65) -> 0 | J72: =IF(J$3="","",I65+I66-J65) -> 0 | K72: =IF(K$3="","",J65+J66-K65) -> 0 | ... AS72: =IF(AS$3="","",AR65+AR66-AS65)
A73: =SUM(C73:AS73) -> 750 | B73: 払出額 | C73: 0 | D73: =IF(D$3="","",D72*D67) -> 0 | E73: =IF(E$3="","",E72*E67) -> 0 | F73: =IF(F$3="","",F72*F67) -> 0 | G73: =IF(G$3="","",G72*G67) -> 0 | H73: =IF(H$3="","",H72*H67) -> 750 | I73: =IF(I$3="","",I72*I67) -> 0 | J73: =IF(J$3="","",J72*J67) -> 0 | K73: =IF(K$3="","",K72*K67) -> 0 | ... AS73: =IF(AS$3="","",AS72*AS67)
A74: =IF(A73="","",A73/(A70*100)) -> 0.036407767 | B74: 原価率 | D74: =IF(D$3="","",IF(D73=0,"",D73/(D70*100))) | E74: =IF(E$3="","",IF(E73=0,"",E73/(E70*100))) | F74: =IF(F$3="","",IF(F73=0,"",F73/(F70*100))) | G74: =IF(G$3="","",IF(G73=0,"",G73/(G70*100))) | H74: =IF(H$3="","",IF(H73=0,"",H73/(H70*100))) -> 0.44117647 | I74: =IF(I$3="","",IF(I73=0,"",I73/(I70*100))) | J74: =IF(J$3="","",IF(J73=0,"",J73/(J70*100))) | K74: =IF(K$3="","",IF(K73=0,"",K73/(K70*100))) | ... AS74: =IF(AS$3="","",IF(AS73=0,"",AS73/(AS70*100)))
A75: 都城 | B75: 100円 | C75: 3773 | D75: =IF(D$3="","",C75) -> 3773 | E75: 3805 | F75: =IF(F$3="","",E75) -> 3805 | G75: =IF(G$3="","",F75) -> 3805 | H75: 3824 | I75: =IF(I$3="","",H75) -> 3824 | J75: =IF(J$3="","",I75) -> 3824 | K75: =IF(K$3="","",J75) -> 3824 | L75: 3935 | M75: =IF(M$3="","",L75) -> 3935 | N75: =IF(N$3="","",M75) -> 3935 | O75: =IF(O$3="","",N75) -> 3935 | P75: 3989 | Q75: =IF(Q$3="","",P75) -> 3989 | R75: =IF(R$3="","",Q75) -> 3989 | S75: 4158 | T75: =IF(T$3="","",S75) -> 4158 | U75: =IF(U$3="","",T75) -> 4158 | V75: =IF(V$3="","",U75) -> 4158 | W75: 4316 | X75: =IF(X$3="","",W75) -> 4316 | Y75: =IF(Y$3="","",X75) -> 4316 | Z75: 4416 | AA75: =IF(AA$3="","",Z75) | AB75: =IF(AB$3="","",AA75) | AC75: =IF(AC$3="","",AB75) | AD75: =IF(AD$3="","",AC75) | AE75: =IF(AE$3="","",AD75) | AF75: =IF(AF$3="","",AE75) | AG75: =IF(AG$3="","",AF75) | AH75: =IF(AH$3="","",AG75) | ... AS75: =IF(AS$3="","",AR75)
A76: BUZZ＃2 | B76: プライズ | C76: 158 | D76: =IF(D$3="","",C76) -> 158 | E76: 161 | F76: =IF(F$3="","",E76) -> 161 | G76: =IF(G$3="","",F76) -> 161 | H76: =IF(H$3="","",G76) -> 161 | I76: =IF(I$3="","",H76) -> 161 | J76: =IF(J$3="","",I76) -> 161 | K76: =IF(K$3="","",J76) -> 161 | L76: 166 | M76: =IF(M$3="","",L76) -> 166 | N76: =IF(N$3="","",M76) -> 166 | O76: =IF(O$3="","",N76) -> 166 | P76: 167 | Q76: =IF(Q$3="","",P76) -> 167 | R76: =IF(R$3="","",Q76) -> 167 | S76: 171 | T76: =IF(T$3="","",S76) -> 171 | U76: =IF(U$3="","",T76) -> 171 | V76: =IF(V$3="","",U76) -> 171 | W76: 175 | X76: =IF(X$3="","",W76) -> 175 | Y76: =IF(Y$3="","",X76) -> 175 | Z76: 177 | AA76: =IF(AA$3="","",Z76) | AB76: =IF(AB$3="","",AA76) | AC76: =IF(AC$3="","",AB76) | AD76: =IF(AD$3="","",AC76) | AE76: =IF(AE$3="","",AD76) | AF76: =IF(AF$3="","",AE76) | AG76: =IF(AG$3="","",AF76) | AH76: =IF(AH$3="","",AG76) | ... AS76: =IF(AS$3="","",AR76)
A77: 3 | B77: 投入残 | C77: 4 | D77: =IF(D$3="","",(C77+C78)) -> 4 | E77: 3 | F77: =IF(F$3="","",(E77+E78)) -> 3 | G77: =IF(G$3="","",(F77+F78)) -> 3 | H77: =IF(H$3="","",(G77+G78)) -> 3 | I77: =IF(I$3="","",(H77+H78)) -> 3 | J77: =IF(J$3="","",(I77+I78)) -> 3 | K77: =IF(K$3="","",(J77+J78)) -> 3 | L77: 2 | M77: =IF(M$3="","",(L77+L78)) -> 2 | N77: =IF(N$3="","",(M77+M78)) -> 2 | O77: =IF(O$3="","",(N77+N78)) -> 2 | P77: =IF(P$3="","",(O77+O78)) -> 2 | Q77: =IF(Q$3="","",(P77+P78)) -> 5 | R77: =IF(R$3="","",(Q77+Q78)) -> 5 | S77: 4 | T77: =IF(T$3="","",(S77+S78)) -> 6 | U77: =IF(U$3="","",(T77+T78)) -> 6 | V77: =IF(V$3="","",(U77+U78)) -> 6 | W77: 4 | X77: =IF(X$3="","",(W77+W78)) -> 4 | Y77: =IF(Y$3="","",(X77+X78)) -> 4 | Z77: 3 | AA77: =IF(AA$3="","",(Z77+Z78)) | AB77: =IF(AB$3="","",(AA77+AA78)) | AC77: =IF(AC$3="","",(AB77+AB78)) | AD77: =IF(AD$3="","",(AC77+AC78)) | AE77: =IF(AE$3="","",(AD77+AD78)) | AF77: =IF(AF$3="","",(AE77+AE78)) | AG77: =IF(AG$3="","",(AF77+AF78)) | AH77: =IF(AH$3="","",(AG77+AG78)) | ... AS77: =IF(AS$3="","",(AR77+AR78))
B78: 補充 | P78: 3 | S78: 2
B79: 単価 | C79: 400 | D79: =IF(D$3="","",C79) -> 400 | E79: =IF(E$3="","",D79) -> 400 | F79: =IF(F$3="","",E79) -> 400 | G79: =IF(G$3="","",F79) -> 400 | H79: =IF(H$3="","",G79) -> 400 | I79: =IF(I$3="","",H79) -> 400 | J79: =IF(J$3="","",I79) -> 400 | K79: =IF(K$3="","",J79) -> 400 | ... AS79: =IF(AS$3="","",AR79)
A80: 月間予想 | B80: 景品名 | C80: ゲームアーク | D80: =IF(D$3="","",C80) -> ゲームアーク | E80: =IF(E$3="","",D80) -> ゲームアーク | F80: =IF(F$3="","",E80) -> ゲームアーク | G80: =IF(G$3="","",F80) -> ゲームアーク | H80: バタースクイーズ | I80: =IF(I$3="","",H80) -> バタースクイーズ | J80: =IF(J$3="","",I80) -> バタースクイーズ | K80: =IF(K$3="","",J80) -> バタースクイーズ | L80: =IF(L$3="","",K80) -> バタースクイーズ | M80: =IF(M$3="","",L80) -> バタースクイーズ | N80: =IF(N$3="","",M80) -> バタースクイーズ | O80: =IF(O$3="","",N80) -> バタースクイーズ | P80: =IF(P$3="","",O80) -> バタースクイーズ | ... AS80: =IF(AS$3="","",AR80)
A81: =AVERAGE(C82:AS82)*30*100 -> 80375 | B81: 設定
A82: =SUM(C82:AS82) -> 643 | B82: 百差 | C82: 0 | D82: =IF(D$3="","",D75-C75) -> 0 | E82: =IF(E$3="","",E75-D75) -> 32 | F82: =IF(F$3="","",F75-E75) -> 0 | G82: =IF(G$3="","",G75-F75) -> 0 | H82: =IF(H$3="","",H75-G75) -> 19 | I82: =IF(I$3="","",I75-H75) -> 0 | J82: =IF(J$3="","",J75-I75) -> 0 | K82: =IF(K$3="","",K75-J75) -> 0 | ... AS82: =IF(AS$3="","",AS75-AR75)
A83: =SUM(C83:AS83) -> 19 | B83: P差 | C83: 0 | D83: =IF(D$3="","",D76-C76) -> 0 | E83: =IF(E$3="","",E76-D76) -> 3 | F83: =IF(F$3="","",F76-E76) -> 0 | G83: =IF(G$3="","",G76-F76) -> 0 | H83: =IF(H$3="","",H76-G76) -> 0 | I83: =IF(I$3="","",I76-H76) -> 0 | J83: =IF(J$3="","",J76-I76) -> 0 | K83: =IF(K$3="","",K76-J76) -> 0 | ... AS83: =IF(AS$3="","",AS76-AR76)
A84: =SUM(C84:AS84) -> 6 | B84: 払出 | C84: 0 | D84: =IF(D$3="","",C77+C78-D77) -> 0 | E84: =IF(E$3="","",D77+D78-E77) -> 1 | F84: =IF(F$3="","",E77+E78-F77) -> 0 | G84: =IF(G$3="","",F77+F78-G77) -> 0 | H84: =IF(H$3="","",G77+G78-H77) -> 0 | I84: =IF(I$3="","",H77+H78-I77) -> 0 | J84: =IF(J$3="","",I77+I78-J77) -> 0 | K84: =IF(K$3="","",J77+J78-K77) -> 0 | ... AS84: =IF(AS$3="","",AR77+AR78-AS77)
A85: =SUM(C85:AS85) -> 2400 | B85: 払出額 | C85: 0 | D85: =IF(D$3="","",D84*D79) -> 0 | E85: =IF(E$3="","",E84*E79) -> 400 | F85: =IF(F$3="","",F84*F79) -> 0 | G85: =IF(G$3="","",G84*G79) -> 0 | H85: =IF(H$3="","",H84*H79) -> 0 | I85: =IF(I$3="","",I84*I79) -> 0 | J85: =IF(J$3="","",J84*J79) -> 0 | K85: =IF(K$3="","",K84*K79) -> 0 | ... AS85: =IF(AS$3="","",AS84*AS79)
A86: =IF(A85="","",A85/(A82*100)) -> 0.037325039 | B86: 原価率 | D86: =IF(D$3="","",IF(D85=0,"",D85/(D82*100))) | E86: =IF(E$3="","",IF(E85=0,"",E85/(E82*100))) -> 0.125 | F86: =IF(F$3="","",IF(F85=0,"",F85/(F82*100))) | G86: =IF(G$3="","",IF(G85=0,"",G85/(G82*100))) | H86: =IF(H$3="","",IF(H85=0,"",H85/(H82*100))) | I86: =IF(I$3="","",IF(I85=0,"",I85/(I82*100))) | J86: =IF(J$3="","",IF(J85=0,"",J85/(J82*100))) | K86: =IF(K$3="","",IF(K85=0,"",K85/(K82*100))) | ... AS86: =IF(AS$3="","",IF(AS85=0,"",AS85/(AS82*100)))
A87: 都城 | B87: 100円 | C87: 2956 | D87: =IF(D$3="","",C87) -> 2956 | E87: 3004 | F87: =IF(F$3="","",E87) -> 3004 | G87: =IF(G$3="","",F87) -> 3004 | H87: 3015 | I87: =IF(I$3="","",H87) -> 3015 | J87: =IF(J$3="","",I87) -> 3015 | K87: =IF(K$3="","",J87) -> 3015 | L87: 3075 | M87: =IF(M$3="","",L87) -> 3075 | N87: =IF(N$3="","",M87) -> 3075 | O87: =IF(O$3="","",N87) -> 3075 | P87: 3082 | Q87: =IF(Q$3="","",P87) -> 3082 | R87: =IF(R$3="","",Q87) -> 3082 | S87: 3106 | T87: =IF(T$3="","",S87) -> 3106 | U87: =IF(U$3="","",T87) -> 3106 | V87: =IF(V$3="","",U87) -> 3106 | W87: 3132 | X87: =IF(X$3="","",W87) -> 3132 | Y87: =IF(Y$3="","",X87) -> 3132 | Z87: 3157 | AA87: =IF(AA$3="","",Z87) | AB87: =IF(AB$3="","",AA87) | AC87: =IF(AC$3="","",AB87) | AD87: =IF(AD$3="","",AC87) | AE87: =IF(AE$3="","",AD87) | AF87: =IF(AF$3="","",AE87) | AG87: =IF(AG$3="","",AF87) | AH87: =IF(AH$3="","",AG87) | ... AS87: =IF(AS$3="","",AR87)
A88: BUZZ＃2 | B88: プライズ | C88: 107 | D88: =IF(D$3="","",C88) -> 107 | E88: 108 | F88: =IF(F$3="","",E88) -> 108 | G88: =IF(G$3="","",F88) -> 108 | H88: =IF(H$3="","",G88) -> 108 | I88: =IF(I$3="","",H88) -> 108 | J88: =IF(J$3="","",I88) -> 108 | K88: =IF(K$3="","",J88) -> 108 | L88: =IF(L$3="","",K88) -> 108 | M88: =IF(M$3="","",L88) -> 108 | ... O88: =IF(O$3="","",N88) -> 108 | P88: 109 | Q88: =IF(Q$3="","",P88) -> 109 | R88: =IF(R$3="","",Q88) -> 109 | S88: =IF(S$3="","",R88) -> 109 | T88: =IF(T$3="","",S88) -> 109 | U88: =IF(U$3="","",T88) -> 109 | V88: =IF(V$3="","",U88) -> 109 | W88: 110 | X88: =IF(X$3="","",W88) -> 110 | Y88: =IF(Y$3="","",X88) -> 110 | Z88: =IF(Z$3="","",Y88) -> 110 | AA88: =IF(AA$3="","",Z88) | AB88: =IF(AB$3="","",AA88) | AC88: =IF(AC$3="","",AB88) | AD88: =IF(AD$3="","",AC88) | AE88: =IF(AE$3="","",AD88) | ... AS88: =IF(AS$3="","",AR88)
A89: 4 | B89: 投入残 | C89: 6 | D89: =IF(D$3="","",(C89+C90)) -> 6 | E89: 5 | F89: =IF(F$3="","",(E89+E90)) -> 6 | G89: =IF(G$3="","",(F89+F90)) -> 6 | H89: =IF(H$3="","",(G89+G90)) -> 6 | I89: =IF(I$3="","",(H89+H90)) -> 6 | J89: =IF(J$3="","",(I89+I90)) -> 6 | K89: =IF(K$3="","",(J89+J90)) -> 6 | L89: =IF(L$3="","",(K89+K90)) -> 6 | M89: =IF(M$3="","",(L89+L90)) -> 6 | ... AS89: =IF(AS$3="","",(AR89+AR90))
B90: 補充 | E90: 1 | P90: 1
B91: 単価 | C91: 750 | D91: =IF(D$3="","",C91) -> 750 | E91: =IF(E$3="","",D91) -> 750 | F91: =IF(F$3="","",E91) -> 750 | G91: =IF(G$3="","",F91) -> 750 | H91: =IF(H$3="","",G91) -> 750 | I91: =IF(I$3="","",H91) -> 750 | J91: =IF(J$3="","",I91) -> 750 | K91: =IF(K$3="","",J91) -> 750 | ... AS91: =IF(AS$3="","",AR91)
A92: 月間予想 | B92: 景品名 | C92: サンリオヒョウ柄キーケース | D92: =IF(D$3="","",C92) -> サンリオヒョウ柄キーケース | E92: =IF(E$3="","",D92) -> サンリオヒョウ柄キーケース | F92: =IF(F$3="","",E92) -> サンリオヒョウ柄キーケース | G92: =IF(G$3="","",F92) -> サンリオヒョウ柄キーケース | H92: =IF(H$3="","",G92) -> サンリオヒョウ柄キーケース | I92: =IF(I$3="","",H92) -> サンリオヒョウ柄キーケース | J92: =IF(J$3="","",I92) -> サンリオヒョウ柄キーケース | K92: =IF(K$3="","",J92) -> サンリオヒョウ柄キーケース | ... AS92: =IF(AS$3="","",AR92)
A93: =AVERAGE(C94:AS94)*30*100 -> 25125 | B93: 設定
A94: =SUM(C94:AS94) -> 201 | B94: 百差 | C94: 0 | D94: =IF(D$3="","",D87-C87) -> 0 | E94: =IF(E$3="","",E87-D87) -> 48 | F94: =IF(F$3="","",F87-E87) -> 0 | G94: =IF(G$3="","",G87-F87) -> 0 | H94: =IF(H$3="","",H87-G87) -> 11 | I94: =IF(I$3="","",I87-H87) -> 0 | J94: =IF(J$3="","",J87-I87) -> 0 | K94: =IF(K$3="","",K87-J87) -> 0 | ... AS94: =IF(AS$3="","",AS87-AR87)
A95: =SUM(C95:AS95) -> 3 | B95: P差 | C95: 0 | D95: =IF(D$3="","",D88-C88) -> 0 | E95: =IF(E$3="","",E88-D88) -> 1 | F95: =IF(F$3="","",F88-E88) -> 0 | G95: =IF(G$3="","",G88-F88) -> 0 | H95: =IF(H$3="","",H88-G88) -> 0 | I95: =IF(I$3="","",I88-H88) -> 0 | J95: =IF(J$3="","",J88-I88) -> 0 | K95: =IF(K$3="","",K88-J88) -> 0 | ... AS95: =IF(AS$3="","",AS88-AR88)
A96: =SUM(C96:AS96) -> 1 | B96: 払出 | C96: 0 | D96: =IF(D$3="","",C89+C90-D89) -> 0 | E96: =IF(E$3="","",D89+D90-E89) -> 1 | F96: =IF(F$3="","",E89+E90-F89) -> 0 | G96: =IF(G$3="","",F89+F90-G89) -> 0 | H96: =IF(H$3="","",G89+G90-H89) -> 0 | I96: =IF(I$3="","",H89+H90-I89) -> 0 | J96: =IF(J$3="","",I89+I90-J89) -> 0 | K96: =IF(K$3="","",J89+J90-K89) -> 0 | ... AS96: =IF(AS$3="","",AR89+AR90-AS89)
A97: =SUM(C97:AS97) -> 750 | B97: 払出額 | C97: 0 | D97: =IF(D$3="","",D96*D91) -> 0 | E97: =IF(E$3="","",E96*E91) -> 750 | F97: =IF(F$3="","",F96*F91) -> 0 | G97: =IF(G$3="","",G96*G91) -> 0 | H97: =IF(H$3="","",H96*H91) -> 0 | I97: =IF(I$3="","",I96*I91) -> 0 | J97: =IF(J$3="","",J96*J91) -> 0 | K97: =IF(K$3="","",K96*K91) -> 0 | ... AS97: =IF(AS$3="","",AS96*AS91)
A98: =IF(A97="","",A97/(A94*100)) -> 0.037313433 | B98: 原価率 | D98: =IF(D$3="","",IF(D97=0,"",D97/(D94*100))) | E98: =IF(E$3="","",IF(E97=0,"",E97/(E94*100))) -> 0.15625 | F98: =IF(F$3="","",IF(F97=0,"",F97/(F94*100))) | G98: =IF(G$3="","",IF(G97=0,"",G97/(G94*100))) | H98: =IF(H$3="","",IF(H97=0,"",H97/(H94*100))) | I98: =IF(I$3="","",IF(I97=0,"",I97/(I94*100))) | J98: =IF(J$3="","",IF(J97=0,"",J97/(J94*100))) | K98: =IF(K$3="","",IF(K97=0,"",K97/(K94*100))) | ... AS98: =IF(AS$3="","",IF(AS97=0,"",AS97/(AS94*100)))
A99: 都城 | B99: 100円 | C99: 3031 | D99: =IF(D$3="","",C99) -> 3031 | E99: 3081 | F99: =IF(F$3="","",E99) -> 3081 | G99: =IF(G$3="","",F99) -> 3081 | H99: 3115 | I99: =IF(I$3="","",H99) -> 3115 | J99: =IF(J$3="","",I99) -> 3115 | K99: =IF(K$3="","",J99) -> 3115 | L99: 3166 | M99: =IF(M$3="","",L99) -> 3166 | N99: =IF(N$3="","",M99) -> 3166 | O99: =IF(O$3="","",N99) -> 3166 | P99: 3174 | Q99: =IF(Q$3="","",P99) -> 3174 | R99: =IF(R$3="","",Q99) -> 3174 | S99: 3186 | T99: =IF(T$3="","",S99) -> 3186 | U99: =IF(U$3="","",T99) -> 3186 | V99: =IF(V$3="","",U99) -> 3186 | W99: 3215 | X99: =IF(X$3="","",W99) -> 3215 | Y99: =IF(Y$3="","",X99) -> 3215 | Z99: 3226 | AA99: =IF(AA$3="","",Z99) | AB99: =IF(AB$3="","",AA99) | AC99: =IF(AC$3="","",AB99) | AD99: =IF(AD$3="","",AC99) | AE99: =IF(AE$3="","",AD99) | AF99: =IF(AF$3="","",AE99) | AG99: =IF(AG$3="","",AF99) | AH99: =IF(AH$3="","",AG99) | ... AS99: =IF(AS$3="","",AR99)
A100: BUZZ＃3 | B100: プライズ | C100: 98 | D100: =IF(D$3="","",C100) -> 98 | E100: 105 | F100: =IF(F$3="","",E100) -> 105 | G100: =IF(G$3="","",F100) -> 105 | H100: 109 | I100: =IF(I$3="","",H100) -> 109 | J100: =IF(J$3="","",I100) -> 109 | K100: =IF(K$3="","",J100) -> 109 | L100: 112 | M100: =IF(M$3="","",L100) -> 112 | N100: =IF(N$3="","",M100) -> 112 | O100: =IF(O$3="","",N100) -> 112 | P100: =IF(P$3="","",O100) -> 112 | Q100: =IF(Q$3="","",P100) -> 112 | R100: =IF(R$3="","",Q100) -> 112 | S100: 114 | T100: =IF(T$3="","",S100) -> 114 | U100: =IF(U$3="","",T100) -> 114 | V100: =IF(V$3="","",U100) -> 114 | W100: 117 | X100: =IF(X$3="","",W100) -> 117 | Y100: =IF(Y$3="","",X100) -> 117 | Z100: 118 | AA100: =IF(AA$3="","",Z100) | AB100: =IF(AB$3="","",AA100) | AC100: =IF(AC$3="","",AB100) | AD100: =IF(AD$3="","",AC100) | AE100: =IF(AE$3="","",AD100) | AF100: =IF(AF$3="","",AE100) | AG100: =IF(AG$3="","",AF100) | AH100: =IF(AH$3="","",AG100) | ... AS100: =IF(AS$3="","",AR100)
...

Sheet 霧島
A1: =SUM(A9,A45,A57,A69,A81,A93,A105,A117,A129,A153,A141,A165,A177,A189,A201,A213,A225,A33,A21,A237,A249) -> 1199166.7 | B1: 日付 | C1: 46100 | D1: =C1+1 -> 46101 | E1: =D1+1 -> 46102 | F1: =E1+1 -> 46103 | G1: =F1+1 -> 46104 | H1: =G1+1 -> 46105 | I1: =H1+1 -> 46106 | J1: =I1+1 -> 46107 | K1: =J1+1 -> 46108 | ... AS1: =AR1+1 -> 46142
B2: =SUM(C2:AO2) -> 7195 | C2: 0 | D2: =SUM(D10,D250,D238,D22,D34,D226,D214,D202,D190,D178,D166,D154,D142,D130,D118,,D106,D94,D82,D70,D58,D46) -> 0 | E2: =SUM(E10,E250,E238,E22,E34,E226,E214,E202,E190,E178,E166,E154,E142,E130,E118,,E106,E94,E82,E70,E58,E46) -> 0 | F2: =SUM(F10,F250,F238,F22,F34,F226,F214,F202,F190,F178,F166,F154,F142,F130,F118,,F106,F94,F82,F70,F58,F46) -> 1650 | G2: =SUM(G10,G250,G238,G22,G34,G226,G214,G202,G190,G178,G166,G154,G142,G130,G118,,G106,G94,G82,G70,G58,G46) -> 0 | H2: =SUM(H10,H250,H238,H22,H34,H226,H214,H202,H190,H178,H166,H154,H142,H130,H118,,H106,H94,H82,H70,H58,H46) -> 0 | I2: =SUM(I10,I250,I238,I22,I34,I226,I214,I202,I190,I178,I166,I154,I142,I130,I118,,I106,I94,I82,I70,I58,I46) -> 0 | J2: =SUM(J10,J250,J238,J22,J34,J226,J214,J202,J190,J178,J166,J154,J142,J130,J118,,J106,J94,J82,J70,J58,J46) -> 1221 | K2: =SUM(K10,K250,K238,K22,K34,K226,K214,K202,K190,K178,K166,K154,K142,K130,K118,,K106,K94,K82,K70,K58,K46) -> 0 | ... AS2: =SUM(AS10,AS250,AS238,AS22,AS34,AS226,AS214,AS202,AS190,AS178,AS166,AS154,AS142,AS130,AS118,,AS106,AS94,AS82,AS70,AS58,AS46) -> 0
A3: 霧島 | B3: 100円 | C3: 22554 | D3: 22554 | E3: 22554 | F3: 22584 | G3: 22584 | H3: 22584 | I3: 22584 | J3: 22644 | K3: 22644 | L3: 22644 | M3: 22699 | N3: 22699 | O3: 22699 | P3: 22699 | Q3: 22737 | R3: 22737 | S3: 22737 | T3: 22831
A4: BUZZミニ | B4: プライズ | C4: 368 | D4: =IF(D$3="","",C4) -> 368 | E4: =IF(E$3="","",D4) -> 368 | F4: 369 | G4: =IF(G$3="","",F4) -> 369 | H4: =IF(H$3="","",G4) -> 369 | I4: =IF(I$3="","",H4) -> 369 | J4: 370 | K4: =IF(K$3="","",J4) -> 370 | L4: =IF(L$3="","",K4) -> 370 | M4: 371 | N4: =IF(N$3="","",M4) -> 371 | O4: =IF(O$3="","",N4) -> 371 | P4: =IF(P$3="","",O4) -> 371 | Q4: =IF(Q$3="","",P4) -> 371 | R4: =IF(R$3="","",Q4) -> 371 | S4: =IF(S$3="","",R4) -> 371 | T4: 372 | U4: =IF(U$3="","",T4) | V4: =IF(V$3="","",U4) | W4: =IF(W$3="","",V4) | X4: =IF(X$3="","",W4) | Y4: =IF(Y$3="","",X4) | Z4: =IF(Z$3="","",Y4) | AA4: =IF(AA$3="","",Z4) | AB4: =IF(AB$3="","",AA4) | ... AS4: =IF(AS$3="","",AR4)
B5: 投入残 | C5: 29 | D5: =IF(D3="","",(C5+C6)) -> 29 | E5: =IF(E3="","",(D5+D6)) -> 29 | F5: 28 | G5: =IF(G3="","",(F5+F6)) -> 28 | H5: =IF(H3="","",(G5+G6)) -> 28 | I5: =IF(I3="","",(H5+H6)) -> 28 | J5: 27 | K5: =IF(K3="","",(J5+J6)) -> 32 | L5: =IF(L3="","",(K5+K6)) -> 32 | M5: 31 | N5: =IF(N3="","",(M5+M6)) -> 31 | O5: =IF(O3="","",(N5+N6)) -> 31 | P5: =IF(P3="","",(O5+O6)) -> 31 | Q5: =IF(Q3="","",(P5+P6)) -> 31 | R5: =IF(R3="","",(Q5+Q6)) -> 31 | S5: =IF(S3="","",(R5+R6)) -> 31 | T5: 30 | U5: =IF(U3="","",(T5+T6)) | V5: =IF(V3="","",(U5+U6)) | W5: =IF(W3="","",(V5+V6)) | X5: =IF(X3="","",(W5+W6)) | Y5: =IF(Y3="","",(X5+X6)) | Z5: =IF(Z3="","",(Y5+Y6)) | AA5: =IF(AA3="","",(Z5+Z6)) | AB5: =IF(AB3="","",(AA5+AA6)) | ... AS5: =IF(AS3="","",(AR5+AR6))
B6: 補充 | J6: 5
B7: 単価 | C7: 715 | D7: =IF(D3="","",C7) -> 715 | E7: =IF(E3="","",D7) -> 715 | F7: =IF(F3="","",E7) -> 715 | G7: =IF(G3="","",F7) -> 715 | H7: =IF(H3="","",G7) -> 715 | I7: =IF(I3="","",H7) -> 715 | J7: =IF(J3="","",I7) -> 715 | K7: =IF(K3="","",J7) -> 715 | ... AS7: =IF(AS3="","",AR7)
A8: 月間予想 | B8: 景品名 | C8: サムエル（箱無し） | D8: =IF(D3="","",C8) -> サムエル（箱無し） | E8: =IF(E3="","",D8) -> サムエル（箱無し） | F8: =IF(F3="","",E8) -> サムエル（箱無し） | G8: =IF(G3="","",F8) -> サムエル（箱無し） | H8: =IF(H3="","",G8) -> サムエル（箱無し） | I8: =IF(I3="","",H8) -> サムエル（箱無し） | J8: =IF(J3="","",I8) -> サムエル（箱無し） | K8: =IF(K3="","",J8) -> サムエル（箱無し） | ... AS8: =IF(AS3="","",AR8)
A9: =AVERAGE(C10:AS10)*30*100 -> 46166.667 | B9: 設定
A10: =SUM(C10:AS10) -> 277 | B10: 百差 | C10: 0 | D10: =IF(D3="","",D3-C3) -> 0 | E10: =IF(E3="","",E3-D3) -> 0 | F10: =IF(F3="","",F3-E3) -> 30 | G10: =IF(G3="","",G3-F3) -> 0 | H10: =IF(H3="","",H3-G3) -> 0 | I10: =IF(I3="","",I3-H3) -> 0 | J10: =IF(J3="","",J3-I3) -> 60 | K10: =IF(K3="","",K3-J3) -> 0 | ... AS10: =IF(AS3="","",AS3-AR3)
A11: =SUM(C11:AS11) -> 4 | B11: P差 | C11: 0 | D11: =IF(D4="","",D4-C4) -> 0 | E11: =IF(E4="","",E4-D4) -> 0 | F11: =IF(F4="","",F4-E4) -> 1 | G11: =IF(G4="","",G4-F4) -> 0 | H11: =IF(H4="","",H4-G4) -> 0 | I11: =IF(I4="","",I4-H4) -> 0 | J11: =IF(J4="","",J4-I4) -> 1 | K11: =IF(K4="","",K4-J4) -> 0 | ... AS11: =IF(AS4="","",AS4-AR4)
A12: =SUM(C12:AS12) -> 4 | B12: 払出 | C12: 0 | D12: =IF(D5="","",C5+C6-D5) -> 0 | E12: =IF(E5="","",D5+D6-E5) -> 0 | F12: =IF(F5="","",E5+E6-F5) -> 1 | G12: =IF(G5="","",F5+F6-G5) -> 0 | H12: =IF(H5="","",G5+G6-H5) -> 0 | I12: =IF(I5="","",H5+H6-I5) -> 0 | J12: =IF(J5="","",I5+I6-J5) -> 1 | K12: =IF(K5="","",J5+J6-K5) -> 0 | ... AS12: =IF(AS5="","",AR5+AR6-AS5)
A13: =SUM(C13:AS13) -> 2860 | B13: 払出額 | C13: 0 | D13: =IF(D3="","",D12*D7) -> 0 | E13: =IF(E3="","",E12*E7) -> 0 | F13: =IF(F3="","",F12*F7) -> 715 | G13: =IF(G3="","",G12*G7) -> 0 | H13: =IF(H3="","",H12*H7) -> 0 | I13: =IF(I3="","",I12*I7) -> 0 | J13: =IF(J3="","",J12*J7) -> 715 | K13: =IF(K3="","",K12*K7) -> 0 | ... AS13: =IF(AS3="","",AS12*AS7)
A14: =IF(A13="","",A13/(A10*100)) -> 0.1032491 | B14: 原価率 | D14: =IF(D13="","",IF(D13=0,"",D13/(D10*100))) | E14: =IF(E13="","",IF(E13=0,"",E13/(E10*100))) | F14: =IF(F13="","",IF(F13=0,"",F13/(F10*100))) -> 0.23833333 | G14: =IF(G13="","",IF(G13=0,"",G13/(G10*100))) | H14: =IF(H13="","",IF(H13=0,"",H13/(H10*100))) | I14: =IF(I13="","",IF(I13=0,"",I13/(I10*100))) | J14: =IF(J13="","",IF(J13=0,"",J13/(J10*100))) -> 0.11916667 | K14: =IF(K13="","",IF(K13=0,"",K13/(K10*100))) | ... AS14: =IF(AS13="","",IF(AS13=0,"",AS13/(AS10*100)))
A15: 霧島 | B15: 100円 | C15: 17763 | D15: =IF(D$3="","",C15) -> 17763 | E15: =IF(E$3="","",D15) -> 17763 | F15: 17810 | G15: =IF(G$3="","",F15) -> 17810 | H15: =IF(H$3="","",G15) -> 17810 | I15: =IF(I$3="","",H15) -> 17810 | J15: 17843 | K15: =IF(K$3="","",J15) -> 17843 | L15: =IF(L$3="","",K15) -> 17843 | M15: 17934 | N15: =IF(N$3="","",M15) -> 17934 | O15: =IF(O$3="","",N15) -> 17934 | P15: =IF(P$3="","",O15) -> 17934 | Q15: 17965 | R15: =IF(R$3="","",Q15) -> 17965 | S15: =IF(S$3="","",R15) -> 17965 | T15: 18046 | U15: =IF(U$3="","",T15) | V15: =IF(V$3="","",U15) | W15: =IF(W$3="","",V15) | X15: =IF(X$3="","",W15) | Y15: =IF(Y$3="","",X15) | Z15: =IF(Z$3="","",Y15) | AA15: =IF(AA$3="","",Z15) | AB15: =IF(AB$3="","",AA15) | ... AS15: =IF(AS$3="","",AR15)
A16: BUZZミニ#2 | B16: プライズ | C16: 442 | D16: =IF(D$3="","",C16) -> 442 | E16: =IF(E$3="","",D16) -> 442 | F16: 443 | G16: =IF(G$3="","",F16) -> 443 | H16: =IF(H$3="","",G16) -> 443 | I16: =IF(I$3="","",H16) -> 443 | J16: 445 | K16: =IF(K$3="","",J16) -> 445 | L16: =IF(L$3="","",K16) -> 445 | M16: 446 | N16: =IF(N$3="","",M16) -> 446 | O16: =IF(O$3="","",N16) -> 446 | P16: =IF(P$3="","",O16) -> 446 | Q16: 447 | R16: =IF(R$3="","",Q16) -> 447 | S16: =IF(S$3="","",R16) -> 447 | T16: 449 | U16: =IF(U$3="","",T16) | V16: =IF(V$3="","",U16) | W16: =IF(W$3="","",V16) | X16: =IF(X$3="","",W16) | Y16: =IF(Y$3="","",X16) | Z16: =IF(Z$3="","",Y16) | AA16: =IF(AA$3="","",Z16) | AB16: =IF(AB$3="","",AA16) | ... AS16: =IF(AS$3="","",AR16)
B17: 投入残 | C17: 34 | D17: =IF(D15="","",(C17+C18)) -> 34 | E17: =IF(E15="","",(D17+D18)) -> 34 | F17: 33 | G17: =IF(G15="","",(F17+F18)) -> 33 | H17: =IF(H15="","",(G17+G18)) -> 33 | I17: =IF(I15="","",(H17+H18)) -> 33 | J17: 32 | K17: =IF(K15="","",(J17+J18)) -> 32 | L17: =IF(L15="","",(K17+K18)) -> 32 | M17: 31 | N17: =IF(N15="","",(M17+M18)) -> 31 | O17: =IF(O15="","",(N17+N18)) -> 31 | P17: =IF(P15="","",(O17+O18)) -> 31 | Q17: 30 | R17: =IF(R15="","",(Q17+Q18)) -> 20 | S17: =IF(S15="","",(R17+R18)) -> 20 | T17: 18 | U17: =IF(U15="","",(T17+T18)) | V17: =IF(V15="","",(U17+U18)) | W17: =IF(W15="","",(V17+V18)) | X17: =IF(X15="","",(W17+W18)) | Y17: =IF(Y15="","",(X17+X18)) | Z17: =IF(Z15="","",(Y17+Y18)) | AA17: =IF(AA15="","",(Z17+Z18)) | AB17: =IF(AB15="","",(AA17+AA18)) | ... AS17: =IF(AS15="","",(AR17+AR18))
B18: 補充 | Q18: -10
B19: 単価 | C19: 700 | D19: =IF(D15="","",C19) -> 700 | E19: =IF(E15="","",D19) -> 700 | F19: =IF(F15="","",E19) -> 700 | G19: =IF(G15="","",F19) -> 700 | H19: =IF(H15="","",G19) -> 700 | I19: =IF(I15="","",H19) -> 700 | J19: =IF(J15="","",I19) -> 700 | K19: =IF(K15="","",J19) -> 700 | ... AS19: =IF(AS15="","",AR19)
A20: 月間予想 | B20: 景品名 | C20: サンリオマスコット | D20: =IF(D15="","",C20) -> サンリオマスコット | E20: =IF(E15="","",D20) -> サンリオマスコット | F20: =IF(F15="","",E20) -> サンリオマスコット | G20: =IF(G15="","",F20) -> サンリオマスコット | H20: =IF(H15="","",G20) -> サンリオマスコット | I20: =IF(I15="","",H20) -> サンリオマスコット | J20: =IF(J15="","",I20) -> サンリオマスコット | K20: =IF(K15="","",J20) -> サンリオマスコット | ... P20: =IF(P15="","",O20) -> サンリオマスコット | Q20: プクプクシール | R20: =IF(R15="","",Q20) -> プクプクシール | S20: =IF(S15="","",R20) -> プクプクシール | T20: =IF(T15="","",S20) -> プクプクシール | U20: =IF(U15="","",T20) | V20: =IF(V15="","",U20) | W20: =IF(W15="","",V20) | X20: =IF(X15="","",W20) | Y20: =IF(Y15="","",X20) | ... AS20: =IF(AS15="","",AR20)
A21: =AVERAGE(C22:AS22)*30*100 -> 47166.667 | B21: 設定
A22: =SUM(C22:AS22) -> 283 | B22: 百差 | C22: 0 | D22: =IF(D15="","",D15-C15) -> 0 | E22: =IF(E15="","",E15-D15) -> 0 | F22: =IF(F15="","",F15-E15) -> 47 | G22: =IF(G15="","",G15-F15) -> 0 | H22: =IF(H15="","",H15-G15) -> 0 | I22: =IF(I15="","",I15-H15) -> 0 | J22: =IF(J15="","",J15-I15) -> 33 | K22: =IF(K15="","",K15-J15) -> 0 | ... AS22: =IF(AS15="","",AS15-AR15)
A23: =SUM(C23:AS23) -> 7 | B23: P差 | C23: 0 | D23: =IF(D16="","",D16-C16) -> 0 | E23: =IF(E16="","",E16-D16) -> 0 | F23: =IF(F16="","",F16-E16) -> 1 | G23: =IF(G16="","",G16-F16) -> 0 | H23: =IF(H16="","",H16-G16) -> 0 | I23: =IF(I16="","",I16-H16) -> 0 | J23: =IF(J16="","",J16-I16) -> 2 | K23: =IF(K16="","",K16-J16) -> 0 | ... AS23: =IF(AS16="","",AS16-AR16)
A24: =SUM(C24:AS24) -> 6 | B24: 払出 | C24: 0 | D24: =IF(D17="","",C17+C18-D17) -> 0 | E24: =IF(E17="","",D17+D18-E17) -> 0 | F24: =IF(F17="","",E17+E18-F17) -> 1 | G24: =IF(G17="","",F17+F18-G17) -> 0 | H24: =IF(H17="","",G17+G18-H17) -> 0 | I24: =IF(I17="","",H17+H18-I17) -> 0 | J24: =IF(J17="","",I17+I18-J17) -> 1 | K24: =IF(K17="","",J17+J18-K17) -> 0 | ... AS24: =IF(AS17="","",AR17+AR18-AS17)
A25: =SUM(C25:AS25) -> 4200 | B25: 払出額 | C25: 0 | D25: =IF(D15="","",D24*D19) -> 0 | E25: =IF(E15="","",E24*E19) -> 0 | F25: =IF(F15="","",F24*F19) -> 700 | G25: =IF(G15="","",G24*G19) -> 0 | H25: =IF(H15="","",H24*H19) -> 0 | I25: =IF(I15="","",I24*I19) -> 0 | J25: =IF(J15="","",J24*J19) -> 700 | K25: =IF(K15="","",K24*K19) -> 0 | ... AS25: =IF(AS15="","",AS24*AS19)
A26: =IF(A25="","",A25/(A22*100)) -> 0.14840989 | B26: 原価率 | D26: =IF(D25="","",IF(D25=0,"",D25/(D22*100))) | E26: =IF(E25="","",IF(E25=0,"",E25/(E22*100))) | F26: =IF(F25="","",IF(F25=0,"",F25/(F22*100))) -> 0.14893617 | G26: =IF(G25="","",IF(G25=0,"",G25/(G22*100))) | H26: =IF(H25="","",IF(H25=0,"",H25/(H22*100))) | I26: =IF(I25="","",IF(I25=0,"",I25/(I22*100))) | J26: =IF(J25="","",IF(J25=0,"",J25/(J22*100))) -> 0.21212121 | K26: =IF(K25="","",IF(K25=0,"",K25/(K22*100))) | ... AS26: =IF(AS25="","",IF(AS25=0,"",AS25/(AS22*100)))
A27: 霧島 | B27: 100円 | C27: 38744 | D27: =IF(D$3="","",C27) -> 38744 | E27: =IF(E$3="","",D27) -> 38744 | F27: 38846 | G27: =IF(G$3="","",F27) -> 38846 | H27: =IF(H$3="","",G27) -> 38846 | I27: =IF(I$3="","",H27) -> 38846 | J27: 38892 | K27: =IF(K$3="","",J27) -> 38892 | L27: =IF(L$3="","",K27) -> 38892 | M27: 38999 | N27: =IF(N$3="","",M27) -> 38999 | O27: =IF(O$3="","",N27) -> 38999 | P27: =IF(P$3="","",O27) -> 38999 | Q27: 39046 | R27: =IF(R$3="","",Q27) -> 39046 | S27: =IF(S$3="","",R27) -> 39046 | T27: 39134 | U27: =IF(U$3="","",T27) | V27: =IF(V$3="","",U27) | W27: =IF(W$3="","",V27) | X27: =IF(X$3="","",W27) | Y27: =IF(Y$3="","",X27) | Z27: =IF(Z$3="","",Y27) | AA27: =IF(AA$3="","",Z27) | AB27: =IF(AB$3="","",AA27) | ... AS27: =IF(AS$3="","",AR27)
A28: クリスタル | B28: プライズ | C28: 1011 | D28: =IF(D$3="","",C28) -> 1011 | E28: =IF(E$3="","",D28) -> 1011 | F28: 1016 | G28: =IF(G$3="","",F28) -> 1016 | H28: =IF(H$3="","",G28) -> 1016 | I28: =IF(I$3="","",H28) -> 1016 | J28: 1017 | K28: =IF(K$3="","",J28) -> 1017 | L28: =IF(L$3="","",K28) -> 1017 | M28: 1021 | N28: =IF(N$3="","",M28) -> 1021 | O28: =IF(O$3="","",N28) -> 1021 | P28: =IF(P$3="","",O28) -> 1021 | Q28: 1023 | R28: =IF(R$3="","",Q28) -> 1023 | S28: =IF(S$3="","",R28) -> 1023 | T28: 1024 | U28: =IF(U$3="","",T28) | V28: =IF(V$3="","",U28) | W28: =IF(W$3="","",V28) | X28: =IF(X$3="","",W28) | Y28: =IF(Y$3="","",X28) | Z28: =IF(Z$3="","",Y28) | AA28: =IF(AA$3="","",Z28) | AB28: =IF(AB$3="","",AA28) | ... AS28: =IF(AS$3="","",AR28)
B29: 投入残 | C29: 25 | D29: =IF(D27="","",(C29+C30)) -> 25 | E29: =IF(E27="","",(D29+D30)) -> 25 | F29: 21 | G29: =IF(G27="","",(F29+F30)) -> 21 | H29: =IF(H27="","",(G29+G30)) -> 21 | I29: =IF(I27="","",(H29+H30)) -> 21 | J29: 20 | K29: =IF(K27="","",(J29+J30)) -> 25 | L29: =IF(L27="","",(K29+K30)) -> 25 | M29: 22 | N29: =IF(N27="","",(M29+M30)) -> 22 | O29: =IF(O27="","",(N29+N30)) -> 22 | P29: =IF(P27="","",(O29+O30)) -> 22 | Q29: 20 | R29: =IF(R27="","",(Q29+Q30)) -> 30 | S29: =IF(S27="","",(R29+R30)) -> 30 | T29: =IF(T27="","",(S29+S30)) -> 30 | U29: =IF(U27="","",(T29+T30)) | V29: =IF(V27="","",(U29+U30)) | W29: =IF(W27="","",(V29+V30)) | X29: =IF(X27="","",(W29+W30)) | Y29: =IF(Y27="","",(X29+X30)) | ... AS29: =IF(AS27="","",(AR29+AR30))
B30: 補充 | J30: 5 | Q30: 10
B31: 単価 | C31: 400 | D31: =IF(D27="","",C31) -> 400 | E31: =IF(E27="","",D31) -> 400 | F31: =IF(F27="","",E31) -> 400 | G31: =IF(G27="","",F31) -> 400 | H31: =IF(H27="","",G31) -> 400 | I31: =IF(I27="","",H31) -> 400 | J31: =IF(J27="","",I31) -> 400 | K31: =IF(K27="","",J31) -> 400 | ... AS31: =IF(AS27="","",AR31)
A32: 月間予想 | B32: 景品名 | C32: サムエル（箱無し） | D32: =IF(D27="","",C32) -> サムエル（箱無し） | E32: =IF(E27="","",D32) -> サムエル（箱無し） | F32: =IF(F27="","",E32) -> サムエル（箱無し） | G32: =IF(G27="","",F32) -> サムエル（箱無し） | H32: =IF(H27="","",G32) -> サムエル（箱無し） | I32: =IF(I27="","",H32) -> サムエル（箱無し） | J32: =IF(J27="","",I32) -> サムエル（箱無し） | K32: =IF(K27="","",J32) -> サムエル（箱無し） | ... AS32: =IF(AS27="","",AR32)
A33: =AVERAGE(C34:AS34)*30*100 -> 65000 | B33: 設定
A34: =SUM(C34:AS34) -> 390 | B34: 百差 | C34: 0 | D34: =IF(D27="","",D27-C27) -> 0 | E34: =IF(E27="","",E27-D27) -> 0 | F34: =IF(F27="","",F27-E27) -> 102 | G34: =IF(G27="","",G27-F27) -> 0 | H34: =IF(H27="","",H27-G27) -> 0 | I34: =IF(I27="","",I27-H27) -> 0 | J34: =IF(J27="","",J27-I27) -> 46 | K34: =IF(K27="","",K27-J27) -> 0 | ... AS34: =IF(AS27="","",AS27-AR27)
A35: =SUM(C35:AS35) -> 13 | B35: P差 | C35: 0 | D35: =IF(D28="","",D28-C28) -> 0 | E35: =IF(E28="","",E28-D28) -> 0 | F35: =IF(F28="","",F28-E28) -> 5 | G35: =IF(G28="","",G28-F28) -> 0 | H35: =IF(H28="","",H28-G28) -> 0 | I35: =IF(I28="","",I28-H28) -> 0 | J35: =IF(J28="","",J28-I28) -> 1 | K35: =IF(K28="","",K28-J28) -> 0 | ... AS35: =IF(AS28="","",AS28-AR28)
A36: =SUM(C36:AS36) -> 10 | B36: 払出 | C36: 0 | D36: =IF(D29="","",C29+C30-D29) -> 0 | E36: =IF(E29="","",D29+D30-E29) -> 0 | F36: =IF(F29="","",E29+E30-F29) -> 4 | G36: =IF(G29="","",F29+F30-G29) -> 0 | H36: =IF(H29="","",G29+G30-H29) -> 0 | I36: =IF(I29="","",H29+H30-I29) -> 0 | J36: =IF(J29="","",I29+I30-J29) -> 1 | K36: =IF(K29="","",J29+J30-K29) -> 0 | ... AS36: =IF(AS29="","",AR29+AR30-AS29)
A37: =SUM(C37:AS37) -> 4000 | B37: 払出額 | C37: 0 | D37: =IF(D27="","",D36*D31) -> 0 | E37: =IF(E27="","",E36*E31) -> 0 | F37: =IF(F27="","",F36*F31) -> 1600 | G37: =IF(G27="","",G36*G31) -> 0 | H37: =IF(H27="","",H36*H31) -> 0 | I37: =IF(I27="","",I36*I31) -> 0 | J37: =IF(J27="","",J36*J31) -> 400 | K37: =IF(K27="","",K36*K31) -> 0 | ... AS37: =IF(AS27="","",AS36*AS31)
A38: =IF(A37="","",A37/(A34*100)) -> 0.1025641 | B38: 原価率 | D38: =IF(D37="","",IF(D37=0,"",D37/(D34*100))) | E38: =IF(E37="","",IF(E37=0,"",E37/(E34*100))) | F38: =IF(F37="","",IF(F37=0,"",F37/(F34*100))) -> 0.15686275 | G38: =IF(G37="","",IF(G37=0,"",G37/(G34*100))) | H38: =IF(H37="","",IF(H37=0,"",H37/(H34*100))) | I38: =IF(I37="","",IF(I37=0,"",I37/(I34*100))) | J38: =IF(J37="","",IF(J37=0,"",J37/(J34*100))) -> 0.086956522 | K38: =IF(K37="","",IF(K37=0,"",K37/(K34*100))) | ... AS38: =IF(AS37="","",IF(AS37=0,"",AS37/(AS34*100)))
A39: 霧島 | B39: 100円 | C39: 14168 | D39: =IF(D$3="","",C39) -> 14168 | E39: =IF(E$3="","",D39) -> 14168 | F39: 14224 | G39: =IF(G$3="","",F39) -> 14224 | H39: =IF(H$3="","",G39) -> 14224 | I39: =IF(I$3="","",H39) -> 14224 | J39: 14274 | K39: =IF(K$3="","",J39) -> 14274 | L39: =IF(L$3="","",K39) -> 14274 | M39: 14323 | N39: =IF(N$3="","",M39) -> 14323 | O39: =IF(O$3="","",N39) -> 14323 | P39: =IF(P$3="","",O39) -> 14323 | Q39: 14376 | R39: =IF(R$3="","",Q39) -> 14376 | S39: =IF(S$3="","",R39) -> 14376 | T39: 14421 | U39: =IF(U$3="","",T39) | V39: =IF(V$3="","",U39) | W39: =IF(W$3="","",V39) | X39: =IF(X$3="","",W39) | Y39: =IF(Y$3="","",X39) | Z39: =IF(Z$3="","",Y39) | AA39: =IF(AA$3="","",Z39) | AB39: =IF(AB$3="","",AA39) | ... AS39: =IF(AS$3="","",AR39)
A40: BUZZ＃１ | B40: プライズ | C40: 333 | D40: =IF(D$3="","",C40) -> 333 | E40: =IF(E$3="","",D40) -> 333 | F40: 334 | G40: =IF(G$3="","",F40) -> 334 | H40: =IF(H$3="","",G40) -> 334 | I40: =IF(I$3="","",H40) -> 334 | J40: =IF(J$3="","",I40) -> 334 | K40: =IF(K$3="","",J40) -> 334 | L40: =IF(L$3="","",K40) -> 334 | M40: =IF(M$3="","",L40) -> 334 | N40: =IF(N$3="","",M40) -> 334 | ... P40: =IF(P$3="","",O40) -> 334 | Q40: 335 | R40: =IF(R$3="","",Q40) -> 335 | S40: =IF(S$3="","",R40) -> 335 | T40: =IF(T$3="","",S40) -> 335 | U40: =IF(U$3="","",T40) | V40: =IF(V$3="","",U40) | W40: =IF(W$3="","",V40) | X40: =IF(X$3="","",W40) | Y40: =IF(Y$3="","",X40) | ... AS40: =IF(AS$3="","",AR40)
A41: 1 | B41: 投入残 | C41: 5 | D41: =IF(D39="","",(C41+C42)) -> 5 | E41: =IF(E39="","",(D41+D42)) -> 5 | F41: 4 | G41: =IF(G39="","",(F41+F42)) -> 8 | H41: =IF(H39="","",(G41+G42)) -> 8 | I41: =IF(I39="","",(H41+H42)) -> 8 | J41: =IF(J39="","",(I41+I42)) -> 8 | K41: =IF(K39="","",(J41+J42)) -> 8 | L41: =IF(L39="","",(K41+K42)) -> 8 | M41: =IF(M39="","",(L41+L42)) -> 8 | N41: =IF(N39="","",(M41+M42)) -> 8 | ... P41: =IF(P39="","",(O41+O42)) -> 8 | Q41: 7 | R41: =IF(R39="","",(Q41+Q42)) -> 7 | S41: =IF(S39="","",(R41+R42)) -> 7 | T41: =IF(T39="","",(S41+S42)) -> 7 | U41: =IF(U39="","",(T41+T42)) | V41: =IF(V39="","",(U41+U42)) | W41: =IF(W39="","",(V41+V42)) | X41: =IF(X39="","",(W41+W42)) | Y41: =IF(Y39="","",(X41+X42)) | ... AS41: =IF(AS39="","",(AR41+AR42))
A42: 機械合計 | B42: 補充 | F42: 4
A43: =+(A46+A58+A70+A82)*100 -> 93800 | B43: 単価 | C43: 750 | D43: =IF(D39="","",C43) -> 750 | E43: =IF(E39="","",D43) -> 750 | F43: =IF(F39="","",E43) -> 750 | G43: =IF(G39="","",F43) -> 750 | H43: =IF(H39="","",G43) -> 750 | I43: =IF(I39="","",H43) -> 750 | J43: =IF(J39="","",I43) -> 750 | K43: =IF(K39="","",J43) -> 750 | ... AS43: =IF(AS39="","",AR43)
A44: 月間予想 | B44: 景品名 | C44: ジャグラーフラッシュボタンミニ | D44: =IF(D39="","",C44) -> ジャグラーフラッシュボタンミニ | E44: =IF(E39="","",D44) -> ジャグラーフラッシュボタンミニ | F44: =IF(F39="","",E44) -> ジャグラーフラッシュボタンミニ | G44: =IF(G39="","",F44) -> ジャグラーフラッシュボタンミニ | H44: =IF(H39="","",G44) -> ジャグラーフラッシュボタンミニ | I44: =IF(I39="","",H44) -> ジャグラーフラッシュボタンミニ | J44: =IF(J39="","",I44) -> ジャグラーフラッシュボタンミニ | K44: =IF(K39="","",J44) -> ジャグラーフラッシュボタンミニ | ... AS44: =IF(AS39="","",AR44)
A45: =AVERAGE(C46:AS46)*30*100 -> 42166.667 | B45: 設定
A46: =SUM(C46:AS46) -> 253 | B46: 百差 | C46: 0 | D46: =IF(D39="","",D39-C39) -> 0 | E46: =IF(E39="","",E39-D39) -> 0 | F46: =IF(F39="","",F39-E39) -> 56 | G46: =IF(G39="","",G39-F39) -> 0 | H46: =IF(H39="","",H39-G39) -> 0 | I46: =IF(I39="","",I39-H39) -> 0 | J46: =IF(J39="","",J39-I39) -> 50 | K46: =IF(K39="","",K39-J39) -> 0 | ... AS46: =IF(AS39="","",AS39-AR39)
A47: 7 | B47: P差 | C47: 0 | D47: =IF(D40="","",D40-C40) -> 0 | E47: =IF(E40="","",E40-D40) -> 0 | F47: =IF(F40="","",F40-E40) -> 1 | G47: =IF(G40="","",G40-F40) -> 0 | H47: =IF(H40="","",H40-G40) -> 0 | I47: =IF(I40="","",I40-H40) -> 0 | J47: =IF(J40="","",J40-I40) -> 0 | K47: =IF(K40="","",K40-J40) -> 0 | ... AS47: =IF(AS40="","",AS40-AR40)
A48: 7 | B48: 払出 | C48: 0 | D48: =IF(D41="","",C41+C42-D41) -> 0 | E48: =IF(E41="","",D41+D42-E41) -> 0 | F48: =IF(F41="","",E41+E42-F41) -> 1 | G48: =IF(G41="","",F41+F42-G41) -> 0 | H48: =IF(H41="","",G41+G42-H41) -> 0 | I48: =IF(I41="","",H41+H42-I41) -> 0 | J48: =IF(J41="","",I41+I42-J41) -> 0 | K48: =IF(K41="","",J41+J42-K41) -> 0 | ... AS48: =IF(AS41="","",AR41+AR42-AS41)
A49: 0 | B49: 払出額 | C49: 0 | D49: =IF(D39="","",D48*D43) -> 0 | E49: =IF(E39="","",E48*E43) -> 0 | F49: =IF(F39="","",F48*F43) -> 750 | G49: =IF(G39="","",G48*G43) -> 0 | H49: =IF(H39="","",H48*H43) -> 0 | I49: =IF(I39="","",I48*I43) -> 0 | J49: =IF(J39="","",J48*J43) -> 0 | K49: =IF(K39="","",K48*K43) -> 0 | ... AS49: =IF(AS39="","",AS48*AS43)
A50: 0 | B50: 原価率 | D50: =IF(D49="","",IF(D49=0,"",D49/(D46*100))) | E50: =IF(E49="","",IF(E49=0,"",E49/(E46*100))) | F50: =IF(F49="","",IF(F49=0,"",F49/(F46*100))) -> 0.13392857 | G50: =IF(G49="","",IF(G49=0,"",G49/(G46*100))) | H50: =IF(H49="","",IF(H49=0,"",H49/(H46*100))) | I50: =IF(I49="","",IF(I49=0,"",I49/(I46*100))) | J50: =IF(J49="","",IF(J49=0,"",J49/(J46*100))) | K50: =IF(K49="","",IF(K49=0,"",K49/(K46*100))) | ... AS50: =IF(AS49="","",IF(AS49=0,"",AS49/(AS46*100)))
A51: 霧島 | B51: 100円 | C51: 11869 | D51: =IF(D$3="","",C51) -> 11869 | E51: =IF(E$3="","",D51) -> 11869 | F51: 11988 | G51: =IF(G$3="","",F51) -> 11988 | H51: =IF(H$3="","",G51) -> 11988 | I51: =IF(I$3="","",H51) -> 11988 | J51: 12010 | K51: =IF(K$3="","",J51) -> 12010 | L51: =IF(L$3="","",K51) -> 12010 | M51: 12030 | N51: =IF(N$3="","",M51) -> 12030 | O51: =IF(O$3="","",N51) -> 12030 | P51: =IF(P$3="","",O51) -> 12030 | Q51: 12102 | R51: =IF(R$3="","",Q51) -> 12102 | S51: =IF(S$3="","",R51) -> 12102 | T51: 12114 | U51: =IF(U$3="","",T51) | V51: =IF(V$3="","",U51) | W51: =IF(W$3="","",V51) | X51: =IF(X$3="","",W51) | Y51: =IF(Y$3="","",X51) | Z51: =IF(Z$3="","",Y51) | AA51: =IF(AA$3="","",Z51) | AB51: =IF(AB$3="","",AA51) | ... AS51: =IF(AS$3="","",AR51)
A52: BUZZ＃１ | B52: プライズ | C52: 433 | D52: =IF(D$3="","",C52) -> 433 | E52: =IF(E$3="","",D52) -> 433 | F52: 436 | G52: =IF(G$3="","",F52) -> 436 | H52: =IF(H$3="","",G52) -> 436 | I52: =IF(I$3="","",H52) -> 436 | J52: =IF(J$3="","",I52) -> 436 | K52: =IF(K$3="","",J52) -> 436 | L52: =IF(L$3="","",K52) -> 436 | M52: 437 | N52: =IF(N$3="","",M52) -> 437 | O52: =IF(O$3="","",N52) -> 437 | P52: =IF(P$3="","",O52) -> 437 | Q52: 439 | R52: =IF(R$3="","",Q52) -> 439 | S52: =IF(S$3="","",R52) -> 439 | T52: =IF(T$3="","",S52) -> 439 | U52: =IF(U$3="","",T52) | V52: =IF(V$3="","",U52) | W52: =IF(W$3="","",V52) | X52: =IF(X$3="","",W52) | Y52: =IF(Y$3="","",X52) | ... AS52: =IF(AS$3="","",AR52)
A53: 2 | B53: 投入残 | C53: 47 | D53: =IF(D51="","",(C53+C54)) -> 47 | E53: =IF(E51="","",(D53+D54)) -> 47 | F53: 44 | G53: =IF(G51="","",(F53+F54)) -> 50 | H53: =IF(H51="","",(G53+G54)) -> 50 | I53: =IF(I51="","",(H53+H54)) -> 50 | J53: =IF(J51="","",(I53+I54)) -> 50 | K53: =IF(K51="","",(J53+J54)) -> 50 | L53: =IF(L51="","",(K53+K54)) -> 50 | M53: 49 | N53: =IF(N51="","",(M53+M54)) -> 49 | O53: =IF(O51="","",(N53+N54)) -> 49 | P53: =IF(P51="","",(O53+O54)) -> 49 | Q53: =IF(Q51="","",(P53+P54)) -> 49 | R53: =IF(R51="","",(Q53+Q54)) -> 49 | S53: =IF(S51="","",(R53+R54)) -> 49 | T53: =IF(T51="","",(S53+S54)) -> 49 | U53: =IF(U51="","",(T53+T54)) | ... AS53: =IF(AS51="","",(AR53+AR54))
B54: 補充 | F54: 6
B55: 単価 | C55: 300 | D55: =IF(D51="","",C55) -> 300 | E55: =IF(E51="","",D55) -> 300 | F55: =IF(F51="","",E55) -> 300 | G55: =IF(G51="","",F55) -> 300 | H55: =IF(H51="","",G55) -> 300 | I55: =IF(I51="","",H55) -> 300 | J55: =IF(J51="","",I55) -> 300 | K55: =IF(K51="","",J55) -> 300 | ... AS55: =IF(AS51="","",AR55)
A56: 月間予想 | B56: 景品名 | C56: ぶるりんピンキーブラック | D56: =IF(D51="","",C56) -> ぶるりんピンキーブラック | E56: =IF(E51="","",D56) -> ぶるりんピンキーブラック | F56: =IF(F51="","",E56) -> ぶるりんピンキーブラック | G56: =IF(G51="","",F56) -> ぶるりんピンキーブラック | H56: =IF(H51="","",G56) -> ぶるりんピンキーブラック | I56: =IF(I51="","",H56) -> ぶるりんピンキーブラック | J56: =IF(J51="","",I56) -> ぶるりんピンキーブラック | K56: =IF(K51="","",J56) -> ぶるりんピンキーブラック | ... AS56: =IF(AS51="","",AR56)
A57: =AVERAGE(C58:AS58)*30*100 -> 40833.333 | B57: 設定
A58: =SUM(C58:AS58) -> 245 | B58: 百差 | C58: 0 | D58: =IF(D51="","",D51-C51) -> 0 | E58: =IF(E51="","",E51-D51) -> 0 | F58: =IF(F51="","",F51-E51) -> 119 | G58: =IF(G51="","",G51-F51) -> 0 | H58: =IF(H51="","",H51-G51) -> 0 | I58: =IF(I51="","",I51-H51) -> 0 | J58: =IF(J51="","",J51-I51) -> 22 | K58: =IF(K51="","",K51-J51) -> 0 | ... AS58: =IF(AS51="","",AS51-AR51)
A59: 4 | B59: P差 | C59: 0 | D59: =IF(D52="","",D52-C52) -> 0 | E59: =IF(E52="","",E52-D52) -> 0 | F59: =IF(F52="","",F52-E52) -> 3 | G59: =IF(G52="","",G52-F52) -> 0 | H59: =IF(H52="","",H52-G52) -> 0 | I59: =IF(I52="","",I52-H52) -> 0 | J59: =IF(J52="","",J52-I52) -> 0 | K59: =IF(K52="","",K52-J52) -> 0 | ... AS59: =IF(AS52="","",AS52-AR52)
A60: -13 | B60: 払出 | C60: 0 | D60: =IF(D53="","",C53+C54-D53) -> 0 | E60: =IF(E53="","",D53+D54-E53) -> 0 | F60: =IF(F53="","",E53+E54-F53) -> 3 | G60: =IF(G53="","",F53+F54-G53) -> 0 | H60: =IF(H53="","",G53+G54-H53) -> 0 | I60: =IF(I53="","",H53+H54-I53) -> 0 | J60: =IF(J53="","",I53+I54-J53) -> 0 | K60: =IF(K53="","",J53+J54-K53) -> 0 | ... AS60: =IF(AS53="","",AR53+AR54-AS53)
A61: -3900 | B61: 払出額 | C61: 0 | D61: =IF(D51="","",D60*D55) -> 0 | E61: =IF(E51="","",E60*E55) -> 0 | F61: =IF(F51="","",F60*F55) -> 900 | G61: =IF(G51="","",G60*G55) -> 0 | H61: =IF(H51="","",H60*H55) -> 0 | I61: =IF(I51="","",I60*I55) -> 0 | J61: =IF(J51="","",J60*J55) -> 0 | K61: =IF(K51="","",K60*K55) -> 0 | ... AS61: =IF(AS51="","",AS60*AS55)
A62: -0.3 | B62: 原価率 | D62: =IF(D61="","",IF(D61=0,"",D61/(D58*100))) | E62: =IF(E61="","",IF(E61=0,"",E61/(E58*100))) | F62: =IF(F61="","",IF(F61=0,"",F61/(F58*100))) -> 0.075630252 | G62: =IF(G61="","",IF(G61=0,"",G61/(G58*100))) | H62: =IF(H61="","",IF(H61=0,"",H61/(H58*100))) | I62: =IF(I61="","",IF(I61=0,"",I61/(I58*100))) | J62: =IF(J61="","",IF(J61=0,"",J61/(J58*100))) | K62: =IF(K61="","",IF(K61=0,"",K61/(K58*100))) | ... AS62: =IF(AS61="","",IF(AS61=0,"",AS61/(AS58*100)))
A63: 霧島 | B63: 100円 | C63: 11328 | D63: =IF(D$3="","",C63) -> 11328 | E63: =IF(E$3="","",D63) -> 11328 | F63: 11434 | G63: =IF(G$3="","",F63) -> 11434 | H63: =IF(H$3="","",G63) -> 11434 | I63: =IF(I$3="","",H63) -> 11434 | J63: 11485 | K63: =IF(K$3="","",J63) -> 11485 | L63: =IF(L$3="","",K63) -> 11485 | M63: 11515 | N63: =IF(N$3="","",M63) -> 11515 | O63: =IF(O$3="","",N63) -> 11515 | P63: =IF(P$3="","",O63) -> 11515 | Q63: 11554 | R63: =IF(R$3="","",Q63) -> 11554 | S63: =IF(S$3="","",R63) -> 11554 | T63: 11596 | U63: =IF(U$3="","",T63) | V63: =IF(V$3="","",U63) | W63: =IF(W$3="","",V63) | X63: =IF(X$3="","",W63) | Y63: =IF(Y$3="","",X63) | Z63: =IF(Z$3="","",Y63) | AA63: =IF(AA$3="","",Z63) | AB63: =IF(AB$3="","",AA63) | ... AS63: =IF(AS$3="","",AR63)
A64: BUZZ＃１ | B64: プライズ | C64: 590 | D64: =IF(D$3="","",C64) -> 590 | E64: =IF(E$3="","",D64) -> 590 | F64: 598 | G64: =IF(G$3="","",F64) -> 598 | H64: =IF(H$3="","",G64) -> 598 | I64: =IF(I$3="","",H64) -> 598 | J64: =IF(J$3="","",I64) -> 598 | K64: =IF(K$3="","",J64) -> 598 | L64: =IF(L$3="","",K64) -> 598 | M64: 602 | N64: =IF(N$3="","",M64) -> 602 | O64: =IF(O$3="","",N64) -> 602 | P64: =IF(P$3="","",O64) -> 602 | Q64: 605 | R64: =IF(R$3="","",Q64) -> 605 | S64: =IF(S$3="","",R64) -> 605 | T64: 607 | U64: =IF(U$3="","",T64) | V64: =IF(V$3="","",U64) | W64: =IF(W$3="","",V64) | X64: =IF(X$3="","",W64) | Y64: =IF(Y$3="","",X64) | Z64: =IF(Z$3="","",Y64) | AA64: =IF(AA$3="","",Z64) | AB64: =IF(AB$3="","",AA64) | ... AS64: =IF(AS$3="","",AR64)
A65: 3 | B65: 投入残 | C65: 20 | D65: =IF(D63="","",(C65+C66)) -> 20 | E65: =IF(E63="","",(D65+D66)) -> 20 | F65: 16 | G65: =IF(G63="","",(F65+F66)) -> 22 | H65: =IF(H63="","",(G65+G66)) -> 22 | I65: =IF(I63="","",(H65+H66)) -> 22 | J65: =IF(J63="","",(I65+I66)) -> 22 | K65: =IF(K63="","",(J65+J66)) -> 26 | L65: =IF(L63="","",(K65+K66)) -> 26 | M65: 22 | N65: =IF(N63="","",(M65+M66)) -> 22 | O65: =IF(O63="","",(N65+N66)) -> 22 | P65: =IF(P63="","",(O65+O66)) -> 22 | Q65: 19 | R65: =IF(R63="","",(Q65+Q66)) -> 26 | S65: =IF(S63="","",(R65+R66)) -> 26 | T65: 24 | U65: =IF(U63="","",(T65+T66)) | V65: =IF(V63="","",(U65+U66)) | W65: =IF(W63="","",(V65+V66)) | X65: =IF(X63="","",(W65+W66)) | Y65: =IF(Y63="","",(X65+X66)) | Z65: =IF(Z63="","",(Y65+Y66)) | AA65: =IF(AA63="","",(Z65+Z66)) | AB65: =IF(AB63="","",(AA65+AA66)) | ... AS65: =IF(AS63="","",(AR65+AR66))
B66: 補充 | F66: 6 | J66: 4 | Q66: 7
B67: 単価 | C67: 300 | D67: =IF(D63="","",C67) -> 300 | E67: =IF(E63="","",D67) -> 300 | F67: =IF(F63="","",E67) -> 300 | G67: =IF(G63="","",F67) -> 300 | H67: =IF(H63="","",G67) -> 300 | I67: =IF(I63="","",H67) -> 300 | J67: =IF(J63="","",I67) -> 300 | K67: =IF(K63="","",J67) -> 300 | ... AS67: =IF(AS63="","",AR67)
A68: 月間予想 | B68: 景品名 | C68: ラブブMC | D68: =IF(D63="","",C68) -> ラブブMC | E68: =IF(E63="","",D68) -> ラブブMC | F68: =IF(F63="","",E68) -> ラブブMC | G68: =IF(G63="","",F68) -> ラブブMC | H68: =IF(H63="","",G68) -> ラブブMC | I68: =IF(I63="","",H68) -> ラブブMC | J68: =IF(J63="","",I68) -> ラブブMC | K68: =IF(K63="","",J68) -> ラブブMC | ... AS68: =IF(AS63="","",AR68)
A69: =AVERAGE(C70:AS70)*30*100 -> 44666.667 | B69: 設定
A70: =SUM(C70:AS70) -> 268 | B70: 百差 | C70: 0 | D70: =IF(D63="","",D63-C63) -> 0 | E70: =IF(E63="","",E63-D63) -> 0 | F70: =IF(F63="","",F63-E63) -> 106 | G70: =IF(G63="","",G63-F63) -> 0 | H70: =IF(H63="","",H63-G63) -> 0 | I70: =IF(I63="","",I63-H63) -> 0 | J70: =IF(J63="","",J63-I63) -> 51 | K70: =IF(K63="","",K63-J63) -> 0 | ... AS70: =IF(AS63="","",AS63-AR63)
A71: 4 | B71: P差 | C71: 0 | D71: =IF(D64="","",D64-C64) -> 0 | E71: =IF(E64="","",E64-D64) -> 0 | F71: =IF(F64="","",F64-E64) -> 8 | G71: =IF(G64="","",G64-F64) -> 0 | H71: =IF(H64="","",H64-G64) -> 0 | I71: =IF(I64="","",I64-H64) -> 0 | J71: =IF(J64="","",J64-I64) -> 0 | K71: =IF(K64="","",K64-J64) -> 0 | ... AS71: =IF(AS64="","",AS64-AR64)
A72: 2 | B72: 払出 | C72: 0 | D72: =IF(D65="","",C65+C66-D65) -> 0 | E72: =IF(E65="","",D65+D66-E65) -> 0 | F72: =IF(F65="","",E65+E66-F65) -> 4 | G72: =IF(G65="","",F65+F66-G65) -> 0 | H72: =IF(H65="","",G65+G66-H65) -> 0 | I72: =IF(I65="","",H65+H66-I65) -> 0 | J72: =IF(J65="","",I65+I66-J65) -> 0 | K72: =IF(K65="","",J65+J66-K65) -> 0 | ... AS72: =IF(AS65="","",AR65+AR66-AS65)
A73: 0 | B73: 払出額 | C73: 0 | D73: =IF(D63="","",D72*D67) -> 0 | E73: =IF(E63="","",E72*E67) -> 0 | F73: =IF(F63="","",F72*F67) -> 1200 | G73: =IF(G63="","",G72*G67) -> 0 | H73: =IF(H63="","",H72*H67) -> 0 | I73: =IF(I63="","",I72*I67) -> 0 | J73: =IF(J63="","",J72*J67) -> 0 | K73: =IF(K63="","",K72*K67) -> 0 | ... AS73: =IF(AS63="","",AS72*AS67)
A74: 0 | B74: 原価率 | D74: =IF(D73="","",IF(D73=0,"",D73/(D70*100))) | E74: =IF(E73="","",IF(E73=0,"",E73/(E70*100))) | F74: =IF(F73="","",IF(F73=0,"",F73/(F70*100))) -> 0.11320755 | G74: =IF(G73="","",IF(G73=0,"",G73/(G70*100))) | H74: =IF(H73="","",IF(H73=0,"",H73/(H70*100))) | I74: =IF(I73="","",IF(I73=0,"",I73/(I70*100))) | J74: =IF(J73="","",IF(J73=0,"",J73/(J70*100))) | K74: =IF(K73="","",IF(K73=0,"",K73/(K70*100))) | ... AS74: =IF(AS73="","",IF(AS73=0,"",AS73/(AS70*100)))
A75: 霧島 | B75: 100円 | C75: 10550 | D75: =IF(D$3="","",C75) -> 10550 | E75: =IF(E$3="","",D75) -> 10550 | F75: 10597 | G75: =IF(G$3="","",F75) -> 10597 | H75: =IF(H$3="","",G75) -> 10597 | I75: =IF(I$3="","",H75) -> 10597 | J75: 10625 | K75: =IF(K$3="","",J75) -> 10625 | L75: =IF(L$3="","",K75) -> 10625 | M75: 10665 | N75: =IF(N$3="","",M75) -> 10665 | O75: =IF(O$3="","",N75) -> 10665 | P75: =IF(P$3="","",O75) -> 10665 | Q75: 10696 | R75: =IF(R$3="","",Q75) -> 10696 | S75: =IF(S$3="","",R75) -> 10696 | T75: 10722 | U75: =IF(U$3="","",T75) | V75: =IF(V$3="","",U75) | W75: =IF(W$3="","",V75) | X75: =IF(X$3="","",W75) | Y75: =IF(Y$3="","",X75) | Z75: =IF(Z$3="","",Y75) | AA75: =IF(AA$3="","",Z75) | AB75: =IF(AB$3="","",AA75) | ... AS75: =IF(AS$3="","",AR75)
A76: BUZZ＃１ | B76: プライズ | C76: 675 | D76: =IF(D$3="","",C76) -> 675 | E76: =IF(E$3="","",D76) -> 675 | F76: 676 | G76: =IF(G$3="","",F76) -> 676 | H76: =IF(H$3="","",G76) -> 676 | I76: =IF(I$3="","",H76) -> 676 | J76: =IF(J$3="","",I76) -> 676 | K76: =IF(K$3="","",J76) -> 676 | L76: =IF(L$3="","",K76) -> 676 | M76: 678 | N76: =IF(N$3="","",M76) -> 678 | O76: =IF(O$3="","",N76) -> 678 | P76: =IF(P$3="","",O76) -> 678 | Q76: =IF(Q$3="","",P76) -> 678 | R76: =IF(R$3="","",Q76) -> 678 | S76: =IF(S$3="","",R76) -> 678 | T76: =IF(T$3="","",S76) -> 678 | U76: =IF(U$3="","",T76) | ... AS76: =IF(AS$3="","",AR76)
A77: 4 | B77: 投入残 | C77: 34 | D77: =IF(D75="","",(C77+C78)) -> 34 | E77: =IF(E75="","",(D77+D78)) -> 34 | F77: 33 | G77: =IF(G75="","",(F77+F78)) -> 33 | H77: =IF(H75="","",(G77+G78)) -> 33 | I77: =IF(I75="","",(H77+H78)) -> 33 | J77: =IF(J75="","",(I77+I78)) -> 33 | K77: =IF(K75="","",(J77+J78)) -> 33 | L77: =IF(L75="","",(K77+K78)) -> 33 | M77: 31 | N77: =IF(N75="","",(M77+M78)) -> 31 | O77: =IF(O75="","",(N77+N78)) -> 31 | P77: =IF(P75="","",(O77+O78)) -> 31 | Q77: =IF(Q75="","",(P77+P78)) -> 31 | R77: =IF(R75="","",(Q77+Q78)) -> 31 | S77: =IF(S75="","",(R77+R78)) -> 31 | T77: =IF(T75="","",(S77+S78)) -> 31 | U77: =IF(U75="","",(T77+T78)) | ... AS77: =IF(AS75="","",(AR77+AR78))
B78: 補充
B79: 単価 | C79: 150 | D79: =IF(D75="","",C79) -> 150 | E79: =IF(E75="","",D79) -> 150 | F79: =IF(F75="","",E79) -> 150 | G79: =IF(G75="","",F79) -> 150 | H79: =IF(H75="","",G79) -> 150 | I79: =IF(I75="","",H79) -> 150 | J79: =IF(J75="","",I79) -> 150 | K79: =IF(K75="","",J79) -> 150 | ... AS79: =IF(AS75="","",AR79)
A80: 月間予想 | B80: 景品名 | C80: サンリオチャーム付スイーツ | D80: =IF(D75="","",C80) -> サンリオチャーム付スイーツ | E80: =IF(E75="","",D80) -> サンリオチャーム付スイーツ | F80: =IF(F75="","",E80) -> サンリオチャーム付スイーツ | G80: =IF(G75="","",F80) -> サンリオチャーム付スイーツ | H80: =IF(H75="","",G80) -> サンリオチャーム付スイーツ | I80: =IF(I75="","",H80) -> サンリオチャーム付スイーツ | J80: =IF(J75="","",I80) -> サンリオチャーム付スイーツ | K80: =IF(K75="","",J80) -> サンリオチャーム付スイーツ | ... AS80: =IF(AS75="","",AR80)
A81: =AVERAGE(C82:AS82)*30*100 -> 28666.667 | B81: 設定
A82: =SUM(C82:AS82) -> 172 | B82: 百差 | C82: 0 | D82: =IF(D75="","",D75-C75) -> 0 | E82: =IF(E75="","",E75-D75) -> 0 | F82: =IF(F75="","",F75-E75) -> 47 | G82: =IF(G75="","",G75-F75) -> 0 | H82: =IF(H75="","",H75-G75) -> 0 | I82: =IF(I75="","",I75-H75) -> 0 | J82: =IF(J75="","",J75-I75) -> 28 | K82: =IF(K75="","",K75-J75) -> 0 | ... AS82: =IF(AS75="","",AS75-AR75)
A83: =SUM(C83:AS83) -> 3 | B83: P差 | C83: 0 | D83: =IF(D76="","",D76-C76) -> 0 | E83: =IF(E76="","",E76-D76) -> 0 | F83: =IF(F76="","",F76-E76) -> 1 | G83: =IF(G76="","",G76-F76) -> 0 | H83: =IF(H76="","",H76-G76) -> 0 | I83: =IF(I76="","",I76-H76) -> 0 | J83: =IF(J76="","",J76-I76) -> 0 | K83: =IF(K76="","",K76-J76) -> 0 | ... AS83: =IF(AS76="","",AS76-AR76)
A84: =SUM(C84:AS84) -> 3 | B84: 払出 | C84: 0 | D84: =IF(D77="","",C77+C78-D77) -> 0 | E84: =IF(E77="","",D77+D78-E77) -> 0 | F84: =IF(F77="","",E77+E78-F77) -> 1 | G84: =IF(G77="","",F77+F78-G77) -> 0 | H84: =IF(H77="","",G77+G78-H77) -> 0 | I84: =IF(I77="","",H77+H78-I77) -> 0 | J84: =IF(J77="","",I77+I78-J77) -> 0 | K84: =IF(K77="","",J77+J78-K77) -> 0 | ... AS84: =IF(AS77="","",AR77+AR78-AS77)
A85: =SUM(C85:AS85) -> 450 | B85: 払出額 | C85: 0 | D85: =IF(D75="","",D84*D79) -> 0 | E85: =IF(E75="","",E84*E79) -> 0 | F85: =IF(F75="","",F84*F79) -> 150 | G85: =IF(G75="","",G84*G79) -> 0 | H85: =IF(H75="","",H84*H79) -> 0 | I85: =IF(I75="","",I84*I79) -> 0 | J85: =IF(J75="","",J84*J79) -> 0 | K85: =IF(K75="","",K84*K79) -> 0 | ... AS85: =IF(AS75="","",AS84*AS79)
A86: =IF(A85="","",A85/(A82*100)) -> 0.026162791 | B86: 原価率 | D86: =IF(D85="","",IF(D85=0,"",D85/(D82*100))) | E86: =IF(E85="","",IF(E85=0,"",E85/(E82*100))) | F86: =IF(F85="","",IF(F85=0,"",F85/(F82*100))) -> 0.031914894 | G86: =IF(G85="","",IF(G85=0,"",G85/(G82*100))) | H86: =IF(H85="","",IF(H85=0,"",H85/(H82*100))) | I86: =IF(I85="","",IF(I85=0,"",I85/(I82*100))) | J86: =IF(J85="","",IF(J85=0,"",J85/(J82*100))) | K86: =IF(K85="","",IF(K85=0,"",K85/(K82*100))) | ... AS86: =IF(AS85="","",IF(AS85=0,"",AS85/(AS82*100)))
A87: 霧島 | B87: 100円 | C87: 11678 | D87: =IF(D$3="","",C87) -> 11678 | E87: =IF(E$3="","",D87) -> 11678 | F87: 11730 | G87: =IF(G$3="","",F87) -> 11730 | H87: =IF(H$3="","",G87) -> 11730 | I87: =IF(I$3="","",H87) -> 11730 | J87: 11766 | K87: =IF(K$3="","",J87) -> 11766 | L87: =IF(L$3="","",K87) -> 11766 | M87: 11803 | N87: =IF(N$3="","",M87) -> 11803 | O87: =IF(O$3="","",N87) -> 11803 | P87: =IF(P$3="","",O87) -> 11803 | Q87: 11857 | R87: =IF(R$3="","",Q87) -> 11857 | S87: =IF(S$3="","",R87) -> 11857 | T87: 11898 | U87: =IF(U$3="","",T87) | V87: =IF(V$3="","",U87) | W87: =IF(W$3="","",V87) | X87: =IF(X$3="","",W87) | Y87: =IF(Y$3="","",X87) | Z87: =IF(Z$3="","",Y87) | AA87: =IF(AA$3="","",Z87) | AB87: =IF(AB$3="","",AA87) | ... AS87: =IF(AS$3="","",AR87)
A88: BUZZ＃2 | B88: プライズ | C88: 222 | D88: =IF(D$3="","",C88) -> 222 | E88: =IF(E$3="","",D88) -> 222 | F88: =IF(F$3="","",E88) -> 222 | G88: =IF(G$3="","",F88) -> 222 | H88: =IF(H$3="","",G88) -> 222 | I88: =IF(I$3="","",H88) -> 222 | J88: 223 | K88: =IF(K$3="","",J88) -> 223 | L88: =IF(L$3="","",K88) -> 223 | M88: =IF(M$3="","",L88) -> 223 | N88: =IF(N$3="","",M88) -> 223 | O88: =IF(O$3="","",N88) -> 223 | P88: =IF(P$3="","",O88) -> 223 | Q88: 224 | R88: =IF(R$3="","",Q88) -> 224 | S88: =IF(S$3="","",R88) -> 224 | T88: =IF(T$3="","",S88) -> 224 | U88: =IF(U$3="","",T88) | V88: =IF(V$3="","",U88) | W88: =IF(W$3="","",V88) | X88: =IF(X$3="","",W88) | Y88: =IF(Y$3="","",X88) | ... AS88: =IF(AS$3="","",AR88)
A89: 1 | B89: 投入残 | C89: 14 | D89: =IF(D87="","",(C89+C90)) -> 14 | E89: =IF(E87="","",(D89+D90)) -> 14 | F89: =IF(F87="","",(E89+E90)) -> 14 | G89: =IF(G87="","",(F89+F90)) -> 14 | H89: =IF(H87="","",(G89+G90)) -> 14 | I89: =IF(I87="","",(H89+H90)) -> 14 | J89: =IF(J87="","",(I89+I90)) -> 14 | K89: =IF(K87="","",(J89+J90)) -> 16 | L89: =IF(L87="","",(K89+K90)) -> 16 | M89: 15 | N89: =IF(N87="","",(M89+M90)) -> 15 | O89: =IF(O87="","",(N89+N90)) -> 15 | P89: =IF(P87="","",(O89+O90)) -> 15 | Q89: 14 | R89: =IF(R87="","",(Q89+Q90)) -> 14 | S89: =IF(S87="","",(R89+R90)) -> 14 | T89: =IF(T87="","",(S89+S90)) -> 14 | U89: =IF(U87="","",(T89+T90)) | V89: =IF(V87="","",(U89+U90)) | W89: =IF(W87="","",(V89+V90)) | X89: =IF(X87="","",(W89+W90)) | Y89: =IF(Y87="","",(X89+X90)) | ... AS89: =IF(AS87="","",(AR89+AR90))
A90: 機械合計 | B90: 補充 | J90: 2
A91: =+(A94+A106+A118+A130)*100 -> 143900 | B91: 単価 | C91: 500 | D91: =IF(D87="","",C91) -> 500 | E91: =IF(E87="","",D91) -> 500 | F91: =IF(F87="","",E91) -> 500 | G91: =IF(G87="","",F91) -> 500 | H91: =IF(H87="","",G91) -> 500 | I91: =IF(I87="","",H91) -> 500 | J91: =IF(J87="","",I91) -> 500 | K91: =IF(K87="","",J91) -> 500 | ... AS91: =IF(AS87="","",AR91)
A92: 月間予想 | B92: 景品名 | C92: ギャルキティMC | D92: =IF(D87="","",C92) -> ギャルキティMC | E92: =IF(E87="","",D92) -> ギャルキティMC | F92: =IF(F87="","",E92) -> ギャルキティMC | G92: =IF(G87="","",F92) -> ギャルキティMC | H92: =IF(H87="","",G92) -> ギャルキティMC | I92: =IF(I87="","",H92) -> ギャルキティMC | J92: =IF(J87="","",I92) -> ギャルキティMC | K92: =IF(K87="","",J92) -> ギャルキティMC | ... AS92: =IF(AS87="","",AR92)
A93: =AVERAGE(C94:AS94)*30*100 -> 36666.667 | B93: 設定
A94: =SUM(C94:AS94) -> 220 | B94: 百差 | C94: 0 | D94: =IF(D87="","",D87-C87) -> 0 | E94: =IF(E87="","",E87-D87) -> 0 | F94: =IF(F87="","",F87-E87) -> 52 | G94: =IF(G87="","",G87-F87) -> 0 | H94: =IF(H87="","",H87-G87) -> 0 | I94: =IF(I87="","",I87-H87) -> 0 | J94: =IF(J87="","",J87-I87) -> 36 | K94: =IF(K87="","",K87-J87) -> 0 | ... AS94: =IF(AS87="","",AS87-AR87)
A95: =SUM(C95:AS95) -> 2 | B95: P差 | C95: 0 | D95: =IF(D88="","",D88-C88) -> 0 | E95: =IF(E88="","",E88-D88) -> 0 | F95: =IF(F88="","",F88-E88) -> 0 | G95: =IF(G88="","",G88-F88) -> 0 | H95: =IF(H88="","",H88-G88) -> 0 | I95: =IF(I88="","",I88-H88) -> 0 | J95: =IF(J88="","",J88-I88) -> 1 | K95: =IF(K88="","",K88-J88) -> 0 | ... AS95: =IF(AS88="","",AS88-AR88)
A96: =SUM(C96:AS96) -> 2 | B96: 払出 | C96: 0 | D96: =IF(D89="","",C89+C90-D89) -> 0 | E96: =IF(E89="","",D89+D90-E89) -> 0 | F96: =IF(F89="","",E89+E90-F89) -> 0 | G96: =IF(G89="","",F89+F90-G89) -> 0 | H96: =IF(H89="","",G89+G90-H89) -> 0 | I96: =IF(I89="","",H89+H90-I89) -> 0 | J96: =IF(J89="","",I89+I90-J89) -> 0 | K96: =IF(K89="","",J89+J90-K89) -> 0 | ... AS96: =IF(AS89="","",AR89+AR90-AS89)
A97: =SUM(C97:AS97) -> 1000 | B97: 払出額 | C97: 0 | D97: =IF(D87="","",D96*D91) -> 0 | E97: =IF(E87="","",E96*E91) -> 0 | F97: =IF(F87="","",F96*F91) -> 0 | G97: =IF(G87="","",G96*G91) -> 0 | H97: =IF(H87="","",H96*H91) -> 0 | I97: =IF(I87="","",I96*I91) -> 0 | J97: =IF(J87="","",J96*J91) -> 0 | K97: =IF(K87="","",K96*K91) -> 0 | ... AS97: =IF(AS87="","",AS96*AS91)
A98: =IF(A97="","",A97/(A94*100)) -> 0.045454545 | B98: 原価率 | D98: =IF(D97="","",IF(D97=0,"",D97/(D94*100))) | E98: =IF(E97="","",IF(E97=0,"",E97/(E94*100))) | F98: =IF(F97="","",IF(F97=0,"",F97/(F94*100))) | G98: =IF(G97="","",IF(G97=0,"",G97/(G94*100))) | H98: =IF(H97="","",IF(H97=0,"",H97/(H94*100))) | I98: =IF(I97="","",IF(I97=0,"",I97/(I94*100))) | J98: =IF(J97="","",IF(J97=0,"",J97/(J94*100))) | K98: =IF(K97="","",IF(K97=0,"",K97/(K94*100))) | ... AS98: =IF(AS97="","",IF(AS97=0,"",AS97/(AS94*100)))
A99: 霧島 | B99: 100円 | C99: 12228 | D99: =IF(D$3="","",C99) -> 12228 | E99: =IF(E$3="","",D99) -> 12228 | F99: 12326 | G99: =IF(G$3="","",F99) -> 12326 | H99: =IF(H$3="","",G99) -> 12326 | I99: =IF(I$3="","",H99) -> 12326 | J99: 12342 | K99: =IF(K$3="","",J99) -> 12342 | L99: =IF(L$3="","",K99) -> 12342 | M99: 12369 | N99: =IF(N$3="","",M99) -> 12369 | O99: =IF(O$3="","",N99) -> 12369 | P99: =IF(P$3="","",O99) -> 12369 | Q99: 12410 | R99: =IF(R$3="","",Q99) -> 12410 | S99: =IF(S$3="","",R99) -> 12410 | T99: 12461 | U99: =IF(U$3="","",T99) | V99: =IF(V$3="","",U99) | W99: =IF(W$3="","",V99) | X99: =IF(X$3="","",W99) | Y99: =IF(Y$3="","",X99) | Z99: =IF(Z$3="","",Y99) | AA99: =IF(AA$3="","",Z99) | AB99: =IF(AB$3="","",AA99) | ... AS99: =IF(AS$3="","",AR99)
A100: BUZZ＃2 | B100: プライズ | C100: 249 | D100: =IF(D$3="","",C100) -> 249 | E100: =IF(E$3="","",D100) -> 249 | F100: =IF(F$3="","",E100) -> 249 | G100: =IF(G$3="","",F100) -> 249 | H100: =IF(H$3="","",G100) -> 249 | I100: =IF(I$3="","",H100) -> 249 | J100: =IF(J$3="","",I100) -> 249 | K100: =IF(K$3="","",J100) -> 249 | ... S100: =IF(S$3="","",R100) -> 249 | T100: 250 | U100: =IF(U$3="","",T100) | V100: =IF(V$3="","",U100) | W100: =IF(W$3="","",V100) | X100: =IF(X$3="","",W100) | Y100: =IF(Y$3="","",X100) | Z100: =IF(Z$3="","",Y100) | AA100: =IF(AA$3="","",Z100) | AB100: =IF(AB$3="","",AA100) | ... AS100: =IF(AS$3="","",AR100)
...

Sheet 宇宿
A1: =SUM(A9,A45,A57,A69,A81,A93,A105,A117,A129,A153,A141,A165,A177,A189,A201,A213,A225,A33,A21,A237,A249) -> 1122000 | B1: 日付 | C1: 46099 | D1: =C1+1 -> 46100 | E1: =D1+1 -> 46101 | F1: =E1+1 -> 46102 | G1: =F1+1 -> 46103 | H1: =G1+1 -> 46104 | I1: =H1+1 -> 46105 | J1: =I1+1 -> 46106 | K1: =J1+1 -> 46107 | ... AS1: =AR1+1 -> 46141
B2: =SUM(C2:AO2) -> 7321 | C2: 0 | D2: =SUM(D10,D22,D34,D46,D58,D70,D82,D94,D106,D118,D130,D142,D154,D166,D178,D190,D202,D214,D226,D240) -> 0 | E2: =SUM(E10,E22,E34,E46,E58,E70,E82,E94,E106,E118,E130,E142,E154,E166,E178,E190,E202,E214,E226,E240) -> 1179 | F2: =SUM(F10,F22,F34,F46,F58,F70,F82,F94,F106,F118,F130,F142,F154,F166,F178,F190,F202,F214,F226,F240) -> 0 | G2: =SUM(G10,G22,G34,G46,G58,G70,G82,G94,G106,G118,G130,G142,G154,G166,G178,G190,G202,G214,G226,G240) -> 0 | H2: =SUM(H10,H22,H34,H46,H58,H70,H82,H94,H106,H118,H130,H142,H154,H166,H178,H190,H202,H214,H226,H240) -> 1147 | I2: =SUM(I10,I22,I34,I46,I58,I70,I82,I94,I106,I118,I130,I142,I154,I166,I178,I190,I202,I214,I226,I240) -> 0 | J2: =SUM(J10,J22,J34,J46,J58,J70,J82,J94,J106,J118,J130,J142,J154,J166,J178,J190,J202,J214,J226,J240) -> 0 | K2: =SUM(K10,K22,K34,K46,K58,K70,K82,K94,K106,K118,K130,K142,K154,K166,K178,K190,K202,K214,K226,K240) -> 0 | ... AS2: =SUM(AS10,AS22,AS34,AS46,AS58,AS70,AS82,AS94,AS106,AS118,AS130,AS142,AS154,AS166,AS178,AS190,AS202,AS214,AS226,AS240) -> 0
A3: 宇宿 | B3: 100円 | C3: 16252 | D3: 16252 | E3: 16328 | F3: 16328 | G3: 16328 | H3: 16390 | I3: 16390 | J3: 16390 | K3: 16390 | L3: 16444 | M3: 16444 | N3: 16444 | O3: 16489 | P3: 16489 | Q3: 16489 | R3: 16489 | S3: 16489 | T3: 16578 | U3: 16578 | V3: 16578 | W3: 16633
A4: BUZZ＃１ | B4: プライズ | C4: 420 | D4: =IF(D$3="","",C4) -> 420 | E4: 421 | F4: =IF(F$3="","",E4) -> 421 | G4: =IF(G$3="","",F4) -> 421 | H4: 422 | I4: =IF(I$3="","",H4) -> 422 | J4: =IF(J$3="","",I4) -> 422 | K4: =IF(K$3="","",J4) -> 422 | L4: 423 | M4: =IF(M$3="","",L4) -> 423 | N4: =IF(N$3="","",M4) -> 423 | O4: 424 | P4: =IF(P$3="","",O4) -> 424 | Q4: =IF(Q$3="","",P4) -> 424 | R4: =IF(R$3="","",Q4) -> 424 | S4: =IF(S$3="","",R4) -> 424 | T4: 425 | U4: =IF(U$3="","",T4) -> 425 | V4: =IF(V$3="","",U4) -> 425 | W4: 426 | X4: =IF(X$3="","",W4) | Y4: =IF(Y$3="","",X4) | Z4: =IF(Z$3="","",Y4) | AA4: =IF(AA$3="","",Z4) | AB4: =IF(AB$3="","",AA4) | AC4: =IF(AC$3="","",AB4) | AD4: =IF(AD$3="","",AC4) | AE4: =IF(AE$3="","",AD4) | ... AS4: =IF(AS$3="","",AR4)
A5: 1 | B5: 投入残 | C5: 6 | D5: =IF(D3="","",(C5+C6)) -> 6 | E5: 5 | F5: =IF(F3="","",(E5+E6)) -> 5 | G5: =IF(G3="","",(F5+F6)) -> 5 | H5: 4 | I5: =IF(I3="","",(H5+H6)) -> 4 | J5: =IF(J3="","",(I5+I6)) -> 4 | K5: =IF(K3="","",(J5+J6)) -> 4 | L5: 2 | M5: =IF(M3="","",(L5+L6)) -> 2 | N5: =IF(N3="","",(M5+M6)) -> 2 | O5: =IF(O3="","",(N5+N6)) -> 2 | P5: =IF(P3="","",(O5+O6)) -> 4 | Q5: =IF(Q3="","",(P5+P6)) -> 4 | R5: =IF(R3="","",(Q5+Q6)) -> 4 | S5: =IF(S3="","",(R5+R6)) -> 4 | T5: 3 | U5: =IF(U3="","",(T5+T6)) -> 3 | V5: =IF(V3="","",(U5+U6)) -> 3 | W5: 2 | X5: =IF(X3="","",(W5+W6)) | Y5: =IF(Y3="","",(X5+X6)) | Z5: =IF(Z3="","",(Y5+Y6)) | AA5: =IF(AA3="","",(Z5+Z6)) | AB5: =IF(AB3="","",(AA5+AA6)) | AC5: =IF(AC3="","",(AB5+AB6)) | AD5: =IF(AD3="","",(AC5+AC6)) | AE5: =IF(AE3="","",(AD5+AD6)) | ... AS5: =IF(AS3="","",(AR5+AR6))
A6: 機械合計 | B6: 補充 | O6: 2 | W6: 1
A7: =+(A10+A22+A34+A46)*100 -> 105100 | B7: 単価 | C7: 500 | D7: =IF(D3="","",C7) -> 500 | E7: =IF(E3="","",D7) -> 500 | F7: =IF(F3="","",E7) -> 500 | G7: =IF(G3="","",F7) -> 500 | H7: =IF(H3="","",G7) -> 500 | I7: =IF(I3="","",H7) -> 500 | J7: =IF(J3="","",I7) -> 500 | K7: =IF(K3="","",J7) -> 500 | ... AS7: =IF(AS3="","",AR7)
A8: 月間予想 | B8: 景品名 | C8: たまごっちマスコット | D8: =IF(D3="","",C8) -> たまごっちマスコット | E8: =IF(E3="","",D8) -> たまごっちマスコット | F8: =IF(F3="","",E8) -> たまごっちマスコット | G8: =IF(G3="","",F8) -> たまごっちマスコット | H8: =IF(H3="","",G8) -> たまごっちマスコット | I8: =IF(I3="","",H8) -> たまごっちマスコット | J8: =IF(J3="","",I8) -> たまごっちマスコット | K8: =IF(K3="","",J8) -> たまごっちマスコット | L8: バタースクイーズ | M8: =IF(M3="","",L8) -> バタースクイーズ | N8: =IF(N3="","",M8) -> バタースクイーズ | O8: =IF(O3="","",N8) -> バタースクイーズ | P8: =IF(P3="","",O8) -> バタースクイーズ | Q8: =IF(Q3="","",P8) -> バタースクイーズ | R8: =IF(R3="","",Q8) -> バタースクイーズ | S8: =IF(S3="","",R8) -> バタースクイーズ | T8: =IF(T3="","",S8) -> バタースクイーズ | ... AS8: =IF(AS3="","",AR8)
A9: =AVERAGE(C10:AS10)*30*100 -> 54428.571 | B9: 設定
A10: =SUM(C10:AS10) -> 381 | B10: 百差 | C10: 0 | D10: =IF(D3="","",D3-C3) -> 0 | E10: =IF(E3="","",E3-D3) -> 76 | F10: =IF(F3="","",F3-E3) -> 0 | G10: =IF(G3="","",G3-F3) -> 0 | H10: =IF(H3="","",H3-G3) -> 62 | I10: =IF(I3="","",I3-H3) -> 0 | J10: =IF(J3="","",J3-I3) -> 0 | K10: =IF(K3="","",K3-J3) -> 0 | ... AS10: =IF(AS3="","",AS3-AR3)
A11: =SUM(C11:AS11) -> 6 | B11: P差 | C11: 0 | D11: =IF(D4="","",D4-C4) -> 0 | E11: =IF(E4="","",E4-D4) -> 1 | F11: =IF(F4="","",F4-E4) -> 0 | G11: =IF(G4="","",G4-F4) -> 0 | H11: =IF(H4="","",H4-G4) -> 1 | I11: =IF(I4="","",I4-H4) -> 0 | J11: =IF(J4="","",J4-I4) -> 0 | K11: =IF(K4="","",K4-J4) -> 0 | ... AS11: =IF(AS4="","",AS4-AR4)
A12: =SUM(C12:AS12) -> 6 | B12: 払出 | C12: 0 | D12: =IF(D5="","",C5+C6-D5) -> 0 | E12: =IF(E5="","",D5+D6-E5) -> 1 | F12: =IF(F5="","",E5+E6-F5) -> 0 | G12: =IF(G5="","",F5+F6-G5) -> 0 | H12: =IF(H5="","",G5+G6-H5) -> 1 | I12: =IF(I5="","",H5+H6-I5) -> 0 | J12: =IF(J5="","",I5+I6-J5) -> 0 | K12: =IF(K5="","",J5+J6-K5) -> 0 | ... AS12: =IF(AS5="","",AR5+AR6-AS5)
A13: =SUM(C13:AS13) -> 3000 | B13: 払出額 | C13: 0 | D13: =IF(D3="","",D12*D7) -> 0 | E13: =IF(E3="","",E12*E7) -> 500 | F13: =IF(F3="","",F12*F7) -> 0 | G13: =IF(G3="","",G12*G7) -> 0 | H13: =IF(H3="","",H12*H7) -> 500 | I13: =IF(I3="","",I12*I7) -> 0 | J13: =IF(J3="","",J12*J7) -> 0 | K13: =IF(K3="","",K12*K7) -> 0 | ... AS13: =IF(AS3="","",AS12*AS7)
A14: =IF(A13="","",A13/(A10*100)) -> 0.078740157 | B14: 原価率 | D14: =IF(D13="","",IF(D13=0,"",D13/(D10*100))) | E14: =IF(E13="","",IF(E13=0,"",E13/(E10*100))) -> 0.065789474 | F14: =IF(F13="","",IF(F13=0,"",F13/(F10*100))) | G14: =IF(G13="","",IF(G13=0,"",G13/(G10*100))) | H14: =IF(H13="","",IF(H13=0,"",H13/(H10*100))) -> 0.080645161 | I14: =IF(I13="","",IF(I13=0,"",I13/(I10*100))) | J14: =IF(J13="","",IF(J13=0,"",J13/(J10*100))) | K14: =IF(K13="","",IF(K13=0,"",K13/(K10*100))) | ... AS14: =IF(AS13="","",IF(AS13=0,"",AS13/(AS10*100)))
A15: 宇宿 | B15: 100円 | C15: 18534 | D15: =IF(D$3="","",C15) -> 18534 | E15: 18588 | F15: =IF(F$3="","",E15) -> 18588 | G15: =IF(G$3="","",F15) -> 18588 | H15: 18591 | I15: =IF(I$3="","",H15) -> 18591 | J15: =IF(J$3="","",I15) -> 18591 | K15: =IF(K$3="","",J15) -> 18591 | L15: 18611 | M15: =IF(M$3="","",L15) -> 18611 | N15: =IF(N$3="","",M15) -> 18611 | O15: 18616 | P15: =IF(P$3="","",O15) -> 18616 | Q15: =IF(Q$3="","",P15) -> 18616 | R15: =IF(R$3="","",Q15) -> 18616 | S15: =IF(S$3="","",R15) -> 18616 | T15: 18640 | U15: =IF(U$3="","",T15) -> 18640 | V15: =IF(V$3="","",U15) -> 18640 | W15: 18644 | X15: =IF(X$3="","",W15) | Y15: =IF(Y$3="","",X15) | Z15: =IF(Z$3="","",Y15) | AA15: =IF(AA$3="","",Z15) | AB15: =IF(AB$3="","",AA15) | AC15: =IF(AC$3="","",AB15) | AD15: =IF(AD$3="","",AC15) | AE15: =IF(AE$3="","",AD15) | ... AS15: =IF(AS$3="","",AR15)
A16: BUZZ＃１ | B16: プライズ | C16: 403 | D16: =IF(D$3="","",C16) -> 403 | E16: =IF(E$3="","",D16) -> 403 | F16: =IF(F$3="","",E16) -> 403 | G16: =IF(G$3="","",F16) -> 403 | H16: =IF(H$3="","",G16) -> 403 | I16: =IF(I$3="","",H16) -> 403 | J16: =IF(J$3="","",I16) -> 403 | K16: =IF(K$3="","",J16) -> 403 | L16: 405 | M16: =IF(M$3="","",L16) -> 405 | N16: =IF(N$3="","",M16) -> 405 | O16: =IF(O$3="","",N16) -> 405 | P16: =IF(P$3="","",O16) -> 405 | Q16: =IF(Q$3="","",P16) -> 405 | R16: =IF(R$3="","",Q16) -> 405 | S16: =IF(S$3="","",R16) -> 405 | T16: 406 | U16: =IF(U$3="","",T16) -> 406 | V16: =IF(V$3="","",U16) -> 406 | W16: =IF(W$3="","",V16) -> 406 | X16: =IF(X$3="","",W16) | Y16: =IF(Y$3="","",X16) | Z16: =IF(Z$3="","",Y16) | AA16: =IF(AA$3="","",Z16) | AB16: =IF(AB$3="","",AA16) | ... AS16: =IF(AS$3="","",AR16)
A17: 2 | B17: 投入残 | C17: 16 | D17: =IF(D15="","",(C17+C18)) -> 16 | E17: =IF(E15="","",(D17+D18)) -> 16 | F17: =IF(F15="","",(E17+E18)) -> 16 | G17: =IF(G15="","",(F17+F18)) -> 16 | H17: =IF(H15="","",(G17+G18)) -> 16 | I17: =IF(I15="","",(H17+H18)) -> 16 | J17: =IF(J15="","",(I17+I18)) -> 16 | K17: =IF(K15="","",(J17+J18)) -> 16 | L17: 15 | M17: =IF(M15="","",(L17+L18)) -> 15 | N17: =IF(N15="","",(M17+M18)) -> 15 | O17: =IF(O15="","",(N17+N18)) -> 15 | P17: =IF(P15="","",(O17+O18)) -> 15 | Q17: =IF(Q15="","",(P17+P18)) -> 15 | R17: =IF(R15="","",(Q17+Q18)) -> 15 | S17: =IF(S15="","",(R17+R18)) -> 15 | T17: 14 | U17: =IF(U15="","",(T17+T18)) -> 14 | V17: =IF(V15="","",(U17+U18)) -> 14 | W17: =IF(W15="","",(V17+V18)) -> 14 | X17: =IF(X15="","",(W17+W18)) | Y17: =IF(Y15="","",(X17+X18)) | Z17: =IF(Z15="","",(Y17+Y18)) | AA17: =IF(AA15="","",(Z17+Z18)) | AB17: =IF(AB15="","",(AA17+AA18)) | ... AS17: =IF(AS15="","",(AR17+AR18))
B18: 補充
B19: 単価 | C19: 682 | D19: =IF(D15="","",C19) -> 682 | E19: =IF(E15="","",D19) -> 682 | F19: =IF(F15="","",E19) -> 682 | G19: =IF(G15="","",F19) -> 682 | H19: =IF(H15="","",G19) -> 682 | I19: =IF(I15="","",H19) -> 682 | J19: =IF(J15="","",I19) -> 682 | K19: =IF(K15="","",J19) -> 682 | ... AS19: =IF(AS15="","",AR19)
A20: 月間予想 | B20: 景品名 | C20: キティサンダルキーホルダー | D20: =IF(D15="","",C20) -> キティサンダルキーホルダー | E20: =IF(E15="","",D20) -> キティサンダルキーホルダー | F20: =IF(F15="","",E20) -> キティサンダルキーホルダー | G20: =IF(G15="","",F20) -> キティサンダルキーホルダー | H20: =IF(H15="","",G20) -> キティサンダルキーホルダー | I20: =IF(I15="","",H20) -> キティサンダルキーホルダー | J20: =IF(J15="","",I20) -> キティサンダルキーホルダー | K20: =IF(K15="","",J20) -> キティサンダルキーホルダー | ... AS20: =IF(AS15="","",AR20)
A21: =AVERAGE(C22:AS22)*30*100 -> 15714.286 | B21: 設定
A22: =SUM(C22:AS22) -> 110 | B22: 百差 | C22: 0 | D22: =IF(D15="","",D15-C15) -> 0 | E22: =IF(E15="","",E15-D15) -> 54 | F22: =IF(F15="","",F15-E15) -> 0 | G22: =IF(G15="","",G15-F15) -> 0 | H22: =IF(H15="","",H15-G15) -> 3 | I22: =IF(I15="","",I15-H15) -> 0 | J22: =IF(J15="","",J15-I15) -> 0 | K22: =IF(K15="","",K15-J15) -> 0 | ... AS22: =IF(AS15="","",AS15-AR15)
A23: =SUM(C23:AS23) -> 3 | B23: P差 | C23: 0 | D23: =IF(D16="","",D16-C16) -> 0 | E23: =IF(E16="","",E16-D16) -> 0 | F23: =IF(F16="","",F16-E16) -> 0 | G23: =IF(G16="","",G16-F16) -> 0 | H23: =IF(H16="","",H16-G16) -> 0 | I23: =IF(I16="","",I16-H16) -> 0 | J23: =IF(J16="","",J16-I16) -> 0 | K23: =IF(K16="","",K16-J16) -> 0 | ... AS23: =IF(AS16="","",AS16-AR16)
A24: =SUM(C24:AS24) -> 2 | B24: 払出 | C24: 0 | D24: =IF(D17="","",C17+C18-D17) -> 0 | E24: =IF(E17="","",D17+D18-E17) -> 0 | F24: =IF(F17="","",E17+E18-F17) -> 0 | G24: =IF(G17="","",F17+F18-G17) -> 0 | H24: =IF(H17="","",G17+G18-H17) -> 0 | I24: =IF(I17="","",H17+H18-I17) -> 0 | J24: =IF(J17="","",I17+I18-J17) -> 0 | K24: =IF(K17="","",J17+J18-K17) -> 0 | ... AS24: =IF(AS17="","",AR17+AR18-AS17)
A25: =SUM(C25:AS25) -> 1364 | B25: 払出額 | C25: 0 | D25: =IF(D15="","",D24*D19) -> 0 | E25: =IF(E15="","",E24*E19) -> 0 | F25: =IF(F15="","",F24*F19) -> 0 | G25: =IF(G15="","",G24*G19) -> 0 | H25: =IF(H15="","",H24*H19) -> 0 | I25: =IF(I15="","",I24*I19) -> 0 | J25: =IF(J15="","",J24*J19) -> 0 | K25: =IF(K15="","",K24*K19) -> 0 | ... AS25: =IF(AS15="","",AS24*AS19)
A26: =IF(A25="","",A25/(A22*100)) -> 0.124 | B26: 原価率 | D26: =IF(D25="","",IF(D25=0,"",D25/(D22*100))) | E26: =IF(E25="","",IF(E25=0,"",E25/(E22*100))) | F26: =IF(F25="","",IF(F25=0,"",F25/(F22*100))) | G26: =IF(G25="","",IF(G25=0,"",G25/(G22*100))) | H26: =IF(H25="","",IF(H25=0,"",H25/(H22*100))) | I26: =IF(I25="","",IF(I25=0,"",I25/(I22*100))) | J26: =IF(J25="","",IF(J25=0,"",J25/(J22*100))) | K26: =IF(K25="","",IF(K25=0,"",K25/(K22*100))) | ... AS26: =IF(AS25="","",IF(AS25=0,"",AS25/(AS22*100)))
A27: 宇宿 | B27: 100円 | C27: 13623 | D27: =IF(D$3="","",C27) -> 13623 | E27: 13650 | F27: =IF(F$3="","",E27) -> 13650 | G27: =IF(G$3="","",F27) -> 13650 | H27: 13673 | I27: =IF(I$3="","",H27) -> 13673 | J27: =IF(J$3="","",I27) -> 13673 | K27: =IF(K$3="","",J27) -> 13673 | L27: 13719 | M27: =IF(M$3="","",L27) -> 13719 | N27: =IF(N$3="","",M27) -> 13719 | O27: 13745 | P27: =IF(P$3="","",O27) -> 13745 | Q27: =IF(Q$3="","",P27) -> 13745 | R27: =IF(R$3="","",Q27) -> 13745 | S27: =IF(S$3="","",R27) -> 13745 | T27: 13823 | U27: =IF(U$3="","",T27) -> 13823 | V27: =IF(V$3="","",U27) -> 13823 | W27: 13860 | X27: =IF(X$3="","",W27) | Y27: =IF(Y$3="","",X27) | Z27: =IF(Z$3="","",Y27) | AA27: =IF(AA$3="","",Z27) | AB27: =IF(AB$3="","",AA27) | AC27: =IF(AC$3="","",AB27) | AD27: =IF(AD$3="","",AC27) | AE27: =IF(AE$3="","",AD27) | ... AS27: =IF(AS$3="","",AR27)
A28: BUZZ＃１ | B28: プライズ | C28: 491 | D28: =IF(D$3="","",C28) -> 491 | E28: =IF(E$3="","",D28) -> 491 | F28: =IF(F$3="","",E28) -> 491 | G28: =IF(G$3="","",F28) -> 491 | H28: =IF(H$3="","",G28) -> 491 | I28: =IF(I$3="","",H28) -> 491 | J28: =IF(J$3="","",I28) -> 491 | K28: =IF(K$3="","",J28) -> 491 | ... N28: =IF(N$3="","",M28) -> 491 | O28: 492 | P28: =IF(P$3="","",O28) -> 492 | Q28: =IF(Q$3="","",P28) -> 492 | R28: =IF(R$3="","",Q28) -> 492 | S28: =IF(S$3="","",R28) -> 492 | T28: =IF(T$3="","",S28) -> 492 | U28: =IF(U$3="","",T28) -> 492 | V28: =IF(V$3="","",U28) -> 492 | W28: 493 | X28: =IF(X$3="","",W28) | Y28: =IF(Y$3="","",X28) | Z28: =IF(Z$3="","",Y28) | AA28: =IF(AA$3="","",Z28) | AB28: =IF(AB$3="","",AA28) | AC28: =IF(AC$3="","",AB28) | AD28: =IF(AD$3="","",AC28) | AE28: =IF(AE$3="","",AD28) | ... AS28: =IF(AS$3="","",AR28)
A29: 3 | B29: 投入残 | C29: 9 | D29: =IF(D27="","",(C29+C30)) -> 9 | E29: =IF(E27="","",(D29+D30)) -> 9 | F29: =IF(F27="","",(E29+E30)) -> 9 | G29: =IF(G27="","",(F29+F30)) -> 9 | H29: =IF(H27="","",(G29+G30)) -> 9 | I29: =IF(I27="","",(H29+H30)) -> 9 | J29: =IF(J27="","",(I29+I30)) -> 9 | K29: =IF(K27="","",(J29+J30)) -> 9 | ... N29: =IF(N27="","",(M29+M30)) -> 9 | O29: 8 | P29: =IF(P27="","",(O29+O30)) -> 8 | Q29: =IF(Q27="","",(P29+P30)) -> 8 | R29: =IF(R27="","",(Q29+Q30)) -> 8 | S29: =IF(S27="","",(R29+R30)) -> 8 | T29: =IF(T27="","",(S29+S30)) -> 8 | U29: =IF(U27="","",(T29+T30)) -> 10 | V29: =IF(V27="","",(U29+U30)) -> 10 | W29: 9 | X29: =IF(X27="","",(W29+W30)) | Y29: =IF(Y27="","",(X29+X30)) | Z29: =IF(Z27="","",(Y29+Y30)) | AA29: =IF(AA27="","",(Z29+Z30)) | AB29: =IF(AB27="","",(AA29+AA30)) | AC29: =IF(AC27="","",(AB29+AB30)) | AD29: =IF(AD27="","",(AC29+AC30)) | AE29: =IF(AE27="","",(AD29+AD30)) | ... AS29: =IF(AS27="","",(AR29+AR30))
B30: 補充 | T30: 2
B31: 単価 | C31: 750 | D31: =IF(D27="","",C31) -> 750 | E31: =IF(E27="","",D31) -> 750 | F31: =IF(F27="","",E31) -> 750 | G31: =IF(G27="","",F31) -> 750 | H31: =IF(H27="","",G31) -> 750 | I31: =IF(I27="","",H31) -> 750 | J31: =IF(J27="","",I31) -> 750 | K31: =IF(K27="","",J31) -> 750 | ... AS31: =IF(AS27="","",AR31)
A32: 月間予想 | B32: 景品名 | C32: NICI | D32: =IF(D27="","",C32) -> NICI | E32: =IF(E27="","",D32) -> NICI | F32: =IF(F27="","",E32) -> NICI | G32: =IF(G27="","",F32) -> NICI | H32: =IF(H27="","",G32) -> NICI | I32: =IF(I27="","",H32) -> NICI | J32: =IF(J27="","",I32) -> NICI | K32: =IF(K27="","",J32) -> NICI | ... AS32: =IF(AS27="","",AR32)
A33: =AVERAGE(C34:AS34)*30*100 -> 33857.143 | B33: 設定
A34: =SUM(C34:AS34) -> 237 | B34: 百差 | C34: 0 | D34: =IF(D27="","",D27-C27) -> 0 | E34: =IF(E27="","",E27-D27) -> 27 | F34: =IF(F27="","",F27-E27) -> 0 | G34: =IF(G27="","",G27-F27) -> 0 | H34: =IF(H27="","",H27-G27) -> 23 | I34: =IF(I27="","",I27-H27) -> 0 | J34: =IF(J27="","",J27-I27) -> 0 | K34: =IF(K27="","",K27-J27) -> 0 | ... AS34: =IF(AS27="","",AS27-AR27)
A35: =SUM(C35:AS35) -> 2 | B35: P差 | C35: 0 | D35: =IF(D28="","",D28-C28) -> 0 | E35: =IF(E28="","",E28-D28) -> 0 | F35: =IF(F28="","",F28-E28) -> 0 | G35: =IF(G28="","",G28-F28) -> 0 | H35: =IF(H28="","",H28-G28) -> 0 | I35: =IF(I28="","",I28-H28) -> 0 | J35: =IF(J28="","",J28-I28) -> 0 | K35: =IF(K28="","",K28-J28) -> 0 | ... AS35: =IF(AS28="","",AS28-AR28)
A36: =SUM(C36:AS36) -> 2 | B36: 払出 | C36: 0 | D36: =IF(D29="","",C29+C30-D29) -> 0 | E36: =IF(E29="","",D29+D30-E29) -> 0 | F36: =IF(F29="","",E29+E30-F29) -> 0 | G36: =IF(G29="","",F29+F30-G29) -> 0 | H36: =IF(H29="","",G29+G30-H29) -> 0 | I36: =IF(I29="","",H29+H30-I29) -> 0 | J36: =IF(J29="","",I29+I30-J29) -> 0 | K36: =IF(K29="","",J29+J30-K29) -> 0 | ... AS36: =IF(AS29="","",AR29+AR30-AS29)
A37: =SUM(C37:AS37) -> 1500 | B37: 払出額 | C37: 0 | D37: =IF(D27="","",D36*D31) -> 0 | E37: =IF(E27="","",E36*E31) -> 0 | F37: =IF(F27="","",F36*F31) -> 0 | G37: =IF(G27="","",G36*G31) -> 0 | H37: =IF(H27="","",H36*H31) -> 0 | I37: =IF(I27="","",I36*I31) -> 0 | J37: =IF(J27="","",J36*J31) -> 0 | K37: =IF(K27="","",K36*K31) -> 0 | ... AS37: =IF(AS27="","",AS36*AS31)
A38: =IF(A37="","",A37/(A34*100)) -> 0.063291139 | B38: 原価率 | D38: =IF(D37="","",IF(D37=0,"",D37/(D34*100))) | E38: =IF(E37="","",IF(E37=0,"",E37/(E34*100))) | F38: =IF(F37="","",IF(F37=0,"",F37/(F34*100))) | G38: =IF(G37="","",IF(G37=0,"",G37/(G34*100))) | H38: =IF(H37="","",IF(H37=0,"",H37/(H34*100))) | I38: =IF(I37="","",IF(I37=0,"",I37/(I34*100))) | J38: =IF(J37="","",IF(J37=0,"",J37/(J34*100))) | K38: =IF(K37="","",IF(K37=0,"",K37/(K34*100))) | ... AS38: =IF(AS37="","",IF(AS37=0,"",AS37/(AS34*100)))
A39: 宇宿 | B39: 100円 | C39: 19151 | D39: =IF(D$3="","",C39) -> 19151 | E39: 19173 | F39: =IF(F$3="","",E39) -> 19173 | G39: =IF(G$3="","",F39) -> 19173 | H39: 19203 | I39: =IF(I$3="","",H39) -> 19203 | J39: =IF(J$3="","",I39) -> 19203 | K39: =IF(K$3="","",J39) -> 19203 | L39: 19264 | M39: =IF(M$3="","",L39) -> 19264 | N39: =IF(N$3="","",M39) -> 19264 | O39: 19300 | P39: =IF(P$3="","",O39) -> 19300 | Q39: =IF(Q$3="","",P39) -> 19300 | R39: =IF(R$3="","",Q39) -> 19300 | S39: =IF(S$3="","",R39) -> 19300 | T39: 19439 | U39: =IF(U$3="","",T39) -> 19439 | V39: =IF(V$3="","",U39) -> 19439 | W39: 19474 | X39: =IF(X$3="","",W39) | Y39: =IF(Y$3="","",X39) | Z39: =IF(Z$3="","",Y39) | AA39: =IF(AA$3="","",Z39) | AB39: =IF(AB$3="","",AA39) | AC39: =IF(AC$3="","",AB39) | AD39: =IF(AD$3="","",AC39) | AE39: =IF(AE$3="","",AD39) | ... AS39: =IF(AS$3="","",AR39)
A40: BUZZ＃１ | B40: プライズ | C40: 517 | D40: =IF(D$3="","",C40) -> 517 | E40: =IF(E$3="","",D40) -> 517 | F40: =IF(F$3="","",E40) -> 517 | G40: =IF(G$3="","",F40) -> 517 | H40: 518 | I40: =IF(I$3="","",H40) -> 518 | J40: =IF(J$3="","",I40) -> 518 | K40: =IF(K$3="","",J40) -> 518 | L40: 519 | M40: =IF(M$3="","",L40) -> 519 | N40: =IF(N$3="","",M40) -> 519 | O40: 520 | P40: =IF(P$3="","",O40) -> 520 | Q40: =IF(Q$3="","",P40) -> 520 | R40: =IF(R$3="","",Q40) -> 520 | S40: =IF(S$3="","",R40) -> 520 | T40: 522 | U40: =IF(U$3="","",T40) -> 522 | V40: =IF(V$3="","",U40) -> 522 | W40: =IF(W$3="","",V40) -> 522 | X40: =IF(X$3="","",W40) | Y40: =IF(Y$3="","",X40) | Z40: =IF(Z$3="","",Y40) | AA40: =IF(AA$3="","",Z40) | AB40: =IF(AB$3="","",AA40) | ... AS40: =IF(AS$3="","",AR40)
A41: 4 | B41: 投入残 | C41: 5 | D41: =IF(D39="","",(C41+C42)) -> 5 | E41: 3 | F41: =IF(F39="","",(E41+E42)) -> 5 | G41: =IF(G39="","",(F41+F42)) -> 5 | H41: =IF(H39="","",(G41+G42)) -> 5 | I41: =IF(I39="","",(H41+H42)) -> 5 | J41: =IF(J39="","",(I41+I42)) -> 5 | K41: =IF(K39="","",(J41+J42)) -> 5 | L41: 4 | M41: =IF(M39="","",(L41+L42)) -> 5 | N41: =IF(N39="","",(M41+M42)) -> 5 | O41: =IF(O39="","",(N41+N42)) -> 5 | P41: =IF(P39="","",(O41+O42)) -> 5 | Q41: =IF(Q39="","",(P41+P42)) -> 5 | R41: =IF(R39="","",(Q41+Q42)) -> 5 | S41: =IF(S39="","",(R41+R42)) -> 5 | T41: 3 | U41: =IF(U39="","",(T41+T42)) -> 7 | V41: =IF(V39="","",(U41+U42)) -> 7 | W41: =IF(W39="","",(V41+V42)) -> 7 | X41: =IF(X39="","",(W41+W42)) | Y41: =IF(Y39="","",(X41+X42)) | Z41: =IF(Z39="","",(Y41+Y42)) | AA41: =IF(AA39="","",(Z41+Z42)) | AB41: =IF(AB39="","",(AA41+AA42)) | ... AS41: =IF(AS39="","",(AR41+AR42))
B42: 補充 | E42: 2 | L42: 1 | T42: 4
B43: 単価 | C43: 800 | D43: =IF(D39="","",C43) -> 800 | E43: =IF(E39="","",D43) -> 800 | F43: =IF(F39="","",E43) -> 800 | G43: =IF(G39="","",F43) -> 800 | H43: =IF(H39="","",G43) -> 800 | I43: =IF(I39="","",H43) -> 800 | J43: =IF(J39="","",I43) -> 800 | K43: =IF(K39="","",J43) -> 800 | ... AS43: =IF(AS39="","",AR43)
A44: 月間予想 | B44: 景品名 | C44: サンリオバンズクリップ | D44: =IF(D39="","",C44) -> サンリオバンズクリップ | E44: =IF(E39="","",D44) -> サンリオバンズクリップ | F44: =IF(F39="","",E44) -> サンリオバンズクリップ | G44: =IF(G39="","",F44) -> サンリオバンズクリップ | H44: =IF(H39="","",G44) -> サンリオバンズクリップ | I44: =IF(I39="","",H44) -> サンリオバンズクリップ | J44: =IF(J39="","",I44) -> サンリオバンズクリップ | K44: =IF(K39="","",J44) -> サンリオバンズクリップ | ... AS44: =IF(AS39="","",AR44)
A45: =AVERAGE(C46:AS46)*30*100 -> 46142.857 | B45: 設定
A46: =SUM(C46:AS46) -> 323 | B46: 百差 | C46: 0 | D46: =IF(D39="","",D39-C39) -> 0 | E46: =IF(E39="","",E39-D39) -> 22 | F46: =IF(F39="","",F39-E39) -> 0 | G46: =IF(G39="","",G39-F39) -> 0 | H46: =IF(H39="","",H39-G39) -> 30 | I46: =IF(I39="","",I39-H39) -> 0 | J46: =IF(J39="","",J39-I39) -> 0 | K46: =IF(K39="","",K39-J39) -> 0 | ... AS46: =IF(AS39="","",AS39-AR39)
A47: =SUM(C47:AS47) -> 5 | B47: P差 | C47: 0 | D47: =IF(D40="","",D40-C40) -> 0 | E47: =IF(E40="","",E40-D40) -> 0 | F47: =IF(F40="","",F40-E40) -> 0 | G47: =IF(G40="","",G40-F40) -> 0 | H47: =IF(H40="","",H40-G40) -> 1 | I47: =IF(I40="","",I40-H40) -> 0 | J47: =IF(J40="","",J40-I40) -> 0 | K47: =IF(K40="","",K40-J40) -> 0 | ... AS47: =IF(AS40="","",AS40-AR40)
A48: =SUM(C48:AS48) -> 5 | B48: 払出 | C48: 0 | D48: =IF(D41="","",C41+C42-D41) -> 0 | E48: =IF(E41="","",D41+D42-E41) -> 2 | F48: =IF(F41="","",E41+E42-F41) -> 0 | G48: =IF(G41="","",F41+F42-G41) -> 0 | H48: =IF(H41="","",G41+G42-H41) -> 0 | I48: =IF(I41="","",H41+H42-I41) -> 0 | J48: =IF(J41="","",I41+I42-J41) -> 0 | K48: =IF(K41="","",J41+J42-K41) -> 0 | ... AS48: =IF(AS41="","",AR41+AR42-AS41)
A49: =SUM(C49:AS49) -> 4000 | B49: 払出額 | C49: 0 | D49: =IF(D39="","",D48*D43) -> 0 | E49: =IF(E39="","",E48*E43) -> 1600 | F49: =IF(F39="","",F48*F43) -> 0 | G49: =IF(G39="","",G48*G43) -> 0 | H49: =IF(H39="","",H48*H43) -> 0 | I49: =IF(I39="","",I48*I43) -> 0 | J49: =IF(J39="","",J48*J43) -> 0 | K49: =IF(K39="","",K48*K43) -> 0 | ... AS49: =IF(AS39="","",AS48*AS43)
A50: =IF(A49="","",A49/(A46*100)) -> 0.12383901 | B50: 原価率 | D50: =IF(D49="","",IF(D49=0,"",D49/(D46*100))) | E50: =IF(E49="","",IF(E49=0,"",E49/(E46*100))) -> 0.72727273 | F50: =IF(F49="","",IF(F49=0,"",F49/(F46*100))) | G50: =IF(G49="","",IF(G49=0,"",G49/(G46*100))) | H50: =IF(H49="","",IF(H49=0,"",H49/(H46*100))) | I50: =IF(I49="","",IF(I49=0,"",I49/(I46*100))) | J50: =IF(J49="","",IF(J49=0,"",J49/(J46*100))) | K50: =IF(K49="","",IF(K49=0,"",K49/(K46*100))) | ... AS50: =IF(AS49="","",IF(AS49=0,"",AS49/(AS46*100)))
A51: 宇宿 | B51: 100円 | C51: 14521 | D51: =IF(D$3="","",C51) -> 14521 | E51: 14524 | F51: =IF(F$3="","",E51) -> 14524 | G51: =IF(G$3="","",F51) -> 14524 | H51: 14544 | I51: =IF(I$3="","",H51) -> 14544 | J51: =IF(J$3="","",I51) -> 14544 | K51: =IF(K$3="","",J51) -> 14544 | L51: 14571 | M51: =IF(M$3="","",L51) -> 14571 | N51: =IF(N$3="","",M51) -> 14571 | O51: 14606 | P51: =IF(P$3="","",O51) -> 14606 | Q51: =IF(Q$3="","",P51) -> 14606 | R51: =IF(R$3="","",Q51) -> 14606 | S51: =IF(S$3="","",R51) -> 14606 | T51: 14619 | U51: =IF(U$3="","",T51) -> 14619 | V51: =IF(V$3="","",U51) -> 14619 | W51: 14643 | X51: =IF(X$3="","",W51) | Y51: =IF(Y$3="","",X51) | Z51: =IF(Z$3="","",Y51) | AA51: =IF(AA$3="","",Z51) | AB51: =IF(AB$3="","",AA51) | AC51: =IF(AC$3="","",AB51) | AD51: =IF(AD$3="","",AC51) | AE51: =IF(AE$3="","",AD51) | ... AS51: =IF(AS$3="","",AR51)
A52: BUZZ＃2 | B52: プライズ | C52: 322 | D52: =IF(D$3="","",C52) -> 322 | E52: =IF(E$3="","",D52) -> 322 | F52: =IF(F$3="","",E52) -> 322 | G52: =IF(G$3="","",F52) -> 322 | H52: =IF(H$3="","",G52) -> 322 | I52: =IF(I$3="","",H52) -> 322 | J52: =IF(J$3="","",I52) -> 322 | K52: =IF(K$3="","",J52) -> 322 | L52: 324 | M52: =IF(M$3="","",L52) -> 324 | N52: =IF(N$3="","",M52) -> 324 | O52: 326 | P52: =IF(P$3="","",O52) -> 326 | Q52: =IF(Q$3="","",P52) -> 326 | R52: =IF(R$3="","",Q52) -> 326 | S52: =IF(S$3="","",R52) -> 326 | T52: 327 | U52: =IF(U$3="","",T52) -> 327 | V52: =IF(V$3="","",U52) -> 327 | W52: =IF(W$3="","",V52) -> 327 | X52: =IF(X$3="","",W52) | Y52: =IF(Y$3="","",X52) | Z52: =IF(Z$3="","",Y52) | AA52: =IF(AA$3="","",Z52) | AB52: =IF(AB$3="","",AA52) | ... AS52: =IF(AS$3="","",AR52)
A53: 1 | B53: 投入残 | C53: 7 | D53: =IF(D51="","",(C53+C54)) -> 7 | E53: =IF(E51="","",(D53+D54)) -> 7 | F53: =IF(F51="","",(E53+E54)) -> 7 | G53: =IF(G51="","",(F53+F54)) -> 7 | H53: =IF(H51="","",(G53+G54)) -> 7 | I53: =IF(I51="","",(H53+H54)) -> 7 | J53: =IF(J51="","",(I53+I54)) -> 7 | K53: =IF(K51="","",(J53+J54)) -> 7 | L53: 6 | M53: =IF(M51="","",(L53+L54)) -> 11 | N53: =IF(N51="","",(M53+M54)) -> 11 | O53: 9 | P53: =IF(P51="","",(O53+O54)) -> 9 | Q53: =IF(Q51="","",(P53+P54)) -> 9 | R53: =IF(R51="","",(Q53+Q54)) -> 9 | S53: =IF(S51="","",(R53+R54)) -> 9 | T53: 8 | U53: =IF(U51="","",(T53+T54)) -> 10 | V53: =IF(V51="","",(U53+U54)) -> 10 | W53: =IF(W51="","",(V53+V54)) -> 10 | X53: =IF(X51="","",(W53+W54)) | Y53: =IF(Y51="","",(X53+X54)) | Z53: =IF(Z51="","",(Y53+Y54)) | AA53: =IF(AA51="","",(Z53+Z54)) | AB53: =IF(AB51="","",(AA53+AA54)) | ... AS53: =IF(AS51="","",(AR53+AR54))
A54: 機械合計 | B54: 補充 | L54: 5 | T54: 2
A55: =+(A58+A70+A82+A94)*100 -> 84500 | B55: 単価 | C55: 700 | D55: =IF(D51="","",C55) -> 700 | E55: =IF(E51="","",D55) -> 700 | F55: =IF(F51="","",E55) -> 700 | G55: =IF(G51="","",F55) -> 700 | H55: =IF(H51="","",G55) -> 700 | I55: =IF(I51="","",H55) -> 700 | J55: =IF(J51="","",I55) -> 700 | K55: =IF(K51="","",J55) -> 700 | ... AS55: =IF(AS51="","",AR55)
A56: 月間予想 | B56: 景品名 | C56: アンパンマンマスコット | D56: =IF(D51="","",C56) -> アンパンマンマスコット | E56: =IF(E51="","",D56) -> アンパンマンマスコット | F56: =IF(F51="","",E56) -> アンパンマンマスコット | G56: =IF(G51="","",F56) -> アンパンマンマスコット | H56: =IF(H51="","",G56) -> アンパンマンマスコット | I56: =IF(I51="","",H56) -> アンパンマンマスコット | J56: =IF(J51="","",I56) -> アンパンマンマスコット | K56: =IF(K51="","",J56) -> アンパンマンマスコット | ... S56: =IF(S51="","",R56) -> アンパンマンマスコット | T56: 元祖ワッペミニポーチ | U56: =IF(U51="","",T56) -> 元祖ワッペミニポーチ | V56: =IF(V51="","",U56) -> 元祖ワッペミニポーチ | W56: =IF(W51="","",V56) -> 元祖ワッペミニポーチ | X56: =IF(X51="","",W56) | Y56: =IF(Y51="","",X56) | Z56: =IF(Z51="","",Y56) | AA56: =IF(AA51="","",Z56) | AB56: =IF(AB51="","",AA56) | ... AS56: =IF(AS51="","",AR56)
A57: =AVERAGE(C58:AS58)*30*100 -> 17428.571 | B57: 設定
A58: =SUM(C58:AS58) -> 122 | B58: 百差 | C58: 0 | D58: =IF(D51="","",D51-C51) -> 0 | E58: =IF(E51="","",E51-D51) -> 3 | F58: =IF(F51="","",F51-E51) -> 0 | G58: =IF(G51="","",G51-F51) -> 0 | H58: =IF(H51="","",H51-G51) -> 20 | I58: =IF(I51="","",I51-H51) -> 0 | J58: =IF(J51="","",J51-I51) -> 0 | K58: =IF(K51="","",K51-J51) -> 0 | ... AS58: =IF(AS51="","",AS51-AR51)
A59: =SUM(C59:AS59) -> 5 | B59: P差 | C59: 0 | D59: =IF(D52="","",D52-C52) -> 0 | E59: =IF(E52="","",E52-D52) -> 0 | F59: =IF(F52="","",F52-E52) -> 0 | G59: =IF(G52="","",G52-F52) -> 0 | H59: =IF(H52="","",H52-G52) -> 0 | I59: =IF(I52="","",I52-H52) -> 0 | J59: =IF(J52="","",J52-I52) -> 0 | K59: =IF(K52="","",K52-J52) -> 0 | ... AS59: =IF(AS52="","",AS52-AR52)
A60: =SUM(C60:AS60) -> 4 | B60: 払出 | C60: 0 | D60: =IF(D53="","",C53+C54-D53) -> 0 | E60: =IF(E53="","",D53+D54-E53) -> 0 | F60: =IF(F53="","",E53+E54-F53) -> 0 | G60: =IF(G53="","",F53+F54-G53) -> 0 | H60: =IF(H53="","",G53+G54-H53) -> 0 | I60: =IF(I53="","",H53+H54-I53) -> 0 | J60: =IF(J53="","",I53+I54-J53) -> 0 | K60: =IF(K53="","",J53+J54-K53) -> 0 | ... AS60: =IF(AS53="","",AR53+AR54-AS53)
A61: =SUM(C61:AS61) -> 2800 | B61: 払出額 | C61: 0 | D61: =IF(D51="","",D60*D55) -> 0 | E61: =IF(E51="","",E60*E55) -> 0 | F61: =IF(F51="","",F60*F55) -> 0 | G61: =IF(G51="","",G60*G55) -> 0 | H61: =IF(H51="","",H60*H55) -> 0 | I61: =IF(I51="","",I60*I55) -> 0 | J61: =IF(J51="","",J60*J55) -> 0 | K61: =IF(K51="","",K60*K55) -> 0 | ... AS61: =IF(AS51="","",AS60*AS55)
A62: =IF(A61="","",A61/(A58*100)) -> 0.2295082 | B62: 原価率 | D62: =IF(D61="","",IF(D61=0,"",D61/(D58*100))) | E62: =IF(E61="","",IF(E61=0,"",E61/(E58*100))) | F62: =IF(F61="","",IF(F61=0,"",F61/(F58*100))) | G62: =IF(G61="","",IF(G61=0,"",G61/(G58*100))) | H62: =IF(H61="","",IF(H61=0,"",H61/(H58*100))) | I62: =IF(I61="","",IF(I61=0,"",I61/(I58*100))) | J62: =IF(J61="","",IF(J61=0,"",J61/(J58*100))) | K62: =IF(K61="","",IF(K61=0,"",K61/(K58*100))) | ... AS62: =IF(AS61="","",IF(AS61=0,"",AS61/(AS58*100)))
A63: 宇宿 | B63: 100円 | C63: 16638 | D63: =IF(D$3="","",C63) -> 16638 | E63: 16653 | F63: =IF(F$3="","",E63) -> 16653 | G63: =IF(G$3="","",F63) -> 16653 | H63: 16675 | I63: =IF(I$3="","",H63) -> 16675 | J63: =IF(J$3="","",I63) -> 16675 | K63: =IF(K$3="","",J63) -> 16675 | L63: 16750 | M63: =IF(M$3="","",L63) -> 16750 | N63: =IF(N$3="","",M63) -> 16750 | O63: 16766 | P63: =IF(P$3="","",O63) -> 16766 | Q63: =IF(Q$3="","",P63) -> 16766 | R63: =IF(R$3="","",Q63) -> 16766 | S63: =IF(S$3="","",R63) -> 16766 | T63: 16820 | U63: =IF(U$3="","",T63) -> 16820 | V63: =IF(V$3="","",U63) -> 16820 | W63: 16856 | X63: =IF(X$3="","",W63) | Y63: =IF(Y$3="","",X63) | Z63: =IF(Z$3="","",Y63) | AA63: =IF(AA$3="","",Z63) | AB63: =IF(AB$3="","",AA63) | AC63: =IF(AC$3="","",AB63) | AD63: =IF(AD$3="","",AC63) | AE63: =IF(AE$3="","",AD63) | ... AS63: =IF(AS$3="","",AR63)
A64: BUZZ＃2 | B64: プライズ | C64: 379 | D64: =IF(D$3="","",C64) -> 379 | E64: =IF(E$3="","",D64) -> 379 | F64: =IF(F$3="","",E64) -> 379 | G64: =IF(G$3="","",F64) -> 379 | H64: =IF(H$3="","",G64) -> 379 | I64: =IF(I$3="","",H64) -> 379 | J64: =IF(J$3="","",I64) -> 379 | K64: =IF(K$3="","",J64) -> 379 | L64: 380 | M64: =IF(M$3="","",L64) -> 380 | N64: =IF(N$3="","",M64) -> 380 | O64: 380 | P64: =IF(P$3="","",O64) -> 380 | Q64: =IF(Q$3="","",P64) -> 380 | R64: =IF(R$3="","",Q64) -> 380 | S64: =IF(S$3="","",R64) -> 380 | T64: 381 | U64: =IF(U$3="","",T64) -> 381 | V64: =IF(V$3="","",U64) -> 381 | W64: =IF(W$3="","",V64) -> 381 | X64: =IF(X$3="","",W64) | Y64: =IF(Y$3="","",X64) | Z64: =IF(Z$3="","",Y64) | AA64: =IF(AA$3="","",Z64) | AB64: =IF(AB$3="","",AA64) | ... AS64: =IF(AS$3="","",AR64)
A65: 2 | B65: 投入残 | C65: 13 | D65: =IF(D63="","",(C65+C66)) -> 13 | E65: =IF(E63="","",(D65+D66)) -> 13 | F65: =IF(F63="","",(E65+E66)) -> 13 | G65: =IF(G63="","",(F65+F66)) -> 13 | H65: =IF(H63="","",(G65+G66)) -> 13 | I65: =IF(I63="","",(H65+H66)) -> 19 | J65: =IF(J63="","",(I65+I66)) -> 19 | K65: =IF(K63="","",(J65+J66)) -> 19 | L65: 18 | M65: =IF(M63="","",(L65+L66)) -> 18 | N65: =IF(N63="","",(M65+M66)) -> 18 | O65: =IF(O63="","",(N65+N66)) -> 18 | P65: =IF(P63="","",(O65+O66)) -> 18 | Q65: =IF(Q63="","",(P65+P66)) -> 18 | R65: =IF(R63="","",(Q65+Q66)) -> 18 | S65: =IF(S63="","",(R65+R66)) -> 18 | T65: 17 | U65: =IF(U63="","",(T65+T66)) -> 17 | V65: =IF(V63="","",(U65+U66)) -> 17 | W65: =IF(W63="","",(V65+V66)) -> 17 | X65: =IF(X63="","",(W65+W66)) | Y65: =IF(Y63="","",(X65+X66)) | Z65: =IF(Z63="","",(Y65+Y66)) | AA65: =IF(AA63="","",(Z65+Z66)) | AB65: =IF(AB63="","",(AA65+AA66)) | ... AS65: =IF(AS63="","",(AR65+AR66))
B66: 補充 | H66: 6
B67: 単価 | C67: 300 | D67: =IF(D63="","",C67) -> 300 | E67: =IF(E63="","",D67) -> 300 | F67: =IF(F63="","",E67) -> 300 | G67: =IF(G63="","",F67) -> 300 | H67: =IF(H63="","",G67) -> 300 | I67: =IF(I63="","",H67) -> 300 | J67: =IF(J63="","",I67) -> 300 | K67: =IF(K63="","",J67) -> 300 | ... AS67: =IF(AS63="","",AR67)
A68: 月間予想 | B68: 景品名 | C68: ラブブMC | D68: =IF(D63="","",C68) -> ラブブMC | E68: =IF(E63="","",D68) -> ラブブMC | F68: =IF(F63="","",E68) -> ラブブMC | G68: =IF(G63="","",F68) -> ラブブMC | H68: =IF(H63="","",G68) -> ラブブMC | I68: =IF(I63="","",H68) -> ラブブMC | J68: =IF(J63="","",I68) -> ラブブMC | K68: =IF(K63="","",J68) -> ラブブMC | ... AS68: =IF(AS63="","",AR68)
A69: =AVERAGE(C70:AS70)*30*100 -> 31142.857 | B69: 設定
A70: =SUM(C70:AS70) -> 218 | B70: 百差 | C70: 0 | D70: =IF(D63="","",D63-C63) -> 0 | E70: =IF(E63="","",E63-D63) -> 15 | F70: =IF(F63="","",F63-E63) -> 0 | G70: =IF(G63="","",G63-F63) -> 0 | H70: =IF(H63="","",H63-G63) -> 22 | I70: =IF(I63="","",I63-H63) -> 0 | J70: =IF(J63="","",J63-I63) -> 0 | K70: =IF(K63="","",K63-J63) -> 0 | ... AS70: =IF(AS63="","",AS63-AR63)
A71: =SUM(C71:AS71) -> 2 | B71: P差 | C71: 0 | D71: =IF(D64="","",D64-C64) -> 0 | E71: =IF(E64="","",E64-D64) -> 0 | F71: =IF(F64="","",F64-E64) -> 0 | G71: =IF(G64="","",G64-F64) -> 0 | H71: =IF(H64="","",H64-G64) -> 0 | I71: =IF(I64="","",I64-H64) -> 0 | J71: =IF(J64="","",J64-I64) -> 0 | K71: =IF(K64="","",K64-J64) -> 0 | ... AS71: =IF(AS64="","",AS64-AR64)
A72: =SUM(C72:AS72) -> 2 | B72: 払出 | C72: 0 | D72: =IF(D65="","",C65+C66-D65) -> 0 | E72: =IF(E65="","",D65+D66-E65) -> 0 | F72: =IF(F65="","",E65+E66-F65) -> 0 | G72: =IF(G65="","",F65+F66-G65) -> 0 | H72: =IF(H65="","",G65+G66-H65) -> 0 | I72: =IF(I65="","",H65+H66-I65) -> 0 | J72: =IF(J65="","",I65+I66-J65) -> 0 | K72: =IF(K65="","",J65+J66-K65) -> 0 | ... AS72: =IF(AS65="","",AR65+AR66-AS65)
A73: =SUM(C73:AS73) -> 600 | B73: 払出額 | C73: 0 | D73: =IF(D63="","",D72*D67) -> 0 | E73: =IF(E63="","",E72*E67) -> 0 | F73: =IF(F63="","",F72*F67) -> 0 | G73: =IF(G63="","",G72*G67) -> 0 | H73: =IF(H63="","",H72*H67) -> 0 | I73: =IF(I63="","",I72*I67) -> 0 | J73: =IF(J63="","",J72*J67) -> 0 | K73: =IF(K63="","",K72*K67) -> 0 | ... AS73: =IF(AS63="","",AS72*AS67)
A74: =IF(A73="","",A73/(A70*100)) -> 0.027522936 | B74: 原価率 | D74: =IF(D73="","",IF(D73=0,"",D73/(D70*100))) | E74: =IF(E73="","",IF(E73=0,"",E73/(E70*100))) | F74: =IF(F73="","",IF(F73=0,"",F73/(F70*100))) | G74: =IF(G73="","",IF(G73=0,"",G73/(G70*100))) | H74: =IF(H73="","",IF(H73=0,"",H73/(H70*100))) | I74: =IF(I73="","",IF(I73=0,"",I73/(I70*100))) | J74: =IF(J73="","",IF(J73=0,"",J73/(J70*100))) | K74: =IF(K73="","",IF(K73=0,"",K73/(K70*100))) | ... AS74: =IF(AS73="","",IF(AS73=0,"",AS73/(AS70*100)))
A75: 宇宿 | B75: 100円 | C75: 18897 | D75: =IF(D$3="","",C75) -> 18897 | E75: 18949 | F75: =IF(F$3="","",E75) -> 18949 | G75: =IF(G$3="","",F75) -> 18949 | H75: 18989 | I75: =IF(I$3="","",H75) -> 18989 | J75: =IF(J$3="","",I75) -> 18989 | K75: =IF(K$3="","",J75) -> 18989 | L75: 19041 | M75: =IF(M$3="","",L75) -> 19041 | N75: =IF(N$3="","",M75) -> 19041 | O75: 19075 | P75: =IF(P$3="","",O75) -> 19075 | Q75: =IF(Q$3="","",P75) -> 19075 | R75: =IF(R$3="","",Q75) -> 19075 | S75: =IF(S$3="","",R75) -> 19075 | T75: 19113 | U75: =IF(U$3="","",T75) -> 19113 | V75: =IF(V$3="","",U75) -> 19113 | W75: 19140 | X75: =IF(X$3="","",W75) | Y75: =IF(Y$3="","",X75) | Z75: =IF(Z$3="","",Y75) | AA75: =IF(AA$3="","",Z75) | AB75: =IF(AB$3="","",AA75) | AC75: =IF(AC$3="","",AB75) | AD75: =IF(AD$3="","",AC75) | AE75: =IF(AE$3="","",AD75) | ... AS75: =IF(AS$3="","",AR75)
A76: BUZZ＃2 | B76: プライズ | C76: 539 | D76: =IF(D$3="","",C76) -> 539 | E76: 543 | F76: =IF(F$3="","",E76) -> 543 | G76: =IF(G$3="","",F76) -> 543 | H76: 546 | I76: =IF(I$3="","",H76) -> 546 | J76: =IF(J$3="","",I76) -> 546 | K76: =IF(K$3="","",J76) -> 546 | L76: 548 | M76: =IF(M$3="","",L76) -> 548 | N76: =IF(N$3="","",M76) -> 548 | O76: 550 | P76: =IF(P$3="","",O76) -> 550 | Q76: =IF(Q$3="","",P76) -> 550 | R76: =IF(R$3="","",Q76) -> 550 | S76: =IF(S$3="","",R76) -> 550 | T76: 551 | U76: =IF(U$3="","",T76) -> 551 | V76: =IF(V$3="","",U76) -> 551 | W76: =IF(W$3="","",V76) -> 551 | X76: =IF(X$3="","",W76) | Y76: =IF(Y$3="","",X76) | Z76: =IF(Z$3="","",Y76) | AA76: =IF(AA$3="","",Z76) | AB76: =IF(AB$3="","",AA76) | ... AS76: =IF(AS$3="","",AR76)
A77: 3 | B77: 投入残 | C77: 112 | D77: =IF(D75="","",(C77+C78)) -> 112 | E77: 108 | F77: =IF(F75="","",(E77+E78)) -> 108 | G77: =IF(G75="","",(F77+F78)) -> 108 | H77: =IF(H75="","",(G77+G78)) -> 108 | I77: =IF(I75="","",(H77+H78)) -> 108 | J77: =IF(J75="","",(I77+I78)) -> 108 | K77: =IF(K75="","",(J77+J78)) -> 108 | L77: 106 | M77: =IF(M75="","",(L77+L78)) -> 106 | N77: =IF(N75="","",(M77+M78)) -> 106 | O77: 104 | P77: =IF(P75="","",(O77+O78)) -> 104 | Q77: =IF(Q75="","",(P77+P78)) -> 104 | R77: =IF(R75="","",(Q77+Q78)) -> 104 | S77: =IF(S75="","",(R77+R78)) -> 104 | T77: 103 | U77: =IF(U75="","",(T77+T78)) -> 103 | V77: =IF(V75="","",(U77+U78)) -> 103 | W77: =IF(W75="","",(V77+V78)) -> 103 | X77: =IF(X75="","",(W77+W78)) | Y77: =IF(Y75="","",(X77+X78)) | Z77: =IF(Z75="","",(Y77+Y78)) | AA77: =IF(AA75="","",(Z77+Z78)) | AB77: =IF(AB75="","",(AA77+AA78)) | ... AS77: =IF(AS75="","",(AR77+AR78))
B78: 補充
B79: 単価 | C79: 150 | D79: =IF(D75="","",C79) -> 150 | E79: =IF(E75="","",D79) -> 150 | F79: =IF(F75="","",E79) -> 150 | G79: =IF(G75="","",F79) -> 150 | H79: =IF(H75="","",G79) -> 150 | I79: =IF(I75="","",H79) -> 150 | J79: =IF(J75="","",I79) -> 150 | K79: =IF(K75="","",J79) -> 150 | ... AS79: =IF(AS75="","",AR79)
A80: 月間予想 | B80: 景品名 | C80: AIモンスター | D80: =IF(D75="","",C80) -> AIモンスター | E80: =IF(E75="","",D80) -> AIモンスター | F80: =IF(F75="","",E80) -> AIモンスター | G80: =IF(G75="","",F80) -> AIモンスター | H80: =IF(H75="","",G80) -> AIモンスター | I80: =IF(I75="","",H80) -> AIモンスター | J80: =IF(J75="","",I80) -> AIモンスター | K80: =IF(K75="","",J80) -> AIモンスター | ... AS80: =IF(AS75="","",AR80)
A81: =AVERAGE(C82:AS82)*30*100 -> 34714.286 | B81: 設定
A82: =SUM(C82:AS82) -> 243 | B82: 百差 | C82: 0 | D82: =IF(D75="","",D75-C75) -> 0 | E82: =IF(E75="","",E75-D75) -> 52 | F82: =IF(F75="","",F75-E75) -> 0 | G82: =IF(G75="","",G75-F75) -> 0 | H82: =IF(H75="","",H75-G75) -> 40 | I82: =IF(I75="","",I75-H75) -> 0 | J82: =IF(J75="","",J75-I75) -> 0 | K82: =IF(K75="","",K75-J75) -> 0 | ... AS82: =IF(AS75="","",AS75-AR75)
A83: =SUM(C83:AS83) -> 12 | B83: P差 | C83: 0 | D83: =IF(D76="","",D76-C76) -> 0 | E83: =IF(E76="","",E76-D76) -> 4 | F83: =IF(F76="","",F76-E76) -> 0 | G83: =IF(G76="","",G76-F76) -> 0 | H83: =IF(H76="","",H76-G76) -> 3 | I83: =IF(I76="","",I76-H76) -> 0 | J83: =IF(J76="","",J76-I76) -> 0 | K83: =IF(K76="","",K76-J76) -> 0 | ... AS83: =IF(AS76="","",AS76-AR76)
A84: =SUM(C84:AS84) -> 9 | B84: 払出 | C84: 0 | D84: =IF(D77="","",C77+C78-D77) -> 0 | E84: =IF(E77="","",D77+D78-E77) -> 4 | F84: =IF(F77="","",E77+E78-F77) -> 0 | G84: =IF(G77="","",F77+F78-G77) -> 0 | H84: =IF(H77="","",G77+G78-H77) -> 0 | I84: =IF(I77="","",H77+H78-I77) -> 0 | J84: =IF(J77="","",I77+I78-J77) -> 0 | K84: =IF(K77="","",J77+J78-K77) -> 0 | ... AS84: =IF(AS77="","",AR77+AR78-AS77)
A85: =SUM(C85:AS85) -> 1350 | B85: 払出額 | C85: 0 | D85: =IF(D75="","",D84*D79) -> 0 | E85: =IF(E75="","",E84*E79) -> 600 | F85: =IF(F75="","",F84*F79) -> 0 | G85: =IF(G75="","",G84*G79) -> 0 | H85: =IF(H75="","",H84*H79) -> 0 | I85: =IF(I75="","",I84*I79) -> 0 | J85: =IF(J75="","",J84*J79) -> 0 | K85: =IF(K75="","",K84*K79) -> 0 | ... AS85: =IF(AS75="","",AS84*AS79)
A86: =IF(A85="","",A85/(A82*100)) -> 0.055555556 | B86: 原価率 | D86: =IF(D85="","",IF(D85=0,"",D85/(D82*100))) | E86: =IF(E85="","",IF(E85=0,"",E85/(E82*100))) -> 0.11538462 | F86: =IF(F85="","",IF(F85=0,"",F85/(F82*100))) | G86: =IF(G85="","",IF(G85=0,"",G85/(G82*100))) | H86: =IF(H85="","",IF(H85=0,"",H85/(H82*100))) | I86: =IF(I85="","",IF(I85=0,"",I85/(I82*100))) | J86: =IF(J85="","",IF(J85=0,"",J85/(J82*100))) | K86: =IF(K85="","",IF(K85=0,"",K85/(K82*100))) | ... AS86: =IF(AS85="","",IF(AS85=0,"",AS85/(AS82*100)))
A87: 宇宿 | B87: 100円 | C87: 15270 | D87: =IF(D$3="","",C87) -> 15270 | E87: 15330 | F87: =IF(F$3="","",E87) -> 15330 | G87: =IF(G$3="","",F87) -> 15330 | H87: 15370 | I87: =IF(I$3="","",H87) -> 15370 | J87: =IF(J$3="","",I87) -> 15370 | K87: =IF(K$3="","",J87) -> 15370 | L87: 15412 | M87: =IF(M$3="","",L87) -> 15412 | N87: =IF(N$3="","",M87) -> 15412 | O87: 15457 | P87: =IF(P$3="","",O87) -> 15457 | Q87: =IF(Q$3="","",P87) -> 15457 | R87: =IF(R$3="","",Q87) -> 15457 | S87: =IF(S$3="","",R87) -> 15457 | T87: 15504 | U87: =IF(U$3="","",T87) -> 15504 | V87: =IF(V$3="","",U87) -> 15504 | W87: 15532 | X87: =IF(X$3="","",W87) | Y87: =IF(Y$3="","",X87) | Z87: =IF(Z$3="","",Y87) | AA87: =IF(AA$3="","",Z87) | AB87: =IF(AB$3="","",AA87) | AC87: =IF(AC$3="","",AB87) | AD87: =IF(AD$3="","",AC87) | AE87: =IF(AE$3="","",AD87) | ... AS87: =IF(AS$3="","",AR87)
A88: BUZZ＃2 | B88: プライズ | C88: 457 | D88: =IF(D$3="","",C88) -> 457 | E88: =IF(E$3="","",D88) -> 457 | F88: =IF(F$3="","",E88) -> 457 | G88: =IF(G$3="","",F88) -> 457 | H88: =IF(H$3="","",G88) -> 457 | I88: =IF(I$3="","",H88) -> 457 | J88: =IF(J$3="","",I88) -> 457 | K88: =IF(K$3="","",J88) -> 457 | L88: 458 | M88: =IF(M$3="","",L88) -> 458 | N88: =IF(N$3="","",M88) -> 458 | O88: =IF(O$3="","",N88) -> 458 | P88: =IF(P$3="","",O88) -> 458 | Q88: =IF(Q$3="","",P88) -> 458 | R88: =IF(R$3="","",Q88) -> 458 | S88: =IF(S$3="","",R88) -> 458 | T88: 459 | U88: =IF(U$3="","",T88) -> 459 | V88: =IF(V$3="","",U88) -> 459 | W88: =IF(W$3="","",V88) -> 459 | X88: =IF(X$3="","",W88) | Y88: =IF(Y$3="","",X88) | Z88: =IF(Z$3="","",Y88) | AA88: =IF(AA$3="","",Z88) | AB88: =IF(AB$3="","",AA88) | ... AS88: =IF(AS$3="","",AR88)
A89: 4 | B89: 投入残 | C89: 3 | D89: =IF(D87="","",(C89+C90)) -> 3 | E89: =IF(E87="","",(D89+D90)) -> 3 | F89: =IF(F87="","",(E89+E90)) -> 3 | G89: =IF(G87="","",(F89+F90)) -> 3 | H89: =IF(H87="","",(G89+G90)) -> 3 | I89: =IF(I87="","",(H89+H90)) -> 3 | J89: =IF(J87="","",(I89+I90)) -> 3 | K89: =IF(K87="","",(J89+J90)) -> 3 | L89: 2 | M89: =IF(M87="","",(L89+L90)) -> 3 | N89: =IF(N87="","",(M89+M90)) -> 3 | O89: =IF(O87="","",(N89+N90)) -> 3 | P89: =IF(P87="","",(O89+O90)) -> 3 | Q89: =IF(Q87="","",(P89+P90)) -> 3 | R89: =IF(R87="","",(Q89+Q90)) -> 3 | S89: =IF(S87="","",(R89+R90)) -> 3 | T89: 2 | U89: =IF(U87="","",(T89+T90)) -> 3 | V89: =IF(V87="","",(U89+U90)) -> 3 | W89: =IF(W87="","",(V89+V90)) -> 3 | X89: =IF(X87="","",(W89+W90)) | Y89: =IF(Y87="","",(X89+X90)) | Z89: =IF(Z87="","",(Y89+Y90)) | AA89: =IF(AA87="","",(Z89+Z90)) | AB89: =IF(AB87="","",(AA89+AA90)) | ... AS89: =IF(AS87="","",(AR89+AR90))
B90: 補充 | L90: 1 | T90: 1
B91: 単価 | C91: 500 | D91: =IF(D87="","",C91) -> 500 | E91: =IF(E87="","",D91) -> 500 | F91: =IF(F87="","",E91) -> 500 | G91: =IF(G87="","",F91) -> 500 | H91: =IF(H87="","",G91) -> 500 | I91: =IF(I87="","",H91) -> 500 | J91: =IF(J87="","",I91) -> 500 | K91: =IF(K87="","",J91) -> 500 | ... AS91: =IF(AS87="","",AR91)
A92: 月間予想 | B92: 景品名 | C92: ギャルキティフェイスポーチ | D92: =IF(D87="","",C92) -> ギャルキティフェイスポーチ | E92: =IF(E87="","",D92) -> ギャルキティフェイスポーチ | F92: =IF(F87="","",E92) -> ギャルキティフェイスポーチ | G92: =IF(G87="","",F92) -> ギャルキティフェイスポーチ | H92: =IF(H87="","",G92) -> ギャルキティフェイスポーチ | I92: =IF(I87="","",H92) -> ギャルキティフェイスポーチ | J92: =IF(J87="","",I92) -> ギャルキティフェイスポーチ | K92: =IF(K87="","",J92) -> ギャルキティフェイスポーチ | ... AS92: =IF(AS87="","",AR92)
A93: =AVERAGE(C94:AS94)*30*100 -> 37428.571 | B93: 設定
A94: =SUM(C94:AS94) -> 262 | B94: 百差 | C94: 0 | D94: =IF(D87="","",D87-C87) -> 0 | E94: =IF(E87="","",E87-D87) -> 60 | F94: =IF(F87="","",F87-E87) -> 0 | G94: =IF(G87="","",G87-F87) -> 0 | H94: =IF(H87="","",H87-G87) -> 40 | I94: =IF(I87="","",I87-H87) -> 0 | J94: =IF(J87="","",J87-I87) -> 0 | K94: =IF(K87="","",K87-J87) -> 0 | ... AS94: =IF(AS87="","",AS87-AR87)
A95: =SUM(C95:AS95) -> 2 | B95: P差 | C95: 0 | D95: =IF(D88="","",D88-C88) -> 0 | E95: =IF(E88="","",E88-D88) -> 0 | F95: =IF(F88="","",F88-E88) -> 0 | G95: =IF(G88="","",G88-F88) -> 0 | H95: =IF(H88="","",H88-G88) -> 0 | I95: =IF(I88="","",I88-H88) -> 0 | J95: =IF(J88="","",J88-I88) -> 0 | K95: =IF(K88="","",K88-J88) -> 0 | ... AS95: =IF(AS88="","",AS88-AR88)
A96: =SUM(C96:AS96) -> 2 | B96: 払出 | C96: 0 | D96: =IF(D89="","",C89+C90-D89) -> 0 | E96: =IF(E89="","",D89+D90-E89) -> 0 | F96: =IF(F89="","",E89+E90-F89) -> 0 | G96: =IF(G89="","",F89+F90-G89) -> 0 | H96: =IF(H89="","",G89+G90-H89) -> 0 | I96: =IF(I89="","",H89+H90-I89) -> 0 | J96: =IF(J89="","",I89+I90-J89) -> 0 | K96: =IF(K89="","",J89+J90-K89) -> 0 | ... AS96: =IF(AS89="","",AR89+AR90-AS89)
A97: =SUM(C97:AS97) -> 1000 | B97: 払出額 | C97: 0 | D97: =IF(D87="","",D96*D91) -> 0 | E97: =IF(E87="","",E96*E91) -> 0 | F97: =IF(F87="","",F96*F91) -> 0 | G97: =IF(G87="","",G96*G91) -> 0 | H97: =IF(H87="","",H96*H91) -> 0 | I97: =IF(I87="","",I96*I91) -> 0 | J97: =IF(J87="","",J96*J91) -> 0 | K97: =IF(K87="","",K96*K91) -> 0 | ... AS97: =IF(AS87="","",AS96*AS91)
A98: =IF(A97="","",A97/(A94*100)) -> 0.038167939 | B98: 原価率 | D98: =IF(D97="","",IF(D97=0,"",D97/(D94*100))) | E98: =IF(E97="","",IF(E97=0,"",E97/(E94*100))) | F98: =IF(F97="","",IF(F97=0,"",F97/(F94*100))) | G98: =IF(G97="","",IF(G97=0,"",G97/(G94*100))) | H98: =IF(H97="","",IF(H97=0,"",H97/(H94*100))) | I98: =IF(I97="","",IF(I97=0,"",I97/(I94*100))) | J98: =IF(J97="","",IF(J97=0,"",J97/(J94*100))) | K98: =IF(K97="","",IF(K97=0,"",K97/(K94*100))) | ... AS98: =IF(AS97="","",IF(AS97=0,"",AS97/(AS94*100)))
A99: 宇宿 | B99: 100円 | C99: 4761 | D99: =IF(D$3="","",C99) -> 4761 | E99: 4784 | F99: =IF(F$3="","",E99) -> 4784 | G99: =IF(G$3="","",F99) -> 4784 | H99: 4801 | I99: =IF(I$3="","",H99) -> 4801 | J99: =IF(J$3="","",I99) -> 4801 | K99: =IF(K$3="","",J99) -> 4801 | L99: 4830 | M99: =IF(M$3="","",L99) -> 4830 | N99: =IF(N$3="","",M99) -> 4830 | O99: 4866 | P99: =IF(P$3="","",O99) -> 4866 | Q99: =IF(Q$3="","",P99) -> 4866 | R99: =IF(R$3="","",Q99) -> 4866 | S99: =IF(S$3="","",R99) -> 4866 | T99: 4882 | U99: =IF(U$3="","",T99) -> 4882 | V99: =IF(V$3="","",U99) -> 4882 | W99: 4922 | X99: =IF(X$3="","",W99) | Y99: =IF(Y$3="","",X99) | Z99: =IF(Z$3="","",Y99) | AA99: =IF(AA$3="","",Z99) | AB99: =IF(AB$3="","",AA99) | AC99: =IF(AC$3="","",AB99) | AD99: =IF(AD$3="","",AC99) | AE99: =IF(AE$3="","",AD99) | ... AS99: =IF(AS$3="","",AR99)
A100: BUZZ＃3 | B100: プライズ | C100: 110 | D100: =IF(D$3="","",C100) -> 110 | E100: =IF(E$3="","",D100) -> 110 | F100: =IF(F$3="","",E100) -> 110 | G100: =IF(G$3="","",F100) -> 110 | H100: =IF(H$3="","",G100) -> 110 | I100: =IF(I$3="","",H100) -> 110 | J100: =IF(J$3="","",I100) -> 110 | K100: =IF(K$3="","",J100) -> 110 | L100: 111 | M100: =IF(M$3="","",L100) -> 111 | N100: =IF(N$3="","",M100) -> 111 | O100: =IF(O$3="","",N100) -> 111 | P100: =IF(P$3="","",O100) -> 111 | Q100: =IF(Q$3="","",P100) -> 111 | R100: =IF(R$3="","",Q100) -> 111 | S100: =IF(S$3="","",R100) -> 111 | T100: 117 | U100: =IF(U$3="","",T100) -> 117 | V100: =IF(V$3="","",U100) -> 117 | W100: 118 | X100: =IF(X$3="","",W100) | Y100: =IF(Y$3="","",X100) | Z100: =IF(Z$3="","",Y100) | AA100: =IF(AA$3="","",Z100) | AB100: =IF(AB$3="","",AA100) | AC100: =IF(AC$3="","",AB100) | AD100: =IF(AD$3="","",AC100) | AE100: =IF(AE$3="","",AD100) | ... AS100: =IF(AS$3="","",AR100)
...

Sheet 川内
A1: =SUM(A9,A45,A57,A69,A81,A93,A105,A117,A129,A153,A141,A165,A177,A189,A201,A213,A225,A33,A21,A239,A249) -> 1974450 | B1: 日付 | C1: 46099 | D1: =C1+1 -> 46100 | E1: =D1+1 -> 46101 | F1: =E1+1 -> 46102 | G1: =F1+1 -> 46103 | H1: =G1+1 -> 46104 | I1: =H1+1 -> 46105 | J1: =I1+1 -> 46106 | K1: =J1+1 -> 46107 | ... AS1: =AR1+1 -> 46141
B2: =SUM(C2:AO2) -> 13163 | C2: 0 | D2: =SUM(D10,D22,D34,D46,D58,D70,D82,D94,D106,D118,D130,D142,D154,D166,D178,D190,D202,D214,D226,D240) -> 0 | E2: =SUM(E10,E22,E34,E46,E58,E70,E82,E94,E106,E118,E130,E142,E154,E166,E178,E190,E202,E214,E226,E240) -> 1954 | F2: =SUM(F10,F22,F34,F46,F58,F70,F82,F94,F106,F118,F130,F142,F154,F166,F178,F190,F202,F214,F226,F240) -> 0 | G2: =SUM(G10,G22,G34,G46,G58,G70,G82,G94,G106,G118,G130,G142,G154,G166,G178,G190,G202,G214,G226,G240) -> 0 | H2: =SUM(H10,H22,H34,H46,H58,H70,H82,H94,H106,H118,H130,H142,H154,H166,H178,H190,H202,H214,H226,H240) -> 1911 | I2: =SUM(I10,I22,I34,I46,I58,I70,I82,I94,I106,I118,I130,I142,I154,I166,I178,I190,I202,I214,I226,I240) -> 0 | J2: =SUM(J10,J22,J34,J46,J58,J70,J82,J94,J106,J118,J130,J142,J154,J166,J178,J190,J202,J214,J226,J240) -> 0 | K2: =SUM(K10,K22,K34,K46,K58,K70,K82,K94,K106,K118,K130,K142,K154,K166,K178,K190,K202,K214,K226,K240) -> 0 | ... AS2: =SUM(AS10,AS22,AS34,AS46,AS58,AS70,AS82,AS94,AS106,AS118,AS130,AS142,AS154,AS166,AS178,AS190,AS202,AS214,AS226,AS240) -> 0
A3: 川内 | B3: 100円 | C3: 35484 | D3: 35484 | E3: 35518 | F3: 35518 | G3: 35518 | H3: 35610 | I3: 35610 | J3: 35610 | K3: 35610 | L3: 35627 | M3: 35627 | N3: 35627 | O3: 35666 | P3: 35666 | Q3: 35666 | R3: 35666 | S3: 35690 | T3: 35690 | U3: 35690 | V3: 35705
A4: BUZZ＃１ | B4: プライズ | C4: 670 | D4: =IF(D$3="","",C4) -> 670 | E4: =IF(E$3="","",D4) -> 670 | F4: =IF(F$3="","",E4) -> 670 | G4: =IF(G$3="","",F4) -> 670 | H4: =IF(H$3="","",G4) -> 670 | I4: =IF(I$3="","",H4) -> 670 | J4: =IF(J$3="","",I4) -> 670 | K4: =IF(K$3="","",J4) -> 670 | L4: 671 | M4: =IF(M$3="","",L4) -> 671 | N4: =IF(N$3="","",M4) -> 671 | O4: =IF(O$3="","",N4) -> 671 | P4: =IF(P$3="","",O4) -> 671 | Q4: =IF(Q$3="","",P4) -> 671 | R4: =IF(R$3="","",Q4) -> 671 | S4: 672 | T4: =IF(T$3="","",S4) -> 672 | U4: =IF(U$3="","",T4) -> 672 | V4: 673 | W4: =IF(W$3="","",V4) | X4: =IF(X$3="","",W4) | Y4: =IF(Y$3="","",X4) | Z4: =IF(Z$3="","",Y4) | AA4: =IF(AA$3="","",Z4) | AB4: =IF(AB$3="","",AA4) | AC4: =IF(AC$3="","",AB4) | AD4: =IF(AD$3="","",AC4) | ... AS4: =IF(AS$3="","",AR4)
A5: 1 | B5: 投入残 | C5: 7 | D5: =IF(D3="","",(C5+C6)) -> 7 | E5: =IF(E3="","",(D5+D6)) -> 7 | F5: =IF(F3="","",(E5+E6)) -> 7 | G5: =IF(G3="","",(F5+F6)) -> 7 | H5: =IF(H3="","",(G5+G6)) -> 7 | I5: =IF(I3="","",(H5+H6)) -> 7 | J5: =IF(J3="","",(I5+I6)) -> 7 | K5: =IF(K3="","",(J5+J6)) -> 7 | L5: 6 | M5: =IF(M3="","",(L5+L6)) -> 7 | N5: =IF(N3="","",(M5+M6)) -> 7 | O5: =IF(O3="","",(N5+N6)) -> 7 | P5: =IF(P3="","",(O5+O6)) -> 7 | Q5: =IF(Q3="","",(P5+P6)) -> 7 | R5: =IF(R3="","",(Q5+Q6)) -> 7 | S5: =IF(S3="","",(R5+R6)) -> 7 | T5: =IF(T3="","",(S5+S6)) -> 10 | ... AS5: =IF(AS3="","",(AR5+AR6))
A6: 機械合計 | B6: 補充 | L6: 1 | S6: 3
A7: =+(A10+A22+A34+A46)*100 -> 106400 | B7: 単価 | C7: 800 | D7: =IF(D3="","",C7) -> 800 | E7: =IF(E3="","",D7) -> 800 | F7: =IF(F3="","",E7) -> 800 | G7: =IF(G3="","",F7) -> 800 | H7: =IF(H3="","",G7) -> 800 | I7: =IF(I3="","",H7) -> 800 | J7: =IF(J3="","",I7) -> 800 | K7: =IF(K3="","",J7) -> 800 | ... AS7: =IF(AS3="","",AR7)
A8: 月間予想 | B8: 景品名 | C8: サンリオボアキーケース | D8: =IF(D3="","",C8) -> サンリオボアキーケース | E8: =IF(E3="","",D8) -> サンリオボアキーケース | F8: =IF(F3="","",E8) -> サンリオボアキーケース | G8: =IF(G3="","",F8) -> サンリオボアキーケース | H8: =IF(H3="","",G8) -> サンリオボアキーケース | I8: =IF(I3="","",H8) -> サンリオボアキーケース | J8: =IF(J3="","",I8) -> サンリオボアキーケース | K8: =IF(K3="","",J8) -> サンリオボアキーケース | ... R8: =IF(R3="","",Q8) -> サンリオボアキーケース | S8: 元祖ワッペミニポーチ | T8: =IF(T3="","",S8) -> 元祖ワッペミニポーチ | U8: =IF(U3="","",T8) -> 元祖ワッペミニポーチ | V8: =IF(V3="","",U8) -> 元祖ワッペミニポーチ | W8: =IF(W3="","",V8) | X8: =IF(X3="","",W8) | Y8: =IF(Y3="","",X8) | Z8: =IF(Z3="","",Y8) | AA8: =IF(AA3="","",Z8) | ... AS8: =IF(AS3="","",AR8)
A9: =AVERAGE(C10:AS10)*30*100 -> 33150 | B9: 設定
A10: =SUM(C10:AS10) -> 221 | B10: 百差 | C10: 0 | D10: =IF(D3="","",D3-C3) -> 0 | E10: =IF(E3="","",E3-D3) -> 34 | F10: =IF(F3="","",F3-E3) -> 0 | G10: =IF(G3="","",G3-F3) -> 0 | H10: =IF(H3="","",H3-G3) -> 92 | I10: =IF(I3="","",I3-H3) -> 0 | J10: =IF(J3="","",J3-I3) -> 0 | K10: =IF(K3="","",K3-J3) -> 0 | ... AS10: =IF(AS3="","",AS3-AR3)
A11: =SUM(C11:AS11) -> 3 | B11: P差 | C11: 0 | D11: =IF(D4="","",D4-C4) -> 0 | E11: =IF(E4="","",E4-D4) -> 0 | F11: =IF(F4="","",F4-E4) -> 0 | G11: =IF(G4="","",G4-F4) -> 0 | H11: =IF(H4="","",H4-G4) -> 0 | I11: =IF(I4="","",I4-H4) -> 0 | J11: =IF(J4="","",J4-I4) -> 0 | K11: =IF(K4="","",K4-J4) -> 0 | ... AS11: =IF(AS4="","",AS4-AR4)
A12: =SUM(C12:AS12) -> 1 | B12: 払出 | C12: 0 | D12: =IF(D5="","",C5+C6-D5) -> 0 | E12: =IF(E5="","",D5+D6-E5) -> 0 | F12: =IF(F5="","",E5+E6-F5) -> 0 | G12: =IF(G5="","",F5+F6-G5) -> 0 | H12: =IF(H5="","",G5+G6-H5) -> 0 | I12: =IF(I5="","",H5+H6-I5) -> 0 | J12: =IF(J5="","",I5+I6-J5) -> 0 | K12: =IF(K5="","",J5+J6-K5) -> 0 | ... AS12: =IF(AS5="","",AR5+AR6-AS5)
A13: =SUM(C13:AS13) -> 800 | B13: 払出額 | C13: 0 | D13: =IF(D3="","",D12*D7) -> 0 | E13: =IF(E3="","",E12*E7) -> 0 | F13: =IF(F3="","",F12*F7) -> 0 | G13: =IF(G3="","",G12*G7) -> 0 | H13: =IF(H3="","",H12*H7) -> 0 | I13: =IF(I3="","",I12*I7) -> 0 | J13: =IF(J3="","",J12*J7) -> 0 | K13: =IF(K3="","",K12*K7) -> 0 | ... AS13: =IF(AS3="","",AS12*AS7)
A14: =IF(A13="","",A13/(A10*100)) -> 0.036199095 | B14: 原価率 | D14: =IF(D13="","",IF(D13=0,"",D13/(D10*100))) | E14: =IF(E13="","",IF(E13=0,"",E13/(E10*100))) | F14: =IF(F13="","",IF(F13=0,"",F13/(F10*100))) | G14: =IF(G13="","",IF(G13=0,"",G13/(G10*100))) | H14: =IF(H13="","",IF(H13=0,"",H13/(H10*100))) | I14: =IF(I13="","",IF(I13=0,"",I13/(I10*100))) | J14: =IF(J13="","",IF(J13=0,"",J13/(J10*100))) | K14: =IF(K13="","",IF(K13=0,"",K13/(K10*100))) | ... AS14: =IF(AS13="","",IF(AS13=0,"",AS13/(AS10*100)))
A15: 川内 | B15: 100円 | C15: 39128 | D15: =IF(D$3="","",C15) -> 39128 | E15: 39190 | F15: =IF(F$3="","",E15) -> 39190 | G15: =IF(G$3="","",F15) -> 39190 | H15: 39255 | I15: =IF(I$3="","",H15) -> 39255 | J15: =IF(J$3="","",I15) -> 39255 | K15: =IF(K$3="","",J15) -> 39255 | L15: 39284 | M15: =IF(M$3="","",L15) -> 39284 | N15: =IF(N$3="","",M15) -> 39284 | O15: 39361 | P15: =IF(P$3="","",O15) -> 39361 | Q15: =IF(Q$3="","",P15) -> 39361 | R15: =IF(R$3="","",Q15) -> 39361 | S15: 39429 | T15: =IF(T$3="","",S15) -> 39429 | U15: =IF(U$3="","",T15) -> 39429 | V15: 39439 | W15: =IF(W$3="","",V15) | X15: =IF(X$3="","",W15) | Y15: =IF(Y$3="","",X15) | Z15: =IF(Z$3="","",Y15) | AA15: =IF(AA$3="","",Z15) | AB15: =IF(AB$3="","",AA15) | AC15: =IF(AC$3="","",AB15) | AD15: =IF(AD$3="","",AC15) | ... AS15: =IF(AS$3="","",AR15)
A16: BUZZ＃１ | B16: プライズ | C16: 925 | D16: =IF(D$3="","",C16) -> 925 | E16: 926 | F16: =IF(F$3="","",E16) -> 926 | G16: =IF(G$3="","",F16) -> 926 | H16: =IF(H$3="","",G16) -> 926 | I16: =IF(I$3="","",H16) -> 926 | J16: =IF(J$3="","",I16) -> 926 | K16: =IF(K$3="","",J16) -> 926 | L16: =IF(L$3="","",K16) -> 926 | M16: =IF(M$3="","",L16) -> 926 | N16: =IF(N$3="","",M16) -> 926 | O16: 928 | P16: =IF(P$3="","",O16) -> 928 | Q16: =IF(Q$3="","",P16) -> 928 | R16: =IF(R$3="","",Q16) -> 928 | S16: =IF(S$3="","",R16) -> 928 | T16: =IF(T$3="","",S16) -> 928 | U16: =IF(U$3="","",T16) -> 928 | V16: 930 | W16: =IF(W$3="","",V16) | X16: =IF(X$3="","",W16) | Y16: =IF(Y$3="","",X16) | Z16: =IF(Z$3="","",Y16) | AA16: =IF(AA$3="","",Z16) | AB16: =IF(AB$3="","",AA16) | AC16: =IF(AC$3="","",AB16) | AD16: =IF(AD$3="","",AC16) | ... AS16: =IF(AS$3="","",AR16)
A17: 2 | B17: 投入残 | C17: 5 | D17: =IF(D15="","",(C17+C18)) -> 5 | E17: 4 | F17: =IF(F15="","",(E17+E18)) -> 6 | G17: =IF(G15="","",(F17+F18)) -> 6 | H17: =IF(H15="","",(G17+G18)) -> 6 | I17: =IF(I15="","",(H17+H18)) -> 6 | J17: =IF(J15="","",(I17+I18)) -> 6 | K17: =IF(K15="","",(J17+J18)) -> 6 | L17: =IF(L15="","",(K17+K18)) -> 6 | M17: =IF(M15="","",(L17+L18)) -> 6 | N17: =IF(N15="","",(M17+M18)) -> 6 | O17: 4 | P17: =IF(P15="","",(O17+O18)) -> 6 | Q17: =IF(Q15="","",(P17+P18)) -> 6 | R17: =IF(R15="","",(Q17+Q18)) -> 6 | S17: =IF(S15="","",(R17+R18)) -> 6 | T17: =IF(T15="","",(S17+S18)) -> 6 | U17: =IF(U15="","",(T17+T18)) -> 6 | V17: 4 | W17: =IF(W15="","",(V17+V18)) | X17: =IF(X15="","",(W17+W18)) | Y17: =IF(Y15="","",(X17+X18)) | Z17: =IF(Z15="","",(Y17+Y18)) | AA17: =IF(AA15="","",(Z17+Z18)) | AB17: =IF(AB15="","",(AA17+AA18)) | AC17: =IF(AC15="","",(AB17+AB18)) | AD17: =IF(AD15="","",(AC17+AC18)) | ... AS17: =IF(AS15="","",(AR17+AR18))
B18: 補充 | E18: 2 | O18: 2 | V18: 2
B19: 単価 | C19: 750 | D19: =IF(D15="","",C19) -> 750 | E19: =IF(E15="","",D19) -> 750 | F19: =IF(F15="","",E19) -> 750 | G19: =IF(G15="","",F19) -> 750 | H19: =IF(H15="","",G19) -> 750 | I19: =IF(I15="","",H19) -> 750 | J19: =IF(J15="","",I19) -> 750 | K19: =IF(K15="","",J19) -> 750 | ... AS19: =IF(AS15="","",AR19)
A20: 月間予想 | B20: 景品名 | C20: ギャルキティケース | D20: =IF(D15="","",C20) -> ギャルキティケース | E20: =IF(E15="","",D20) -> ギャルキティケース | F20: =IF(F15="","",E20) -> ギャルキティケース | G20: =IF(G15="","",F20) -> ギャルキティケース | H20: =IF(H15="","",G20) -> ギャルキティケース | I20: =IF(I15="","",H20) -> ギャルキティケース | J20: =IF(J15="","",I20) -> ギャルキティケース | K20: =IF(K15="","",J20) -> ギャルキティケース | ... AS20: =IF(AS15="","",AR20)
A21: =AVERAGE(C22:AS22)*30*100 -> 46650 | B21: 設定
A22: =SUM(C22:AS22) -> 311 | B22: 百差 | C22: 0 | D22: =IF(D15="","",D15-C15) -> 0 | E22: =IF(E15="","",E15-D15) -> 62 | F22: =IF(F15="","",F15-E15) -> 0 | G22: =IF(G15="","",G15-F15) -> 0 | H22: =IF(H15="","",H15-G15) -> 65 | I22: =IF(I15="","",I15-H15) -> 0 | J22: =IF(J15="","",J15-I15) -> 0 | K22: =IF(K15="","",K15-J15) -> 0 | ... AS22: =IF(AS15="","",AS15-AR15)
A23: =SUM(C23:AS23) -> 5 | B23: P差 | C23: 0 | D23: =IF(D16="","",D16-C16) -> 0 | E23: =IF(E16="","",E16-D16) -> 1 | F23: =IF(F16="","",F16-E16) -> 0 | G23: =IF(G16="","",G16-F16) -> 0 | H23: =IF(H16="","",H16-G16) -> 0 | I23: =IF(I16="","",I16-H16) -> 0 | J23: =IF(J16="","",J16-I16) -> 0 | K23: =IF(K16="","",K16-J16) -> 0 | ... AS23: =IF(AS16="","",AS16-AR16)
A24: =SUM(C24:AS24) -> 5 | B24: 払出 | C24: 0 | D24: =IF(D17="","",C17+C18-D17) -> 0 | E24: =IF(E17="","",D17+D18-E17) -> 1 | F24: =IF(F17="","",E17+E18-F17) -> 0 | G24: =IF(G17="","",F17+F18-G17) -> 0 | H24: =IF(H17="","",G17+G18-H17) -> 0 | I24: =IF(I17="","",H17+H18-I17) -> 0 | J24: =IF(J17="","",I17+I18-J17) -> 0 | K24: =IF(K17="","",J17+J18-K17) -> 0 | ... AS24: =IF(AS17="","",AR17+AR18-AS17)
A25: =SUM(C25:AS25) -> 3750 | B25: 払出額 | C25: 0 | D25: =IF(D15="","",D24*D19) -> 0 | E25: =IF(E15="","",E24*E19) -> 750 | F25: =IF(F15="","",F24*F19) -> 0 | G25: =IF(G15="","",G24*G19) -> 0 | H25: =IF(H15="","",H24*H19) -> 0 | I25: =IF(I15="","",I24*I19) -> 0 | J25: =IF(J15="","",J24*J19) -> 0 | K25: =IF(K15="","",K24*K19) -> 0 | ... AS25: =IF(AS15="","",AS24*AS19)
A26: =IF(A25="","",A25/(A22*100)) -> 0.12057878 | B26: 原価率 | D26: =IF(D25="","",IF(D25=0,"",D25/(D22*100))) | E26: =IF(E25="","",IF(E25=0,"",E25/(E22*100))) -> 0.12096774 | F26: =IF(F25="","",IF(F25=0,"",F25/(F22*100))) | G26: =IF(G25="","",IF(G25=0,"",G25/(G22*100))) | H26: =IF(H25="","",IF(H25=0,"",H25/(H22*100))) | I26: =IF(I25="","",IF(I25=0,"",I25/(I22*100))) | J26: =IF(J25="","",IF(J25=0,"",J25/(J22*100))) | K26: =IF(K25="","",IF(K25=0,"",K25/(K22*100))) | ... AS26: =IF(AS25="","",IF(AS25=0,"",AS25/(AS22*100)))
A27: 川内 | B27: 100円 | C27: 36223 | D27: =IF(D$3="","",C27) -> 36223 | E27: 36260 | F27: =IF(F$3="","",E27) -> 36260 | G27: =IF(G$3="","",F27) -> 36260 | H27: 36332 | I27: =IF(I$3="","",H27) -> 36332 | J27: =IF(J$3="","",I27) -> 36332 | K27: =IF(K$3="","",J27) -> 36332 | L27: 36393 | M27: =IF(M$3="","",L27) -> 36393 | N27: =IF(N$3="","",M27) -> 36393 | O27: 36433 | P27: =IF(P$3="","",O27) -> 36433 | Q27: =IF(Q$3="","",P27) -> 36433 | R27: =IF(R$3="","",Q27) -> 36433 | S27: 36456 | T27: =IF(T$3="","",S27) -> 36456 | U27: =IF(U$3="","",T27) -> 36456 | V27: 36514 | W27: =IF(W$3="","",V27) | X27: =IF(X$3="","",W27) | Y27: =IF(Y$3="","",X27) | Z27: =IF(Z$3="","",Y27) | AA27: =IF(AA$3="","",Z27) | AB27: =IF(AB$3="","",AA27) | AC27: =IF(AC$3="","",AB27) | AD27: =IF(AD$3="","",AC27) | ... AS27: =IF(AS$3="","",AR27)
A28: BUZZ＃１ | B28: プライズ | C28: 1603 | D28: =IF(D$3="","",C28) -> 1603 | E28: 1611 | F28: =IF(F$3="","",E28) -> 1611 | G28: =IF(G$3="","",F28) -> 1611 | H28: 1624 | I28: =IF(I$3="","",H28) -> 1624 | J28: =IF(J$3="","",I28) -> 1624 | K28: =IF(K$3="","",J28) -> 1624 | L28: 1633 | M28: =IF(M$3="","",L28) -> 1633 | N28: =IF(N$3="","",M28) -> 1633 | O28: 1635 | P28: =IF(P$3="","",O28) -> 1635 | Q28: =IF(Q$3="","",P28) -> 1635 | R28: =IF(R$3="","",Q28) -> 1635 | S28: 1636 | T28: =IF(T$3="","",S28) -> 1636 | U28: =IF(U$3="","",T28) -> 1636 | V28: =IF(V$3="","",U28) -> 1636 | W28: =IF(W$3="","",V28) | X28: =IF(X$3="","",W28) | Y28: =IF(Y$3="","",X28) | Z28: =IF(Z$3="","",Y28) | AA28: =IF(AA$3="","",Z28) | ... AS28: =IF(AS$3="","",AR28)
A29: 3 | B29: 投入残 | C29: 18 | D29: =IF(D27="","",(C29+C30)) -> 18 | E29: =IF(E27="","",(D29+D30)) -> 18 | F29: =IF(F27="","",(E29+E30)) -> 33 | G29: =IF(G27="","",(F29+F30)) -> 33 | H29: 21 | I29: =IF(I27="","",(H29+H30)) -> 21 | J29: =IF(J27="","",(I29+I30)) -> 21 | K29: =IF(K27="","",(J29+J30)) -> 21 | L29: 12 | M29: =IF(M27="","",(L29+L30)) -> 26 | N29: =IF(N27="","",(M29+M30)) -> 26 | O29: 24 | P29: =IF(P27="","",(O29+O30)) -> 24 | Q29: =IF(Q27="","",(P29+P30)) -> 24 | R29: =IF(R27="","",(Q29+Q30)) -> 24 | S29: 23 | T29: =IF(T27="","",(S29+S30)) -> 23 | U29: =IF(U27="","",(T29+T30)) -> 23 | V29: =IF(V27="","",(U29+U30)) -> 23 | W29: =IF(W27="","",(V29+V30)) | X29: =IF(X27="","",(W29+W30)) | Y29: =IF(Y27="","",(X29+X30)) | Z29: =IF(Z27="","",(Y29+Y30)) | AA29: =IF(AA27="","",(Z29+Z30)) | ... AS29: =IF(AS27="","",(AR29+AR30))
B30: 補充 | E30: 15 | L30: 14
B31: 単価 | C31: 360 | D31: =IF(D27="","",C31) -> 360 | E31: =IF(E27="","",D31) -> 360 | F31: =IF(F27="","",E31) -> 360 | G31: =IF(G27="","",F31) -> 360 | H31: =IF(H27="","",G31) -> 360 | I31: =IF(I27="","",H31) -> 360 | J31: =IF(J27="","",I31) -> 360 | K31: =IF(K27="","",J31) -> 360 | ... AS31: =IF(AS27="","",AR31)
A32: 月間予想 | B32: 景品名 | C32: サンリオブレスレット | D32: =IF(D27="","",C32) -> サンリオブレスレット | E32: =IF(E27="","",D32) -> サンリオブレスレット | F32: =IF(F27="","",E32) -> サンリオブレスレット | G32: =IF(G27="","",F32) -> サンリオブレスレット | H32: =IF(H27="","",G32) -> サンリオブレスレット | I32: =IF(I27="","",H32) -> サンリオブレスレット | J32: =IF(J27="","",I32) -> サンリオブレスレット | K32: =IF(K27="","",J32) -> サンリオブレスレット | ... AS32: =IF(AS27="","",AR32)
A33: =AVERAGE(C34:AS34)*30*100 -> 43650 | B33: 設定
A34: =SUM(C34:AS34) -> 291 | B34: 百差 | C34: 0 | D34: =IF(D27="","",D27-C27) -> 0 | E34: =IF(E27="","",E27-D27) -> 37 | F34: =IF(F27="","",F27-E27) -> 0 | G34: =IF(G27="","",G27-F27) -> 0 | H34: =IF(H27="","",H27-G27) -> 72 | I34: =IF(I27="","",I27-H27) -> 0 | J34: =IF(J27="","",J27-I27) -> 0 | K34: =IF(K27="","",K27-J27) -> 0 | ... AS34: =IF(AS27="","",AS27-AR27)
A35: =SUM(C35:AS35) -> 33 | B35: P差 | C35: 0 | D35: =IF(D28="","",D28-C28) -> 0 | E35: =IF(E28="","",E28-D28) -> 8 | F35: =IF(F28="","",F28-E28) -> 0 | G35: =IF(G28="","",G28-F28) -> 0 | H35: =IF(H28="","",H28-G28) -> 13 | I35: =IF(I28="","",I28-H28) -> 0 | J35: =IF(J28="","",J28-I28) -> 0 | K35: =IF(K28="","",K28-J28) -> 0 | ... AS35: =IF(AS28="","",AS28-AR28)
A36: =SUM(C36:AS36) -> 24 | B36: 払出 | C36: 0 | D36: =IF(D29="","",C29+C30-D29) -> 0 | E36: =IF(E29="","",D29+D30-E29) -> 0 | F36: =IF(F29="","",E29+E30-F29) -> 0 | G36: =IF(G29="","",F29+F30-G29) -> 0 | H36: =IF(H29="","",G29+G30-H29) -> 12 | I36: =IF(I29="","",H29+H30-I29) -> 0 | J36: =IF(J29="","",I29+I30-J29) -> 0 | K36: =IF(K29="","",J29+J30-K29) -> 0 | ... AS36: =IF(AS29="","",AR29+AR30-AS29)
A37: =SUM(C37:AS37) -> 8640 | B37: 払出額 | C37: 0 | D37: =IF(D27="","",D36*D31) -> 0 | E37: =IF(E27="","",E36*E31) -> 0 | F37: =IF(F27="","",F36*F31) -> 0 | G37: =IF(G27="","",G36*G31) -> 0 | H37: =IF(H27="","",H36*H31) -> 4320 | I37: =IF(I27="","",I36*I31) -> 0 | J37: =IF(J27="","",J36*J31) -> 0 | K37: =IF(K27="","",K36*K31) -> 0 | ... AS37: =IF(AS27="","",AS36*AS31)
A38: =IF(A37="","",A37/(A34*100)) -> 0.29690722 | B38: 原価率 | D38: =IF(D37="","",IF(D37=0,"",D37/(D34*100))) | E38: =IF(E37="","",IF(E37=0,"",E37/(E34*100))) | F38: =IF(F37="","",IF(F37=0,"",F37/(F34*100))) | G38: =IF(G37="","",IF(G37=0,"",G37/(G34*100))) | H38: =IF(H37="","",IF(H37=0,"",H37/(H34*100))) -> 0.6 | I38: =IF(I37="","",IF(I37=0,"",I37/(I34*100))) | J38: =IF(J37="","",IF(J37=0,"",J37/(J34*100))) | K38: =IF(K37="","",IF(K37=0,"",K37/(K34*100))) | ... AS38: =IF(AS37="","",IF(AS37=0,"",AS37/(AS34*100)))
A39: 川内 | B39: 100円 | C39: 36409 | D39: =IF(D$3="","",C39) -> 36409 | E39: 36444 | F39: =IF(F$3="","",E39) -> 36444 | G39: =IF(G$3="","",F39) -> 36444 | H39: 36480 | I39: =IF(I$3="","",H39) -> 36480 | J39: =IF(J$3="","",I39) -> 36480 | K39: =IF(K$3="","",J39) -> 36480 | L39: 36526 | M39: =IF(M$3="","",L39) -> 36526 | N39: =IF(N$3="","",M39) -> 36526 | O39: 36577 | P39: =IF(P$3="","",O39) -> 36577 | Q39: =IF(Q$3="","",P39) -> 36577 | R39: =IF(R$3="","",Q39) -> 36577 | S39: 36623 | T39: =IF(T$3="","",S39) -> 36623 | U39: =IF(U$3="","",T39) -> 36623 | V39: 36650 | W39: =IF(W$3="","",V39) | X39: =IF(X$3="","",W39) | Y39: =IF(Y$3="","",X39) | Z39: =IF(Z$3="","",Y39) | AA39: =IF(AA$3="","",Z39) | AB39: =IF(AB$3="","",AA39) | AC39: =IF(AC$3="","",AB39) | AD39: =IF(AD$3="","",AC39) | ... AS39: =IF(AS$3="","",AR39)
A40: BUZZ＃１ | B40: プライズ | C40: 923 | D40: =IF(D$3="","",C40) -> 923 | E40: =IF(E$3="","",D40) -> 923 | F40: =IF(F$3="","",E40) -> 923 | G40: =IF(G$3="","",F40) -> 923 | H40: 925 | I40: =IF(I$3="","",H40) -> 925 | J40: =IF(J$3="","",I40) -> 925 | K40: =IF(K$3="","",J40) -> 925 | L40: =IF(L$3="","",K40) -> 925 | M40: =IF(M$3="","",L40) -> 925 | N40: =IF(N$3="","",M40) -> 925 | O40: =IF(O$3="","",N40) -> 925 | P40: =IF(P$3="","",O40) -> 925 | ... R40: =IF(R$3="","",Q40) -> 925 | S40: 926 | T40: =IF(T$3="","",S40) -> 926 | U40: =IF(U$3="","",T40) -> 926 | V40: =IF(V$3="","",U40) -> 926 | W40: =IF(W$3="","",V40) | X40: =IF(X$3="","",W40) | Y40: =IF(Y$3="","",X40) | Z40: =IF(Z$3="","",Y40) | AA40: =IF(AA$3="","",Z40) | ... AS40: =IF(AS$3="","",AR40)
A41: 4 | B41: 投入残 | C41: 5 | D41: =IF(D39="","",(C41+C42)) -> 5 | E41: =IF(E39="","",(D41+D42)) -> 5 | F41: =IF(F39="","",(E41+E42)) -> 5 | G41: =IF(G39="","",(F41+F42)) -> 5 | H41: =IF(H39="","",(G41+G42)) -> 5 | I41: =IF(I39="","",(H41+H42)) -> 5 | J41: =IF(J39="","",(I41+I42)) -> 5 | K41: =IF(K39="","",(J41+J42)) -> 5 | ... AS41: =IF(AS39="","",(AR41+AR42))
B42: 補充
B43: 単価 | C43: 300 | D43: =IF(D39="","",C43) -> 300 | E43: =IF(E39="","",D43) -> 300 | F43: =IF(F39="","",E43) -> 300 | G43: =IF(G39="","",F43) -> 300 | H43: =IF(H39="","",G43) -> 300 | I43: =IF(I39="","",H43) -> 300 | J43: =IF(J39="","",I43) -> 300 | K43: =IF(K39="","",J43) -> 300 | ... AS43: =IF(AS39="","",AR43)
A44: 月間予想 | B44: 景品名 | C44: ヤヤ バースデイ | D44: =IF(D39="","",C44) -> ヤヤ バースデイ | E44: =IF(E39="","",D44) -> ヤヤ バースデイ | F44: =IF(F39="","",E44) -> ヤヤ バースデイ | G44: =IF(G39="","",F44) -> ヤヤ バースデイ | H44: =IF(H39="","",G44) -> ヤヤ バースデイ | I44: =IF(I39="","",H44) -> ヤヤ バースデイ | J44: =IF(J39="","",I44) -> ヤヤ バースデイ | K44: =IF(K39="","",J44) -> ヤヤ バースデイ | ... AS44: =IF(AS39="","",AR44)
A45: =AVERAGE(C46:AS46)*30*100 -> 36150 | B45: 設定
A46: =SUM(C46:AS46) -> 241 | B46: 百差 | C46: 0 | D46: =IF(D39="","",D39-C39) -> 0 | E46: =IF(E39="","",E39-D39) -> 35 | F46: =IF(F39="","",F39-E39) -> 0 | G46: =IF(G39="","",G39-F39) -> 0 | H46: =IF(H39="","",H39-G39) -> 36 | I46: =IF(I39="","",I39-H39) -> 0 | J46: =IF(J39="","",J39-I39) -> 0 | K46: =IF(K39="","",K39-J39) -> 0 | ... AS46: =IF(AS39="","",AS39-AR39)
A47: =SUM(C47:AS47) -> 3 | B47: P差 | C47: 0 | D47: =IF(D40="","",D40-C40) -> 0 | E47: =IF(E40="","",E40-D40) -> 0 | F47: =IF(F40="","",F40-E40) -> 0 | G47: =IF(G40="","",G40-F40) -> 0 | H47: =IF(H40="","",H40-G40) -> 2 | I47: =IF(I40="","",I40-H40) -> 0 | J47: =IF(J40="","",J40-I40) -> 0 | K47: =IF(K40="","",K40-J40) -> 0 | ... AS47: =IF(AS40="","",AS40-AR40)
A48: =SUM(C48:AS48) -> 0 | B48: 払出 | C48: 0 | D48: =IF(D41="","",C41+C42-D41) -> 0 | E48: =IF(E41="","",D41+D42-E41) -> 0 | F48: =IF(F41="","",E41+E42-F41) -> 0 | G48: =IF(G41="","",F41+F42-G41) -> 0 | H48: =IF(H41="","",G41+G42-H41) -> 0 | I48: =IF(I41="","",H41+H42-I41) -> 0 | J48: =IF(J41="","",I41+I42-J41) -> 0 | K48: =IF(K41="","",J41+J42-K41) -> 0 | ... AS48: =IF(AS41="","",AR41+AR42-AS41)
A49: =SUM(C49:AS49) -> 0 | B49: 払出額 | C49: 0 | D49: =IF(D39="","",D48*D43) -> 0 | E49: =IF(E39="","",E48*E43) -> 0 | F49: =IF(F39="","",F48*F43) -> 0 | G49: =IF(G39="","",G48*G43) -> 0 | H49: =IF(H39="","",H48*H43) -> 0 | I49: =IF(I39="","",I48*I43) -> 0 | J49: =IF(J39="","",J48*J43) -> 0 | K49: =IF(K39="","",K48*K43) -> 0 | ... AS49: =IF(AS39="","",AS48*AS43)
A50: =IF(A49="","",A49/(A46*100)) -> 0 | B50: 原価率 | D50: =IF(D49="","",IF(D49=0,"",D49/(D46*100))) | E50: =IF(E49="","",IF(E49=0,"",E49/(E46*100))) | F50: =IF(F49="","",IF(F49=0,"",F49/(F46*100))) | G50: =IF(G49="","",IF(G49=0,"",G49/(G46*100))) | H50: =IF(H49="","",IF(H49=0,"",H49/(H46*100))) | I50: =IF(I49="","",IF(I49=0,"",I49/(I46*100))) | J50: =IF(J49="","",IF(J49=0,"",J49/(J46*100))) | K50: =IF(K49="","",IF(K49=0,"",K49/(K46*100))) | ... AS50: =IF(AS49="","",IF(AS49=0,"",AS49/(AS46*100)))
A51: 川内 | B51: 100円 | C51: 36552 | D51: =IF(D$3="","",C51) -> 36552 | E51: 36603 | F51: =IF(F$3="","",E51) -> 36603 | G51: =IF(G$3="","",F51) -> 36603 | H51: 36645 | I51: =IF(I$3="","",H51) -> 36645 | J51: =IF(J$3="","",I51) -> 36645 | K51: =IF(K$3="","",J51) -> 36645 | L51: 36729 | M51: =IF(M$3="","",L51) -> 36729 | N51: =IF(N$3="","",M51) -> 36729 | O51: 36779 | P51: =IF(P$3="","",O51) -> 36779 | Q51: =IF(Q$3="","",P51) -> 36779 | R51: =IF(R$3="","",Q51) -> 36779 | S51: 36842 | T51: =IF(T$3="","",S51) -> 36842 | U51: =IF(U$3="","",T51) -> 36842 | V51: 36975 | W51: =IF(W$3="","",V51) | X51: =IF(X$3="","",W51) | Y51: =IF(Y$3="","",X51) | Z51: =IF(Z$3="","",Y51) | AA51: =IF(AA$3="","",Z51) | AB51: =IF(AB$3="","",AA51) | AC51: =IF(AC$3="","",AB51) | AD51: =IF(AD$3="","",AC51) | ... AS51: =IF(AS$3="","",AR51)
