Workbook

Sheet 本田
A1: 46081
A2: 店舗 | B2: 機械名 | C2: 景品名 | D2: 単価 | E2: 在庫数 | H2: 金額
E3: 倉庫① | F3: 倉庫② | G3: 機械内
E4: =SUM(E5:E275) -> 0 | F4: =SUM(F5:F275) -> 0 | G4: =SUM(G5:G275) -> 1846 | H4: =SUM(H5:H275) -> 1800520
A5: 合志 | B5: ガチャコロ２ | C5: スイッチ2本体 | D5: 49980 | G5: 1 | H5: =D5*(E5+F5+G5) -> 49980
C6: スイッチ本体 | D6: 39800 | G6: 1 | H6: =D6*(E6+F6+G6) -> 39800
C7: instax | D7: 19800 | G7: 1 | H7: =D7*(E7+F7+G7) -> 19800
C8: fire11max | D8: 39800 | G8: 1 | H8: =D8*(E8+F8+G8) -> 39800
C9: NIKEスニーカー | D9: 20000 | G9: 1 | H9: =D9*(E9+F9+G9) -> 20000
C10: A景品 | D10: 1100 | G10: 4 | H10: =D10*(E10+F10+G10) -> 4400
H11: =D11*(E11+F11+G11) -> 0
C12: スイッチ本体 | D12: 39800 | G12: 1 | H12: =D12*(E12+F12+G12) -> 39800
C13: ポケモンカードBOX | D13: 5800 | G13: 6 | H13: =D13*(E13+F13+G13) -> 34800
C14: イーブイ | D14: 50000 | G14: 1 | H14: =D14*(E14+F14+G14) -> 50000
H15: =D15*(E15+F15+G15) -> 0
C16: カプセル2000 | D16: 450 | G16: 150 | H16: =D16*(E16+F16+G16) -> 67500
C17: カプセル2000ポケ | D17: 450 | G17: 150 | H17: =D17*(E17+F17+G17) -> 67500
H18: =D18*(E18+F18+G18) -> 0
H19: =D19*(E19+F19+G19) -> 0
H20: =D20*(E20+F20+G20) -> 0
B21: 500GATCHA | C21: ボンドロ | D21: 1500 | G21: 7 | H21: =D21*(E21+F21+G21) -> 10500
H22: =D22*(E22+F22+G22) -> 0
H23: =D23*(E23+F23+G23) -> 0
C24: A景品 | D24: 1100 | G24: 6 | H24: =D24*(E24+F24+G24) -> 6600
H25: =D25*(E25+F25+G25) -> 0
C26: カプセル500 | D26: 50 | G26: 200 | H26: =D26*(E26+F26+G26) -> 10000
H27: =D27*(E27+F27+G27) -> 0
B28: BUZZ | C28: サンリオキーケース | D28: 750 | G28: 4 | H28: =D28*(E28+F28+G28) -> 3000
C29: サンリオバンズクリップ | D29: 800 | G29: 5 | H29: =D29*(E29+F29+G29) -> 4000
C30: ラブブMC | D30: 400 | G30: 5 | H30: =D30*(E30+F30+G30) -> 2000
C31: 海外シール | D31: 200 | G31: 10 | H31: =D31*(E31+F31+G31) -> 2000
C32: モンチッチMC | D32: 800 | G32: 4 | H32: =D32*(E32+F32+G32) -> 3200
C33: ギャルキティMC | D33: 850 | G33: 7 | H33: =D33*(E33+F33+G33) -> 5950
C34: しば犬たまご | D34: 60 | G34: 9 | H34: =D34*(E34+F34+G34) -> 540
C35: たまごっちMC | D35: 820 | G35: 7 | H35: =D35*(E35+F35+G35) -> 5740
C36: ボンドロ | D36: 1500 | G36: 20 | H36: =D36*(E36+F36+G36) -> 30000
C37: じゃがりこ財布 | D37: 759 | G37: 20 | H37: =D37*(E37+F37+G37) -> 15180
C38: サンリオホワイト | D38: 450 | G38: 50 | H38: =D38*(E38+F38+G38) -> 22500
C39: ファー | D39: 84 | G39: 100 | H39: =D39*(E39+F39+G39) -> 8400
C40: ジョージKH | D40: 319 | G40: 10 | H40: =D40*(E40+F40+G40) -> 3190
... C44: AIモンスターMC | D44: 150 | G44: 40 | H44: =D44*(E44+F44+G44) -> 6000
H45: =D45*(E45+F45+G45) -> 0
H46: =D46*(E46+F46+G46) -> 0
A47: 菊陽 | B47: ガチャコロ２ | C47: PS5 | D47: 69800 | G47: 1 | H47: =D47*(E47+F47+G47) -> 69800
C48: ボンドロ | D48: 1500 | G48: 5 | H48: =D48*(E48+F48+G48) -> 7500
C49: シュプリームバッグ | D49: 12500 | G49: 1 | H49: =D49*(E49+F49+G49) -> 12500
C50: ゼンハイザーHP | D50: 12000 | G50: 1 | H50: =D50*(E50+F50+G50) -> 12000
C51: エアポッズPRO | D51: 24800 | G51: 1 | H51: =D51*(E51+F51+G51) -> 24800
C52: ブラウンシェーバー | D52: 19800 | G52: 1 | H52: =D52*(E52+F52+G52) -> 19800
C53: ポケカ | D53: 5500 | G53: 2 | H53: =D53*(E53+F53+G53) -> 11000
C54: スニーカー | D54: 25000 | G54: 3 | H54: =D54*(E54+F54+G54) -> 75000
C55: ラブブセット | D55: 20000 | G55: 1 | H55: =D55*(E55+F55+G55) -> 20000
C56: デロリアン | D56: 12000 | G56: 1 | H56: =D56*(E56+F56+G56) -> 12000
C57: A景品 | D57: 1100 | G57: 8 | H57: =D57*(E57+F57+G57) -> 8800
H58: =D58*(E58+F58+G58) -> 0
C59: カプセル2000 | D59: 450 | G59: 170 | H59: =D59*(E59+F59+G59) -> 76500
C60: カプセル2000 | D60: 450 | G60: 180 | H60: =D60*(E60+F60+G60) -> 81000
H61: =D61*(E61+F61+G61) -> 0
B62: buzz | C62: サンリオバンズクリップ | D62: 750 | G62: 4 | H62: =D62*(E62+F62+G62) -> 3000
C63: 忍者めし | D63: 500 | G63: 6 | H63: =D63*(E63+F63+G63) -> 3000
C64: 海外シール | D64: 500 | G64: 10 | H64: =D64*(E64+F64+G64) -> 5000
C65: ケーキSQ | D65: 500 | G65: 3 | H65: =D65*(E65+F65+G65) -> 1500
C66: スンスンポーチ | D66: 800 | G66: 6 | H66: =D66*(E66+F66+G66) -> 4800
C67: たまごっちMC | D67: 820 | G67: 9 | H67: =D67*(E67+F67+G67) -> 7380
H68: =D68*(E68+F68+G68) -> 0
A69: 下通 | B69: ガチャコロ２ | C69: PS5 | D69: 59800 | G69: 1 | H69: =D69*(E69+F69+G69) -> 59800
C70: エアポッズPRO | D70: 39800 | G70: 1 | H70: =D70*(E70+F70+G70) -> 39800
C71: applewatch | D71: 39800 | G71: 1 | H71: =D71*(E71+F71+G71) -> 39800
C72: リファセット | D72: 29800 | G72: 1 | H72: =D72*(E72+F72+G72) -> 29800
C73: METAQUEST | D73: 42500 | G73: 1 | H73: =D73*(E73+F73+G73) -> 42500
G75: 1 | H75: =D75*(E75+F75+G75) -> 0
C76: switchライト本体 | D76: 21000 | G76: 1 | H76: =D76*(E76+F76+G76) -> 21000
C77: ボンドロ | D77: 1500 | G77: 3 | H77: =D77*(E77+F77+G77) -> 4500
C78: A景品 | D78: 1050 | G78: 6 | H78: =D78*(E78+F78+G78) -> 6300
H79: =D79*(E79+F79+G79) -> 0
C80: カプセル2000 | D80: 450 | G80: 180 | H80: =D80*(E80+F80+G80) -> 81000
C81: カプセル1000 | D81: 150 | G81: 180 | H81: =D81*(E81+F81+G81) -> 27000
A82: 南熊本 | B82: ティアラ | H82: =D82*(E82+F82+G82) -> 0
C83: switchライト本体 | D83: 21000 | G83: 1 | H83: =D83*(E83+F83+G83) -> 21000
C84: FIRE10 | D84: 19800 | G84: 1 | H84: =D84*(E84+F84+G84) -> 19800
C85: ボンドロ | D85: 1500 | G85: 3 | H85: =D85*(E85+F85+G85) -> 4500
C86: エアポッズ | D86: 19800 | G86: 1 | H86: =D86*(E86+F86+G86) -> 19800
C87: A景品 | D87: 1050 | G87: 3 | H87: =D87*(E87+F87+G87) -> 3150
C89: ジャグラーフラッシュボタン | D89: 750 | G89: 5 | H89: =D89*(E89+F89+G89) -> 3750
C90: サンリオっキーケース | D90: 750 | G90: 4 | H90: =D90*(E90+F90+G90) -> 3000
C91: たまごっちMC | D91: 820 | G91: 8 | H91: =D91*(E91+F91+G91) -> 6560
C92: サンリオバンズクリップ | D92: 850 | G92: 5 | H92: =D92*(E92+F92+G92) -> 4250
C93: ラブブMC | D93: 400 | G93: 6 | H93: =D93*(E93+F93+G93) -> 2400
C94: NICI | D94: 500 | G94: 8 | H94: =D94*(E94+F94+G94) -> 4000
C95: ギャルキティMC | D95: 800 | G95: 4 | H95: =D95*(E95+F95+G95) -> 3200
... C98: ルララ | D98: 800 | G98: 8 | H98: =D98*(E98+F98+G98) -> 6400
A100: 本田 | B100: 車 | H100: =D100*(E100+F100+G100) -> 0
C101: エルメス | D101: 5480 | G101: 1 | H101: =D101*(E101+F101+G101) -> 5480
C102: shupreme | D102: 39800 | G102: 1 | H102: =D102*(E102+F102+G102) -> 39800
C103: instax | D103: 29800 | G103: 1 | H103: =D103*(E103+F103+G103) -> 29800
C104: FIREMAX11 | D104: 40000 | G104: 1 | H104: =D104*(E104+F104+G104) -> 40000
C105: REONPOCKET | D105: 19800 | G105: 1 | H105: =D105*(E105+F105+G105) -> 19800
C106: JBL CHARGE5 | D106: 18000 | G106: 1 | H106: =D106*(E106+F106+G106) -> 18000
C107: リファドライヤー | D107: 40000 | G107: 1 | H107: =D107*(E107+F107+G107) -> 40000
C108: switchlite | D108: 19800 | G108: 2 | H108: =D108*(E108+F108+G108) -> 39600
...

Sheet 吉井
A1: 46081
A2: 店舗 | B2: 機械名 | C2: 景品名 | D2: 単価 | E2: 在庫数 | H2: 金額
E3: 倉庫① | F3: 倉庫② | G3: 機械内
H4: =SUM(H5:H121) -> 2713894
A5: 鞍手 | B5: ガチャコロ2 | C5: A景品 | D5: 1050 | G5: 2 | H5: =D5*(E5+F5+G5) -> 2100
B6: ガチャコロ2 | C6: 1000円カプセル景品 | D6: 150 | G6: 142 | H6: =D6*(E6+F6+G6) -> 21300
B7: ガチャコロ2 | C7: 2000円カプセル景品 | D7: 450 | G7: 132 | H7: =D7*(E7+F7+G7) -> 59400
B8: ガチャコロ2 | C8: ｐｓ5デジタル | D8: 60000 | G8: 1 | H8: =D8*(E8+F8+G8) -> 60000
B9: ガチャコロ2 | C9: スイッチ本体 | D9: 38000 | G9: 1 | H9: =D9*(E9+F9+G9) -> 38000
B10: ガチャコロ2 | C10: リファシャワー | D10: 35000 | G10: 1 | H10: =D10*(E10+F10+G10) -> 35000
B11: ガチャコロ2 | C11: エアポッツ | D11: 35090 | G11: 1 | H11: =D11*(E11+F11+G11) -> 35090
B12: ガチャコロ2 | C12: ＮＩＫＥスニーカー | D12: 21600 | G12: 1 | H12: =D12*(E12+F12+G12) -> 21600
B13: ガチャコロ2 | C13: PSポータルリモート | D13: 31498 | G13: 1 | H13: =D13*(E13+F13+G13) -> 31498
B14: ガチャコロ2 | C14: ボンボンシール | D14: 3500 | G14: 4 | H14: =D14*(E14+F14+G14) -> 14000
B15: ガチャコロ2 | C15: ポケカプレ値 | D15: 12000 | G15: 3 | H15: =D15*(E15+F15+G15) -> 36000
B16: ガチャコロ2 | C16: ラブブ小 | D16: 2400 | G16: 3 | H16: =D16*(E16+F16+G16) -> 7200
B17: ガチャコロ2 | C17: スイッチライト本体 | D17: 21970 | G17: 1 | H17: =D17*(E17+F17+G17) -> 21970
... B19: ガチャコロ2 | C19: 加湿器 | D19: 5980 | G19: 1 | H19: =D19*(E19+F19+G19) -> 5980
H20: =D20*(E20+F20+G20) -> 0
A21: 宗像 | B21: ガチャコロ | C21: A景品 | D21: 1050 | G21: 10 | H21: =D21*(E21+F21+G21) -> 10500
B22: ガチャコロ | C22: 2000円カプセル景品 | D22: 450 | G22: 233 | H22: =D22*(E22+F22+G22) -> 104850
B23: ガチャコロ | C23: ｐｓ5デジタル | D23: 60000 | G23: 1 | H23: =D23*(E23+F23+G23) -> 60000
B24: ガチャコロ | C24: スイッチ本体 | D24: 38000 | G24: 1 | H24: =D24*(E24+F24+G24) -> 38000
B25: ガチャコロ | C25: PSポータルリモート | D25: 31498 | G25: 1 | H25: =D25*(E25+F25+G25) -> 31498
B26: ガチャコロ | C26: スイッチソフト | D26: 5600 | G26: 1 | H26: =D26*(E26+F26+G26) -> 5600
B27: ガチャコロ | C27: ボンボンシール | D27: 3500 | G27: 12 | H27: =D27*(E27+F27+G27) -> 42000
B28: ガチャコロ | C28: ポケカプレ値 | D28: 12000 | G28: 2 | H28: =D28*(E28+F28+G28) -> 24000
B29: ガチャコロ | C29: スイッチライト本体 | D29: 21970 | G29: 1 | H29: =D29*(E29+F29+G29) -> 21970
B30: ガチャコロ | C30: ラブブ小 | D30: 2400 | G30: 4 | H30: =D30*(E30+F30+G30) -> 9600
B31: ガチャコロ | C31: ラブブ | D31: 3500 | G31: 4 | H31: =D31*(E31+F31+G31) -> 14000
B32: 500GATCHA | C32: 500円カプセル景品 | D32: 100 | G32: 168 | H32: =D32*(E32+F32+G32) -> 16800
B33: 500GATCHA | C33: スイッチソフト | D33: 5600 | G33: 2 | H33: =D33*(E33+F33+G33) -> 11200
... B36: 500GATCHA | C36: A景品 | D36: 1050 | G36: 10 | H36: =D36*(E36+F36+G36) -> 10500
H37: =D37*(E37+F37+G37) -> 0
A38: 長府 | B38: 1000GATCHA | C38: 1000円カプセル景品 | D38: 150 | G38: 236 | H38: =D38*(E38+F38+G38) -> 35400
B39: 1000GATCHA | C39: A景品 | D39: 1050 | G39: 3 | H39: =D39*(E39+F39+G39) -> 3150
B40: 1000GATCHA | C40: スイッチライト本体 | D40: 21970 | G40: 1 | H40: =D40*(E40+F40+G40) -> 21970
B41: 1000GATCHA | C41: ボンボンシール | D41: 3500 | G41: 6 | H41: =D41*(E41+F41+G41) -> 21000
B42: 1000GATCHA | C42: ラブブ | D42: 4000 | G42: 2 | H42: =D42*(E42+F42+G42) -> 8000
B43: 1000GATCHA | C43: スイッチソフト | D43: 5600 | G43: 1 | H43: =D43*(E43+F43+G43) -> 5600
B44: 1000GATCHA | C44: ラブブ ミニ | D44: 2500 | G44: 3 | H44: =D44*(E44+F44+G44) -> 7500
A46: 魚町 | B46: ティアラ2000 | C46: A景品 | D46: 1050 | G46: 7 | H46: =D46*(E46+F46+G46) -> 7350
B47: ティアラ2000 | C47: 2000円カプセル景品 | D47: 450 | G47: 295 | H47: =D47*(E47+F47+G47) -> 132750
B48: ティアラ2000 | C48: スイッチ本体 | D48: 38000 | G48: 2 | H48: =D48*(E48+F48+G48) -> 76000
B49: ティアラ2000 | C49: アップルウォッチ | D49: 34800 | G49: 1 | H49: =D49*(E49+F49+G49) -> 34800
B50: ティアラ2000 | C50: エアポッツ | D50: 35090 | G50: 1 | H50: =D50*(E50+F50+G50) -> 35090
B51: ティアラ2000 | C51: スイッチソフト | D51: 5600 | G51: 2 | H51: =D51*(E51+F51+G51) -> 11200
B52: ティアラ2000 | C52: ボンボンシール | D52: 3500 | G52: 8 | H52: =D52*(E52+F52+G52) -> 28000
B53: ティアラ2000 | C53: ラブブ | D53: 4000 | G53: 5 | H53: =D53*(E53+F53+G53) -> 20000
B54: ティアラ2000 | C54: ラブブミニ | D54: 2500 | G54: 2 | H54: =D54*(E54+F54+G54) -> 5000
B55: ティアラ2000 | C55: 加湿器 | D55: 3300 | G55: 1 | H55: =D55*(E55+F55+G55) -> 3300
B56: ティアラ2000 | C56: ＮＩＫＥスニーカー | D56: 23000 | G56: 2 | H56: =D56*(E56+F56+G56) -> 46000
B57: ティアラ2000 | C57: スイッチライト本体 | D57: 21970 | G57: 2 | H57: =D57*(E57+F57+G57) -> 43940
B58: ティアラ2000 | C58: beat ヘッドホン | D58: 22320 | G58: 1 | H58: =D58*(E58+F58+G58) -> 22320
... B75: 1000GATCHA ポケモン | C75: ポケカBOX インフェルノ | D75: 13000 | G75: 1 | H75: =D75*(E75+F75+G75) -> 13000
H76: =D76*(E76+F76+G76) -> 0
A77: 宇部 | B77: ティアラ1000 | C77: A景品 | D77: 1050 | G77: 4 | H77: =D77*(E77+F77+G77) -> 4200
B78: ティアラ1000 | C78: 1000円カプセル景品 | D78: 150 | G78: 303 | H78: =D78*(E78+F78+G78) -> 45450
B79: ティアラ1000 | C79: スイッチライト本体 | D79: 21970 | G79: 1 | H79: =D79*(E79+F79+G79) -> 21970
B80: ティアラ1000 | C80: スイッチソフト | D80: 5600 | G80: 1 | H80: =D80*(E80+F80+G80) -> 5600
B81: ティアラ1000 | C81: ボンボンシール | D81: 3500 | G81: 2 | H81: =D81*(E81+F81+G81) -> 7000
B82: ティアラ1000 | C82: ラブブ | D82: 3500 | G82: 2 | H82: =D82*(E82+F82+G82) -> 7000
B83: ティアラ1000 | C83: ラブブ小 | D83: 2500 | G83: 2 | H83: =D83*(E83+F83+G83) -> 5000
B84: ティアラ1000 | C84: スピーカー | D84: 4980 | G84: 1 | H84: =D84*(E84+F84+G84) -> 4980
B85: 1000GATCHA 2000円 | C85: A景品 | D85: 1050 | G85: 5 | H85: =D85*(E85+F85+G85) -> 5250
B86: 1000GATCHA 2000円 | C86: 2000円カプセル景品 | D86: 450 | G86: 288 | H86: =D86*(E86+F86+G86) -> 129600
B87: 1000GATCHA 2000円 | C87: ラブブ | D87: 4000 | G87: 7 | H87: =D87*(E87+F87+G87) -> 28000
B88: 1000GATCHA 2000円 | C88: スイッチ本体 | D88: 38000 | G88: 1 | H88: =D88*(E88+F88+G88) -> 38000
B89: 1000GATCHA 2000円 | C89: エアポッツ | D89: 35090 | G89: 1 | H89: =D89*(E89+F89+G89) -> 35090
... B103: 1000GATCHA ポケモン | C103: ポケカBOX 大箱メガブレ | D103: 20000 | G103: 1 | H103: =D103*(E103+F103+G103) -> 20000
H104: =D104*(E104+F104+G104) -> 0
A105: 倉庫 | B105: 車載 | C105: A景品 | D105: 1050 | G105: 9 | H105: =D105*(E105+F105+G105) -> 9450
C106: 1000円カプセル景品 | D106: 150 | G106: 90 | H106: =D106*(E106+F106+G106) -> 13500
C107: 2000円カプセル景品 | D107: 450 | G107: 120 | H107: =D107*(E107+F107+G107) -> 54000
C108: 1000円ポケモンカプセル景品 | D108: 450 | G108: 60 | H108: =D108*(E108+F108+G108) -> 27000
C109: ポケカBOX | D109: 12000 | G109: 7 | H109: =D109*(E109+F109+G109) -> 84000
C110: チェキミニHM1 | D110: 20680 | G110: 1 | H110: =D110*(E110+F110+G110) -> 20680
C111: スイッチソフト | D111: 5600 | G111: 1 | H111: =D111*(E111+F111+G111) -> 5600
C112: ダイソン ドライヤー | D112: 34800 | G112: 1 | H112: =D112*(E112+F112+G112) -> 34800
C113: スイッチ本体 | D113: 38000 | G113: 2 | H113: =D113*(E113+F113+G113) -> 76000
C114: スイッチライト本体 | D114: 21970 | G114: 1 | H114: =D114*(E114+F114+G114) -> 21970
H115: =D115*(E115+F115+G115) -> 0
H116: =D116*(E116+F116+G116) -> 0
H117: =D117*(E117+F117+G117) -> 0
H118: =D118*(E118+F118+G118) -> 0
H119: =D119*(E119+F119+G119) -> 0
H120: =D120*(E120+F120+G120) -> 0

Sheet 中島
A1: 46053 | J1: 46081 | S1: 46112
A2: 店舗 | B2: 景品名 | C2: 機械名 | D2: 単価 | E2: 在庫数 | H2: 金額 | J2: 店舗 | K2: 景品名 | L2: 機械名 | M2: 単価 | N2: 在庫数 | Q2: 金額 | S2: 店舗 | T2: 景品名 | U2: 機械名 | V2: 単価 | W2: 在庫数 | Z2: 金額
E3: 手持ち | F3: 倉庫② | G3: 機械内 | N3: 手持ち | O3: 倉庫② | P3: 機械内 | W3: 手持ち | X3: 倉庫② | Y3: 機械内
H4: 952171 | Q4: =SUM(Q5:Q77) -> 1266633 | Z4: =SUM(Z5:Z70) -> 1137158
A5: 八女店 | B5: PS5 | C5: ガチャコロ（2000） | D5: 70000 | G5: 1 | H5: 70000 | J5: ドンキ八女店 | K5: PS5 | L5: ガチャコロ（2000） | M5: 70000 | P5: 1 | Q5: =(N5+O5+P5)*M5 -> 70000 | S5: ドンキ八女店 | T5: PS5 | U5: ガチャコロ（2000） | V5: 70000 | Y5: 1 | Z5: =(W5+X5+Y5)*V5 -> 70000
B6: DWリング | C6: ガチャコロ（2000） | D6: 10000 | G6: 0 | H6: 0 | K6: DWリング | L6: ガチャコロ（2000） | M6: 10000 | O6: 1 | Q6: =(N6+O6+P6)*M6 -> 10000 | T6: ニューモ | U6: ガチャコロ（2000） | V6: 7306 | Y6: 1 | Z6: =(W6+X6+Y6)*V6 -> 7306
B7: UGGブーツ | C7: ガチャコロ（2000） | D7: 20000 | F7: 1 | G7: 0 | H7: 20000 | K7: UGGブーツ | L7: ガチャコロ（2000） | M7: 20000 | Q7: =(N7+O7+P7)*M7 -> 0 | T7: アディダス中国限定トラックジャケット | U7: ガチャコロ（2000） | V7: 14000 | Y7: 1 | Z7: =(W7+X7+Y7)*V7 -> 14000
B8: ラブブBOX | C8: ガチャコロ（2000） | D8: 25000 | H8: 0 | K8: ラブブBOX | L8: ガチャコロ（2000） | M8: 25000 | P8: 1 | Q8: =(N8+O8+P8)*M8 -> 25000 | T8: サクセス | U8: ガチャコロ（2000） | V8: 5000 | Y8: 1 | Z8: =(W8+X8+Y8)*V8 -> 5000
B9: ポケカ（東北） | C9: ガチャコロ（2000） | D9: 25800 | G9: 1 | H9: 25800 | K9: ポケカ（東北） | L9: ガチャコロ（2000） | M9: 25800 | P9: 1 | Q9: =(N9+O9+P9)*M9 -> 25800 | T9: DISM 美顔器 | U9: ガチャコロ（2000） | V9: 30624 | Y9: 1 | Z9: =(W9+X9+Y9)*V9 -> 30624
B10: スイッチ本体 | C10: ガチャコロ（2000） | D10: 40000 | F10: 1 | H10: 40000 | K10: スイッチ本体 | L10: ガチャコロ（2000） | M10: 40000 | O10: 1 | Q10: =(N10+O10+P10)*M10 -> 40000 | T10: リファギフトセット | U10: ガチャコロ（2000） | V10: 9790 | Y10: 1 | Z10: =(W10+X10+Y10)*V10 -> 9790
B11: 2000円カプセル景品 | C11: ガチャコロ（2000） | D11: 450 | E11: 33 | G11: 200 | H11: 104850 | K11: 2000円カプセル景品 | L11: ガチャコロ（2000） | M11: 450 | N11: 33 | P11: 200 | Q11: =(N11+O11+P11)*M11 -> 104850 | T11: SK2 | U11: ガチャコロ（2000） | V11: 13970 | Y11: 1 | Z11: =(W11+X11+Y11)*V11 -> 13970
B12: スニーカー | C12: ガチャコロ（2000） | D12: 20000 | G12: 2 | H12: 40000 | K12: スニーカー | L12: ガチャコロ（2000） | M12: 20000 | O12: 1 | P12: 1 | Q12: =(N12+O12+P12)*M12 -> 40000 | T12: ラブブBOX | U12: ガチャコロ（2000） | V12: 25000 | Y12: 1 | Z12: =(W12+X12+Y12)*V12 -> 25000
B13: ポケカBOX | C13: ガチャコロ（2000） | D13: 10000 | H13: 0 | K13: スイッチ2 ソフト | L13: ガチャコロ（2000） | M13: 8000 | P13: 2 | Q13: =(N13+O13+P13)*M13 -> 16000 | T13: ポケカ（東北） | U13: ガチャコロ（2000） | V13: 25800 | Y13: 1 | Z13: =(W13+X13+Y13)*V13 -> 25800
B14: ナイキテックセット | C14: ガチャコロ（2000） | D14: 22000 | G14: 1 | H14: 22000 | K14: ナイキテックセット | L14: ガチャコロ（2000） | M14: 22000 | P14: 1 | Q14: =(N14+O14+P14)*M14 -> 22000 | T14: ディオールマキシマイザー | U14: ガチャコロ（2000） | V14: 4000 | Y14: 1 | Z14: =(W14+X14+Y14)*V14 -> 4000
B15: 9090リング | C15: ガチャコロ（2000） | D15: 4900 | G15: 1 | H15: 4900 | K15: 9090リング | L15: ガチャコロ（2000） | M15: 4900 | P15: 1 | Q15: =(N15+O15+P15)*M15 -> 4900 | T15: 2000円カプセル景品 | U15: ガチャコロ（2000） | V15: 450 | W15: 33 | Y15: 200 | Z15: =(W15+X15+Y15)*V15 -> 104850
B16: ラブブコーラBOX | C16: ガチャコロ（2000） | D16: 26989 | G16: 1 | H16: 26989 | K16: ラブブコーラBOX | L16: ガチャコロ（2000） | M16: 26989 | P16: 1 | Q16: =(N16+O16+P16)*M16 -> 26989 | T16: スニーカー | U16: ガチャコロ（2000） | V16: 20000 | X16: 1 | Y16: 1 | Z16: =(W16+X16+Y16)*V16 -> 40000
C17: ガチャコロ（1000） | D17: 11892 | H17: 0 | K17: ボンボンドロップシール | L17: ガチャコロ（2000） | M17: 2000 | P17: 4 | Q17: =(N17+O17+P17)*M17 -> 8000 | T17: スイッチ2 ソフト | U17: ガチャコロ（2000） | V17: 8000 | Y17: 2 | Z17: =(W17+X17+Y17)*V17 -> 16000
B18: ラブブ | C18: ガチャコロ（2000） | D18: 2500 | G18: 3 | H18: 7500 | K18: ラブブ | L18: ガチャコロ（2000） | M18: 2500 | P18: 3 | Q18: =(N18+O18+P18)*M18 -> 7500 | T18: ナイキテックセット | U18: ガチャコロ（2000） | V18: 22000 | Y18: 1 | Z18: =(W18+X18+Y18)*V18 -> 22000
B19: adidas グランドコートミュール | C19: ガチャコロ（2000） | D19: 16900 | G19: 1 | H19: 16900 | K19: たまごっち板チョコシール | L19: ガチャコロ（2000） | M19: 780 | P19: 3 | Q19: =(N19+O19+P19)*M19 -> 2340 | T19: 9090リング | U19: ガチャコロ（2000） | V19: 4900 | Y19: 1 | Z19: =(W19+X19+Y19)*V19 -> 4900
B20: スイッチコントローラー | C20: ガチャコロ（2000） | D20: 6000 | G20: 1 | H20: 6000 | K20: スイッチコントローラー | L20: ガチャコロ（2000） | M20: 6000 | P20: 0 | Q20: =(N20+O20+P20)*M20 -> 0 | T20: ボンボンドロップシール | U20: ガチャコロ（2000） | V20: 2000 | Y20: 4 | Z20: =(W20+X20+Y20)*V20 -> 8000
B21: スイッチソフト | C21: ガチャコロ（2000） | D21: 5000 | G21: 3 | H21: 15000 | K21: スイッチソフト | L21: ガチャコロ（2000） | M21: 5000 | P21: 0 | Q21: =(N21+O21+P21)*M21 -> 0 | T21: たまごっち板チョコシール | U21: ガチャコロ（2000） | V21: 780 | Y21: 3 | Z21: =(W21+X21+Y21)*V21 -> 2340
B22: A景品 | C22: ガチャコロ（2000） | D22: 1050 | G22: 9 | H22: 9450 | K22: A景品 | L22: ガチャコロ（2000） | M22: 1050 | P22: 9 | Q22: =(N22+O22+P22)*M22 -> 9450 | T22: A景品 | U22: ガチャコロ（2000） | V22: 1050 | Y22: 3 | Z22: =(W22+X22+Y22)*V22 -> 3150
B23: ２０００円カプセル景品 | C23: ガチャコロ（2000） | D23: 450 | G23: 200 | H23: 90000 | K23: ２０００円カプセル景品 | L23: ガチャコロ（2000） | M23: 450 | N23: 33 | P23: 200 | Q23: =(N23+O23+P23)*M23 -> 104850 | T23: ２０００円カプセル景品 | U23: ガチャコロ（2000） | V23: 450 | W23: 33 | Y23: 200 | Z23: =(W23+X23+Y23)*V23 -> 104850
B24: スイッチライト | C24: ガチャコロ（1000） | D24: 23000 | G24: 1 | H24: 23000 | K24: スイッチライト | L24: ガチャコロ（1000） | M24: 23000 | N24: 1 | P24: 1 | Q24: =(N24+O24+P24)*M24 -> 46000 | T24: スイッチライト | U24: ガチャコロ（1000） | V24: 23000 | W24: 1 | Y24: 1 | Z24: =(W24+X24+Y24)*V24 -> 46000
B25: スイッチソフト | C25: ガチャコロ（1000） | D25: 5000 | G25: 0 | H25: 0 | K25: スイッチソフト | L25: ガチャコロ（1000） | M25: 5000 | P25: 0 | Q25: =(N25+O25+P25)*M25 -> 0 | T25: 任天堂食器 | U25: ガチャコロ（1000） | V25: 3500 | Y25: 2 | Z25: =(W25+X25+Y25)*V25 -> 7000
B26: ポケカBOX | C26: ガチャコロ（1000） | D26: 8000 | G26: 2 | H26: 16000 | K26: ポケカBOX | L26: ガチャコロ（1000） | M26: 8000 | N26: 2 | P26: 2 | Q26: =(N26+O26+P26)*M26 -> 32000 | T26: ポケカBOX | U26: ガチャコロ（1000） | V26: 8000 | W26: 2 | Y26: 2 | Z26: =(W26+X26+Y26)*V26 -> 32000
B27: シール | C27: ガチャコロ（1000） | D27: 1500 | G27: 4 | H27: 6000 | K27: ボンボンドロップシール | L27: ガチャコロ（1000） | M27: 2000 | N27: 5 | P27: 2 | Q27: =(N27+O27+P27)*M27 -> 14000 | T27: ボンボンドロップシール | U27: ガチャコロ（1000） | V27: 2000 | W27: 3 | Y27: 4 | Z27: =(W27+X27+Y27)*V27 -> 14000
B28: ラブブ（イニシャル） | C28: ガチャコロ（1000） | D28: 1800 | G28: 3 | H28: 5400 | K28: ラブブ（イニシャル） | L28: ガチャコロ（1000） | M28: 1800 | P28: 3 | Q28: =(N28+O28+P28)*M28 -> 5400 | T28: ラブブ（イニシャル） | U28: ガチャコロ（1000） | V28: 1800 | Y28: 3 | Z28: =(W28+X28+Y28)*V28 -> 5400
B29: メロジョイスクイーズ | C29: ガチャコロ（1000） | D29: 6000 | G29: 1 | H29: 6000 | K29: メロジョイスクイーズ | L29: ガチャコロ（1000） | M29: 6000 | P29: 1 | Q29: =(N29+O29+P29)*M29 -> 6000 | T29: メロジョイスクイーズ | U29: ガチャコロ（1000） | V29: 6000 | Y29: 1 | Z29: =(W29+X29+Y29)*V29 -> 6000
B30: ラブブチェックメイト | C30: ガチャコロ（1000） | D30: 11892 | G30: 1 | H30: 11892 | K30: 1000円カプセル景品 | L30: ガチャコロ（1000） | M30: 150 | N30: 33 | P30: 200 | Q30: =(N30+O30+P30)*M30 -> 34950 | T30: 1000円カプセル景品 | U30: ガチャコロ（1000） | V30: 150 | W30: 33 | Y30: 200 | Z30: =(W30+X30+Y30)*V30 -> 34950
B31: クライベイビーパワーパフ | C31: ガチャコロ（1000） | D31: 2077 | H31: 0 | K31: プロテイン | L31: ガチャコロ（1000） | M31: 5000 | Q31: =(N31+O31+P31)*M31 -> 0 | T31: A景品 | U31: ガチャコロ（1000） | V31: 1050 | Y31: 6 | Z31: =(W31+X31+Y31)*V31 -> 6300
B32: スカルパンダ | C32: ガチャコロ（1000） | D32: 4383 | H32: 0 | K32: A景品 | L32: ガチャコロ（1000） | M32: 1050 | P32: 4 | Q32: =(N32+O32+P32)*M32 -> 4200 | S32: スポガ久留米 | T32: 1０００円カプセル景品 | U32: 1000GACHA | V32: 150 | Y32: 300 | Z32: =(W32+X32+Y32)*V32 -> 45000
C33: ガチャコロ（1000） | D33: 1100 | H33: 0 | K33: ニューモ | L33: ガチャコロ（1000） | M33: 7306 | O33: 1 | Q33: =(N33+O33+P33)*M33 -> 7306 | T33: スイッチライト | U33: 1000GACHA | V33: 20000 | Y33: 2 | Z33: =(W33+X33+Y33)*V33 -> 40000
B34: 1000円カプセル景品 | C34: ガチャコロ（1000） | D34: 150 | E34: 33 | G34: 200 | H34: 34950 | K34: アディダス中国限定トラックジャケット | L34: ガチャコロ（1000） | M34: 14000 | O34: 1 | Q34: =(N34+O34+P34)*M34 -> 14000 | T34: マリオ特大ぬいぐるみ | U34: 1000GACHA | V34: 7300 | Y34: 1 | Z34: =(W34+X34+Y34)*V34 -> 7300
B35: プロテイン | C35: ガチャコロ（1000） | D35: 5000 | H35: 0 | K35: サクセス | L35: ガチャコロ（1000） | M35: 5000 | O35: 1 | Q35: =(N35+O35+P35)*M35 -> 5000 | T35: スイッチ②ソフト | U35: 1000GACHA | V35: 7300 | Y35: 3 | Z35: =(W35+X35+Y35)*V35 -> 21900
B36: A景品 | C36: ガチャコロ（1000） | D36: 1050 | G36: 6 | H36: 6300 | K36: DISM 美顔器 | L36: ガチャコロ（1000） | M36: 30624 | N36: 1 | Q36: =(N36+O36+P36)*M36 -> 30624 | T36: 任天堂Tシャツ | U36: 1000GACHA | V36: 5500 | Y36: 1 | Z36: =(W36+X36+Y36)*V36 -> 5500
A37: 久留米 | B37: 1０００円カプセル景品 | C37: 1000GACHA | D37: 150 | G37: 300 | H37: 45000 | J37: スポガ久留米 | K37: 1０００円カプセル景品 | L37: 1000GACHA | M37: 150 | P37: 300 | Q37: =(N37+O37+P37)*M37 -> 45000 | T37: WBC応援グッズ | U37: 1000GACHA | V37: 6000 | Y37: 1 | Z37: =(W37+X37+Y37)*V37 -> 6000
B38: スイッチライト | C38: 1000GACHA | D38: 20000 | G38: 2 | H38: 40000 | K38: スイッチライト | L38: 1000GACHA | M38: 20000 | P38: 2 | Q38: =(N38+O38+P38)*M38 -> 40000 | T38: グッチキャップ | U38: 1000GACHA | V38: 9000 | Y38: 1 | Z38: =(W38+X38+Y38)*V38 -> 9000
B39: たまごっち | C39: 1000GACHA | D39: 6500 | G39: 1 | H39: 6500 | K39: たまごっち | L39: 1000GACHA | M39: 6500 | Q39: =(N39+O39+P39)*M39 -> 0 | T39: フランフランギフトセット | U39: 1000GACHA | V39: 4000 | Y39: 1 | Z39: =(W39+X39+Y39)*V39 -> 4000
B40: CHANEL | C40: 1000GACHA | D40: 6000 | G40: 1 | H40: 6000 | K40: CHANEL | L40: 1000GACHA | M40: 6000 | Q40: =(N40+O40+P40)*M40 -> 0 | T40: DIESEL財布 | U40: 1000GACHA | V40: 10000 | Y40: 1 | Z40: =(W40+X40+Y40)*V40 -> 10000
B41: ラブブBOX | C41: 1000GACHA | D41: 25000 | G41: 1 | H41: 25000 | K41: ラブブBOX | L41: 1000GACHA | M41: 25000 | P41: 1 | Q41: =(N41+O41+P41)*M41 -> 25000 | T41: スイッチソフト | U41: 1000GACHA | V41: 5000 | Y41: 2 | Z41: =(W41+X41+Y41)*V41 -> 10000
B42: スニーカー | C42: 1000GACHA | D42: 15000 | F42: 3 | H42: 45000 | K42: スニーカー | L42: 1000GACHA | M42: 15000 | Q42: =(N42+O42+P42)*M42 -> 0 | T42: DIESELアクセサリー | U42: 1000GACHA | V42: 7800 | Y42: 1 | Z42: =(W42+X42+Y42)*V42 -> 7800
B43: ラブブ | C43: 1000GACHA | D43: 3500 | G43: 3 | H43: 10500 | K43: ラブブ | L43: 1000GACHA | M43: 3500 | P43: 3 | Q43: =(N43+O43+P43)*M43 -> 10500 | T43: ボンボンドロップシール | U43: 1000GACHA | V43: 2000 | Y43: 2 | Z43: =(W43+X43+Y43)*V43 -> 4000
B44: リファ シャントリ | C44: 1000GACHA | D44: 5000 | G44: 1 | H44: 5000 | K44: リファ シャントリ | L44: 1000GACHA | M44: 5000 | P44: 1 | Q44: =(N44+O44+P44)*M44 -> 5000 | T44: ヒスミニ食器セット | U44: 1000GACHA | V44: 9900 | Y44: 1 | Z44: =(W44+X44+Y44)*V44 -> 9900
B45: リファ ブラシ | C45: 1000GACHA | D45: 3000 | G45: 1 | H45: 3000 | K45: リファ ブラシ | L45: 1000GACHA | M45: 3000 | P45: 1 | Q45: =(N45+O45+P45)*M45 -> 3000 | T45: adidas グランドコートミュール | U45: 1000GACHA | V45: 16900 | Y45: 1 | Z45: =(W45+X45+Y45)*V45 -> 16900
B46: コーチミニバック | C46: 1000GACHA | D46: 14850 | G46: 1 | H46: 14850 | K46: コーチミニバック | L46: 1000GACHA | M46: 14850 | P46: 1 | Q46: =(N46+O46+P46)*M46 -> 14850 | T46: A景品 | U46: 1000GACHA | V46: 1050 | Y46: 9 | Z46: =(W46+X46+Y46)*V46 -> 9450
B47: DIESEL財布 | C47: 1000GACHA | D47: 10000 | G47: 1 | H47: 10000 | K47: DIESEL財布 | L47: 1000GACHA | M47: 10000 | P47: 1 | Q47: =(N47+O47+P47)*M47 -> 10000 | T47: パック | U47: 500ガチャ | V47: 1500 | Y47: 1 | Z47: =(W47+X47+Y47)*V47 -> 1500
B48: スイッチソフト | C48: 1000GACHA | D48: 5000 | G48: 2 | H48: 10000 | K48: スイッチソフト | L48: 1000GACHA | M48: 5000 | P48: 2 | Q48: =(N48+O48+P48)*M48 -> 10000 | T48: シール | U48: 500ガチャ | V48: 2000 | Y48: 1 | Z48: =(W48+X48+Y48)*V48 -> 2000
B49: DIESELアクセサリー | C49: 1000GACHA | D49: 7800 | G49: 1 | H49: 7800 | K49: DIESELアクセサリー | L49: 1000GACHA | M49: 7800 | P49: 1 | Q49: =(N49+O49+P49)*M49 -> 7800 | T49: ラブブ | U49: 500ガチャ | V49: 1800 | Y49: 1 | Z49: =(W49+X49+Y49)*V49 -> 1800
B50: シール | C50: 1000GACHA | D50: 1500 | G50: 2 | H50: 3000 | K50: ボンボンドロップシール | L50: 1000GACHA | M50: 2000 | P50: 4 | Q50: =(N50+O50+P50)*M50 -> 8000 | T50: プロテイン＆シェイカー | U50: 500ガチャ | V50: 5500 | Y50: 1 | Z50: =(W50+X50+Y50)*V50 -> 5500
B51: HUF マフラー | C51: 1000GACHA | D51: 9000 | G51: 1 | H51: 9000 | K51: メロジョイスクイーズ | L51: 1000GACHA | M51: 5000 | P51: 1 | Q51: =(N51+O51+P51)*M51 -> 5000 | T51: スイッチソフト | U51: 500ガチャ | V51: 5000 | Y51: 1 | Z51: =(W51+X51+Y51)*V51 -> 5000
B52: ヒスミニ食器セット | C52: 1000GACHA | D52: 9900 | G52: 1 | H52: 9900 | K52: ヒスミニ食器セット | L52: 1000GACHA | M52: 9900 | P52: 1 | Q52: =(N52+O52+P52)*M52 -> 9900 | T52: A景品 | U52: 500ガチャ | V52: 1050 | Y52: 2 | Z52: =(W52+X52+Y52)*V52 -> 2100
B53: A景品 | C53: 1000GACHA | D53: 1050 | G53: 6 | H53: 6300 | K53: adidas グランドコートミュール | L53: 1000GACHA | M53: 16900 | P53: 1 | Q53: =(N53+O53+P53)*M53 -> 16900 | T53: 500円カプセル景品 | U53: 500ガチャ | V53: 50 | Y53: 250 | Z53: =(W53+X53+Y53)*V53 -> 12500
B54: ポケカBOX | C54: 500ガチャ | D54: 5000 | G54: 1 | H54: 5000 | K54: A景品 | L54: 1000GACHA | M54: 1050 | P54: 8 | Q54: =(N54+O54+P54)*M54 -> 8400 | T54: A景品 | U54: 必ず当たる1000ガチャ | V54: 1100 | Y54: 40 | Z54: =(W54+X54+Y54)*V54 -> 44000
B55: シール | C55: 500ガチャ | D55: 2000 | G55: 1 | H55: 2000 | K55: ポケカBOX | L55: 500ガチャ | M55: 5000 | P55: 1 | Q55: =(N55+O55+P55)*M55 -> 5000 | S55: ドンキ八女店 | T55: サンリオボアバンスクリップ | U55: BUZZクレ | V55: 1100 | Y55: 11 | Z55: =(W55+X55+Y55)*V55 -> 12100
B56: ラブブ | C56: 500ガチャ | D56: 4000 | G56: 1 | H56: 4000 | K56: シール | L56: 500ガチャ | M56: 2000 | P56: 1 | Q56: =(N56+O56+P56)*M56 -> 2000 | T56: たまごっちおかしなぼーろっち | U56: BUZZクレ | V56: 350 | W56: 8 | Y56: 12 | Z56: =(W56+X56+Y56)*V56 -> 7000
B57: A景品 | C57: 500ガチャ | D57: 1050 | G57: 6 | H57: 6300 | K57: ラブブ | L57: 500ガチャ | M57: 1800 | P57: 2 | Q57: =(N57+O57+P57)*M57 -> 3600 | T57: キラキラキティマルチケース | U57: BUZZクレ | V57: 800 | Y57: 11 | Z57: =(W57+X57+Y57)*V57 -> 8800
B58: 500円カプセル景品 | C58: 500ガチャ | D58: 50 | G58: 250 | H58: 12500 | K58: ネイルセット | L58: 500ガチャ | M58: 1800 | P58: 1 | Q58: =(N58+O58+P58)*M58 -> 1800 | T58: ぷくぷくシール | U58: BUZZクレ | V58: 130 | Y58: 29 | Z58: =(W58+X58+Y58)*V58 -> 3770
A59: 八女 | B59: サンリオボアバンスクリップ | D59: 1100 | E59: 20 | G59: 11 | H59: 34100 | K59: スイッチソフト | L59: 500ガチャ | M59: 5000 | P59: 1 | Q59: =(N59+O59+P59)*M59 -> 5000 | T59: たまごっちチョコブロックシール | U59: BUZZクレ | V59: 500 | W59: 10 | Y59: 9 | Z59: =(W59+X59+Y59)*V59 -> 9500
B60: サミュエル | D60: 780 | E60: 5 | G60: 8 | H60: 10140 | K60: A景品 | L60: 500ガチャ | M60: 1050 | P60: 2 | Q60: =(N60+O60+P60)*M60 -> 2100 | T60: バタースクイーズ | U60: BUZZクレ | V60: 350 | W60: 12 | Y60: 35 | Z60: =(W60+X60+Y60)*V60 -> 16450
B61: モンチッチMC スノー | D61: 650 | E61: 7 | G61: 12 | H61: 12350 | K61: 500円カプセル景品 | L61: 500ガチャ | M61: 50 | P61: 250 | Q61: =(N61+O61+P61)*M61 -> 12500 | T61: 肉球スクイーズ | U61: BUZZクレ | V61: 300 | Y61: 7 | Z61: =(W61+X61+Y61)*V61 -> 2100
B62: KTギャル③ポーチ | D62: 500 | E62: 15 | G62: 10 | H62: 12500 | J62: ドンキ八女店 | K62: サンリオボアバンスクリップ | L62: BUZZクレ | M62: 1100 | N62: 5 | P62: 11 | Q62: =(N62+O62+P62)*M62 -> 17600 | T62: ドーナツスクイーズ | U62: BUZZクレ | V62: 350 | Y62: 4 | Z62: =(W62+X62+Y62)*V62 -> 1400
B63: サンリオヒョウ柄KC | D63: 1100 | G63: 12 | H63: 13200 | K63: サミュエル | L63: BUZZクレ | M63: 780 | N63: 6 | P63: 5 | Q63: =(N63+O63+P63)*M63 -> 8580 | T63: PRO4 | U63: BUZZクレ | V63: 770 | W63: 5 | Y63: 15 | Z63: =(W63+X63+Y63)*V63 -> 15400
B64: キティミニフェイスポーチ | D64: 450 | E64: 15 | G64: 13 | H64: 12600 | K64: モンチッチMC スノー | L64: BUZZクレ | M64: 650 | N64: 7 | P64: 12 | Q64: =(N64+O64+P64)*M64 -> 12350 | T64: 忍者めし鎧 | U64: BUZZクレ | V64: 187 | Y64: 14 | Z64: =(W64+X64+Y64)*V64 -> 2618
B65: ラブブ風MC | D65: 400 | E65: 15 | G65: 38 | H65: 21200 | K65: KTギャル③ポーチ | L65: BUZZクレ | M65: 500 | N65: 6 | P65: 10 | Q65: =(N65+O65+P65)*M65 -> 8000 | T65: キティラインストーン | U65: BUZZクレ | V65: 400 | W65: 10 | Y65: 31 | Z65: =(W65+X65+Y65)*V65 -> 16400
B66: ラブブ風KH | D66: 400 | G66: 35 | H66: 14000 | K66: 忍者めし | L66: BUZZクレ | M66: 300 | N66: 16 | P66: 16 | Q66: =(N66+O66+P66)*M66 -> 9600 | T66: サンリオマスコットポーチ | U66: クリスタルクレーン | V66: 1100 | Y66: 29 | Z66: =(W66+X66+Y66)*V66 -> 31900
B67: 忍者グミ鎧 | D67: 250 | E67: 20 | G67: 22 | H67: 10500 | K67: サンリオミラー | L67: BUZZクレ | M67: 800 | N67: 20 | P67: 21 | Q67: =(N67+O67+P67)*M67 -> 32800 | T67: ボンドロ | U67: BUZZミニ | V67: 1500 | Y67: 20 | Z67: =(W67+X67+Y67)*V67 -> 30000
B68: キティヒョウ柄ウインドウ | D68: 880 | G68: 10 | H68: 8800 | K68: シール小分け | L68: BUZZクレ | M68: 500 | N68: 10 | Q68: =(N68+O68+P68)*M68 -> 5000 | T68: サンリオレインボーポーチ | U68: BUZZミニ | V68: 750 | Y68: 39 | Z68: =(W68+X68+Y68)*V68 -> 29250
B69: キティラインストーン | D69: 400 | G69: 29 | H69: 11600 | K69: たまごっちMC | L69: BUZZクレ | M69: 800 | N69: 10 | P69: 19 | Q69: =(N69+O69+P69)*M69 -> 23200 | T69: PUKUPUKUシール | U69: BUZZクレ | V69: 210 | Y69: 29 | Z69: =(W69+X69+Y69)*V69 -> 6090
B70: サンリオマスコットポーチヒョウ柄 | D70: 1100 | G70: 34 | H70: 37400 | K70: PRO4 | L70: BUZZクレ | M70: 770 | N70: 4 | P70: 16 | Q70: =(N70+O70+P70)*M70 -> 15400 | Z70: =(W70+X70+Y70)*V70 -> 0
B71: サミュエル干支 | D71: 1100 | E71: 20 | G71: 25 | H71: 49500 | K71: パステルケーキ | L71: BUZZクレ | M71: 187 | P71: 12 | Q71: =(N71+O71+P71)*M71 -> 2244
B72: サンリオヘアバンド | D72: 1100 | G72: 31 | H72: 34100 | K72: キティラインストーン | L72: BUZZクレ | M72: 400 | N72: 10 | P72: 34 | Q72: =(N72+O72+P72)*M72 -> 17600
H73: 0 | K73: サンリオマスコットポーチヒョウ柄 | L73: クリスタルクレーン | M73: 1100 | P73: 49 | Q73: =(N73+O73+P73)*M73 -> 53900
H74: 0 | K74: サミュエル干支 | L74: BUZZミニ | M74: 1100 | P74: 30 | Q74: =(N74+O74+P74)*M74 -> 33000
H75: 0 | K75: サンリオレインボーポーチ | L75: BUZZミニ | M75: 750 | P75: 50 | Q75: =(N75+O75+P75)*M75 -> 37500
H76: 0 | K76: バタースクイーズ | L76: BUZZクレ | M76: 350 | P76: 25 | Q76: =(N76+O76+P76)*M76 -> 8750
H77: 0 | K77: PUKUPUKUシール | L77: BUZZミニ | M77: 210 | P77: 60 | Q77: =(N77+O77+P77)*M77 -> 12600
B78: ヒスミニ食器セット | C78: 1000GACHA | D78: 9900 | E78: 0 | G78: 1 | H78: =D78*(E78+F78+G78) -> 9900
B79: A景品 | C79: 1000GACHA | D79: 1050 | E79: 10 | G79: 10 | H79: =D79*(E79+F79+G79) -> 21000
B80: ポケカBOX | C80: 500ガチャ | D80: 5000 | G80: 2 | H80: =D80*(E80+F80+G80) -> 10000
B81: ジルコスメ | C81: 500ガチャ | D81: 3000 | E81: 1 | G81: 0 | H81: =D81*(E81+F81+G81) -> 3000
B82: ポケカ③枚 | C82: 500ガチャ | D82: 1050 | G82: 2 | H82: =D82*(E82+F82+G82) -> 2100
B83: A景品 | C83: 500ガチャ | D83: 1050 | G83: 6 | H83: =D83*(E83+F83+G83) -> 6300
B84: 500円カプセル景品 | C84: 500ガチャ | D84: 50 | G84: 250 | H84: =D84*(E84+F84+G84) -> 12500
B85: サンリオカラビナファン | D85: 1100 | E85: 10 | G85: 14 | H85: =D85*(E85+F85+G85) -> 26400
B86: ギャルキティキーケース | D86: 605 | E86: 0 | G86: 19 | H86: =D86*(E86+F86+G86) -> 11495
B87: ヒョウ柄キティMC | D87: 996 | E87: 24 | G87: 22 | H87: =D87*(E87+F87+G87) -> 45816
B88: レインボーキティマスコットポーチ | D88: 880 | E88: 5 | G88: 7 | H88: =D88*(E88+F88+G88) -> 10560
B89: サンリオカラビナ付きぬいぐるみファスナー | D89: 1100 | E89: 0 | G89: 29 | H89: =D89*(E89+F89+G89) -> 31900
B90: サンリオボアミニポーチ | D90: 200 | E90: 9 | G90: 0 | H90: =D90*(E90+F90+G90) -> 1800
B91: ラブブ風MC | D91: 350 | E91: 12 | G91: 44 | H91: =D91*(E91+F91+G91) -> 19600
B92: 液晶ミニカメラ | D92: 1050 | E92: 5 | G92: 9 | H92: =D92*(E92+F92+G92) -> 14700
B93: モンチッチレトロMC | D93: 505 | E93: 0 | G93: 10 | H93: =D93*(E93+F93+G93) -> 5050
B94: クレーンゲームボタン | D94: 710 | E94: 0 | G94: 18 | H94: =D94*(E94+F94+G94) -> 12780
B95: トッポイヤホン | D95: 1050 | E95: 0 | G95: 10 | H95: =D95*(E95+F95+G95) -> 10500
B96: AIラバー | D96: 200 | E96: 130 | G96: 185 | H96: =D96*(E96+F96+G96) -> 63000
... B100: ルララ | D100: 715 | E100: 0 | G100: 12 | H100: =D100*(E100+F100+G100) -> 8580
E101: 0 | G101: 0 | H101: =D101*(E101+F101+G101) -> 0
E102: 0 | G102: 0 | H102: =D102*(E102+F102+G102) -> 0
E103: 0 | G103: 0 | H103: =D103*(E103+F103+G103) -> 0

Sheet 久留米 
A1: 46053 | J1: 46081 | S1: 46112
A2: 店舗 | B2: 景品名 | C2: 機械名 | D2: 単価 | E2: 在庫数 | H2: 金額 | J2: 店舗 | K2: 景品名 | L2: 機械名 | M2: 単価 | N2: 在庫数 | Q2: 金額 | S2: 店舗 | T2: 景品名 | U2: 機械名 | V2: 単価 | W2: 在庫数 | Z2: 金額
E3: 倉庫① | F3: 倉庫② | G3: 機械内 | N3: 倉庫① | O3: 倉庫② | P3: 機械内 | W3: 倉庫① | X3: 倉庫② | Y3: 機械内
H4: =SUM(H5:H208) -> 9461050 | Q4: =SUM(Q5:Q215) -> 7323379 | Z4: =SUM(Z5:Z198) -> 7703370
B5: モンチッチスノーLサイズぬいぐるみ | C5: デカクレα | D5: 1183 | F5: 10 | G5: 25 | H5: =(E5+F5+G5)*D5 -> 41405 | K5: クレヨンしんちゃん ふわふわクッションver7 | L5: デカクレ③ | M5: 1100 | O5: 9 | Q5: =(N5+O5+P5)*M5 -> 9900 | T5: ポケモンキラキラサンシャイン | U5: 100円ガチャ | V5: 120 | W5: 0 | X5: 0 | Y5: 56 | Z5: =(W5+X5+Y5)*V5 -> 6720
B6: クレヨンしんちゃん ふわふわクッションver7 | C6: デカクレ③ | D6: 1100 | F6: 10 | G6: 6 | H6: =(E6+F6+G6)*D6 -> 17600 | K6: クレヨンしんちゃん フランネルボアブランケット | L6: デカクレ③ | M6: 1100 | P6: 4 | Q6: =(N6+O6+P6)*M6 -> 4400 | T6: ﾎﾟｹピースミニクッションマスコット | U6: 100円ガチャ | V6: 180 | W6: 0 | X6: 7 | Y6: 0 | Z6: =(W6+X6+Y6)*V6 -> 1260
B7: クマぬいぐるみ他 | C7: クレナグラン | D7: 1050 | G7: 30 | H7: =(E7+F7+G7)*D7 -> 31500 | K7: クマぬいぐるみ他 | L7: クレナグラン | M7: 1050 | P7: 22 | Q7: =(N7+O7+P7)*M7 -> 23100 | T7: パックンチョ ディズニープリンセス | U7: 100円ガチャ | V7: 180 | W7: 0 | X7: 0 | Y7: 115 | Z7: =(W7+X7+Y7)*V7 -> 20700
B8: 神袋 | C8: キューブモール③ | D8: 400 | E8: 36 | G8: 107 | H8: =(E8+F8+G8)*D8 -> 57200 | K8: 神袋 | L8: キューブモール③ | M8: 400 | N8: 40 | P8: 99 | Q8: =(N8+O8+P8)*M8 -> 55600 | T8: 白くま | U8: 100円ガチャ | V8: 180 | W8: 0 | X8: 0 | Y8: 12 | Z8: =(W8+X8+Y8)*V8 -> 2160
B9: サンリオころふわ寝そべりクッション | C9: トリプルツイン① | D9: 858 | F9: 17 | G9: 30 | H9: =(E9+F9+G9)*D9 -> 40326 | K9: サンリオフランネルボアブランケット | L9: トリプルツイン① | M9: 1100 | P9: 14 | Q9: =(N9+O9+P9)*M9 -> 15400 | T9: カムカムレモン | U9: 100円ガチャ | V9: 240 | W9: 0 | X9: 39 | Y9: 0 | Z9: =(W9+X9+Y9)*V9 -> 9360
B10: ラブブ風ぬいぐるみ 30cm | C10: トリプルツイン② | D10: 2000 | G10: 11 | H10: =(E10+F10+G10)*D10 -> 22000 | K10: モンチッチスノーLサイズぬいぐるみ | L10: トリプルツイン② | M10: 1183 | P10: 10 | Q10: =(N10+O10+P10)*M10 -> 11830 | T10: 雪印（乳飲料とヨーグルト） | U10: 100円ガチャ | V10: 180 | W10: 0 | X10: 0 | Y10: 74 | Z10: =(W10+X10+Y10)*V10 -> 13320
B11: ベイビースリーにゃんにゃんふぇいすブラインドBOX | C11: ダイヤモンドクレーン①左 | D11: 1050 | F11: 276 | G11: 10 | H11: =(E11+F11+G11)*D11 -> 300300 | K11: サンリオぬいぐるみポシェットボアミニポーチ | L11: ダイヤモンドクレーン①左、BUZZミニ⑤ | M11: 700 | N11: 37 | P11: 76 | Q11: =(N11+O11+P11)*M11 -> 79100 | T11: ミンティアシャカシャカキーチェーン | U11: 100円ガチャ | V11: 180 | W11: 0 | X11: 0 | Y11: 18 | Z11: =(W11+X11+Y11)*V11 -> 3240
B12: マスカットのなみだ | C12: ダイヤモンドクレーン①右 | D12: 352 | E12: 40 | G12: 27 | H12: =(E12+F12+G12)*D12 -> 23584 | K12: ベイビースリーにゃんにゃんふぇいすブラインドBOX | L12: ダイヤモンドクレーン①右 | M12: 1050 | O12: 408 | P12: 13 | Q12: =(N12+O12+P12)*M12 -> 442050 | T12: ペヤングやきそばミニチュアチャーム | U12: 100円ガチャ | V12: 180 | W12: 0 | X12: 0 | Y12: 26 | Z12: =(W12+X12+Y12)*V12 -> 4680
B13: ぬいぐるみ5種 AI MONSTERS 22㎝～37㎝ | C13: ダイヤモンドクレーン②左 | D13: 495 | E13: 16 | G13: 57 | H13: =(E13+F13+G13)*D13 -> 36135 | K13: サンリオウィンドウチャームver2 | L13: ガチャクレ① | M13: 594 | N13: 159 | P13: 63 | Q13: =(N13+O13+P13)*M13 -> 131868 | T13: オタフクソースミニチュアチャーム | U13: 100円ガチャ | V13: 180 | W13: 0 | X13: 0 | Y13: 101 | Z13: =(W13+X13+Y13)*V13 -> 18180
B14: サンリオぬいぐるみポシェットボアミニポーチ | C14: ダイヤモンドクレーン②右、BUZZミニ⑤ | D14: 700 | E14: 76 | G14: 76 | H14: =(E14+F14+G14)*D14 -> 106400 | K14: YAYAブラインドBOX BIRTHDAY | L14: ガチャクレ②、トライデッキ右下 | M14: 638 | N14: 57 | O14: 472 | Q14: =(N14+O14+P14)*M14 -> 337502 | T14: JINROチャミスルミニチャーム | U14: 100円ガチャ | V14: 180 | W14: 0 | X14: 0 | Y14: 54 | Z14: =(W14+X14+Y14)*V14 -> 9720
B15: ふわにん | C15: クリスタル | D15: 854 | H15: =(E15+F15+G15)*D15 -> 0 | K15: ポケカ（安い物） | L15: ガチャクレ③ | M15: 250 | N15: 11 | Q15: =(N15+O15+P15)*M15 -> 2750 | T15: ハローキティぬいぐるみチャーム | U15: 100円ガチャ | V15: 240 | W15: 0 | X15: 54 | Y15: 103 | Z15: =(W15+X15+Y15)*V15 -> 37680
B16: サンリオウィンドウチャームver2 | C16: ガチャクレ① | D16: 594 | E16: 263 | G16: 94 | H16: =(E16+F16+G16)*D16 -> 212058 | K16: ポケカ（テラスタルフェス、１５１、Vユニ） | L16: ガチャクレ③、BUZZクレーン②-１、BUZZクレーン④-3 | M16: 1000 | P16: 128 | Q16: =(N16+O16+P16)*M16 -> 128000 | T16: ニップンオーマイBIGシリーズミニチュアチャーム | U16: 100円ガチャ | V16: 180 | W16: 0 | X16: 0 | Y16: 63 | Z16: =(W16+X16+Y16)*V16 -> 11340
B17: YAYAブラインドBOX BIRTHDAY | C17: ガチャクレ②、トライデッキ右下 | D17: 638 | F17: 80 | G17: 63 | H17: =(E17+F17+G17)*D17 -> 91234 | K17: 海外製シール | L17: BUZZミニ①、スイートランド５、トライデッキ左上 | M17: 130 | N17: 6 | P17: 52 | Q17: =(N17+O17+P17)*M17 -> 7540 | T17: ペット毛キーチェーン2 | U17: 100円ガチャ | V17: 240 | W17: 0 | X17: 0 | Y17: 0 | Z17: =(W17+X17+Y17)*V17 -> 0
B18: ポケカ（安い物） | C18: ガチャクレ③ | D18: 250 | E18: 11 | H18: =(E18+F18+G18)*D18 -> 2750 | K18: ボンボンドロップシール(正規品全種類） | L18: BUZZミニ② | M18: 2000 | P18: 10 | Q18: =(N18+O18+P18)*M18 -> 20000 | T18: Niconミニチュアカメラコレクション2 | U18: 100円ガチャ | V18: 300 | W18: 0 | X18: 0 | Y18: 0 | Z18: =(W18+X18+Y18)*V18 -> 0
B19: ポケカ（テラスタルフェス、１５１、Vユニ） | C19: ガチャクレ③、BUZZクレーン②-１ | D19: 1000 | E19: 175 | G19: 47 | H19: =(E19+F19+G19)*D19 -> 222000 | K19: サミュエル干支マスコット | L19: BUZZミニ③ | M19: 745 | N19: 48 | P19: 28 | Q19: =(N19+O19+P19)*M19 -> 56620 | T19: モンチッチ475ラバー前髪クリップ | U19: 100円ガチャ | V19: 240 | W19: 0 | X19: 0 | Y19: 8 | Z19: =(W19+X19+Y19)*V19 -> 1920
B20: イニシャルラブブ | C20: BUZZミニ①、BUZZ②-2、トライデッキ右上 | D20: 1800 | G20: 24 | H20: =(E20+F20+G20)*D20 -> 43200 | K20: 日本製シール | L20: BUZZミニ④ | M20: 1300 | P20: 10 | Q20: =(N20+O20+P20)*M20 -> 13000 | T20: 愛猫けだまポケット | U20: 100円ガチャ | V20: 240 | W20: 0 | X20: 24 | Y20: 0 | Z20: =(W20+X20+Y20)*V20 -> 5760
B21: ボンボンドロップシール | C21: BUZZミニ② | D21: 2000 | E21: 3 | G21: 9 | H21: =(E21+F21+G21)*D21 -> 24000 | K21: ラブブ | L21: BUZZミニ⑤、トライデッキ左下 | M21: 2500 | P21: 19 | Q21: =(N21+O21+P21)*M21 -> 47500 | T21: サンリオグッズアソート（シール入） | U21: 100円ガチャ | V21: 300 | W21: 40 | X21: 0 | Y21: 31 | Z21: =(W21+X21+Y21)*V21 -> 21300
B22: サミュエル干支マスコット | C22: BUZZミニ③ | D22: 745 | E22: 123 | G22: 26 | H22: =(E22+F22+G22)*D22 -> 111005 | K22: ゴールドモバイルバッテリー | L22: BUZZミニ⑥ | M22: 1100 | P22: 29 | Q22: =(N22+O22+P22)*M22 -> 31900 | T22: スンスン前髪クリップ | U22: 100円ガチャ | V22: 180 | W22: 0 | X22: 0 | Y22: 0 | Z22: =(W22+X22+Y22)*V22 -> 0
B23: 日本製シール | C23: BUZZミニ④ | D23: 1300 | G23: 6 | H23: =(E23+F23+G23)*D23 -> 7800 | K23: スンスンボアミラポーチ | L23: BUZZミニ⑦ | M23: 1100 | N23: 10 | P23: 15 | Q23: =(N23+O23+P23)*M23 -> 27500 | T23: うちの子けだまだま | U23: 100円ガチャ | V23: 240 | W23: 0 | X23: 0 | Y23: 15 | Z23: =(W23+X23+Y23)*V23 -> 3600
B24: ラブブ | C24: BUZZミニ⑤ | D24: 2500 | E24: 6 | G24: 12 | H24: =(E24+F24+G24)*D24 -> 45000 | K24: きゅるる | L24: リトルブルプリズム | M24: 687 | N24: 48 | P24: 45 | Q24: =(N24+O24+P24)*M24 -> 63891 | T24: サンリオミニサンダルキーホルダー | U24: 100円ガチャ | V24: 396 | W24: 0 | X24: 0 | Y24: 27 | Z24: =(W24+X24+Y24)*V24 -> 10692
B25: サミュエルラッキーラビット | C25: 倉庫① | D25: 745 | E25: 65 | H25: =(E25+F25+G25)*D25 -> 48425 | K25: 忍者グミ | L25: BUZZクレーン①-1 | M25: 500 | N25: 25 | P25: 17 | Q25: =(N25+O25+P25)*M25 -> 21000 | T25: サンリオPVCマスコット | U25: 100円ガチャ | V25: 398 | W25: 0 | X25: 0 | Y25: 19 | Z25: =(W25+X25+Y25)*V25 -> 7562
B26: 忍者グミ | C26: BUZZクレーン①-1 | D26: 500 | E26: 16 | G26: 25 | H26: =(E26+F26+G26)*D26 -> 20500 | K26: ピュレグミイヤホン | L26: BUZZクレーン①-2 | M26: 1100 | P26: 8 | Q26: =(N26+O26+P26)*M26 -> 8800 | T26: AIモンスターぬいぐるみMCKH | U26: 100円ガチャ | V26: 286 | W26: 0 | X26: 0 | Y26: 14 | Z26: =(W26+X26+Y26)*V26 -> 4004
B27: ピュレグミイヤホン | C27: BUZZクレーン①-2 | D27: 1100 | G27: 25 | H27: =(E27+F27+G27)*D27 -> 27500 | K27: サンリオボアバンスクリップ | L27: BUZZクレーン①-3 | M27: 700 | N27: 50 | P27: 12 | Q27: =(N27+O27+P27)*M27 -> 43400 | T27: トッポ | U27: 100円ガチャ | V27: 180 | W27: 0 | X27: 24 | Y27: 0 | Z27: =(W27+X27+Y27)*V27 -> 4320
B28: パペットスンスンボアバンスクリップ | C28: BUZZクレーン①-3 | D28: 1100 | H28: =(E28+F28+G28)*D28 -> 0 | K28: しばいぬたまごスクイーズ | L28: BUZZクレーン①-4、クレナマルチ②-3 | M28: 82 | N28: 92 | P28: 108 | Q28: =(N28+O28+P28)*M28 -> 16400 | T28: 雪印乳製品カマンベールチーズ | U28: 100円ガチャ | V28: 180 | W28: 0 | X28: 44 | Y28: 0 | Z28: =(W28+X28+Y28)*V28 -> 7920
B29: しばいぬたまごスクイーズ | C29: BUZZクレーン①-4、クレナマルチ②-3 | D29: 82 | E29: 360 | G29: 53 | H29: =(E29+F29+G29)*D29 -> 33866 | K29: イニシャルラブブ | L29: BUZZクレーン②-2、トライデッキ右上 | M29: 1800 | P29: 18 | Q29: =(N29+O29+P29)*M29 -> 32400 | T29: 花王ミニチュアチャーム | U29: 100円ガチャ | V29: 180 | W29: 0 | X29: 20 | Y29: 86 | Z29: =(W29+X29+Y29)*V29 -> 19080
B30: 金の玉 | C30: BUZZクレーン②-3 | D30: 121 | E30: 69 | G30: 154 | H30: =(E30+F30+G30)*D30 -> 26983 | K30: カピバラスクイーズ | L30: BUZZクレーン②-3 | M30: 78 | N30: 12 | P30: 44 | Q30: =(N30+O30+P30)*M30 -> 4368 | T30: 雪印ヨーグルトとデザート | U30: 100円ガチャ | V30: 180 | W30: 0 | X30: 29 | Y30: 0 | Z30: =(W30+X30+Y30)*V30 -> 5220
B31: ボンボンドロップシール小分け | C31: BUZZクレーン②-4、BUZZクレーン⑦-2 | D31: 300 | E31: 9 | G31: 4 | H31: =(E31+F31+G31)*D31 -> 3900 | K31: ボンボンドロップシール小分け | L31: BUZZクレーン②-4、BUZZクレーン⑦-2 | M31: 300 | P31: 18 | Q31: =(N31+O31+P31)*M31 -> 5400 | T31: リプトンミニチュアチャーム | U31: 100円ガチャ | V31: 180 | W31: 0 | X31: 34 | Y31: 0 | Z31: =(W31+X31+Y31)*V31 -> 6120
B32: サンリオ ラインストーンミニクッション | C32: BUZZクレーン④-1 | D32: 500 | E32: 148 | G32: 44 | H32: =(E32+F32+G32)*D32 -> 96000 | K32: pro4コントローラーワイヤレスイヤホン | L32: BUZZクレーン④-1 | M32: 773 | P32: 5 | Q32: =(N32+O32+P32)*M32 -> 3865 | T32: ピクミンゆらゆらフィギュア | U32: 100円ガチャ | V32: 120 | W32: 0 | X32: 0 | Y32: 0 | Z32: =(W32+X32+Y32)*V32 -> 0
B33: サンリオスマートキーケースギャル | C33: BUZZクレーン④-2、クレナマルチ①-2 | D33: 726 | E33: 70 | G33: 45 | H33: =(E33+F33+G33)*D33 -> 83490 | K33: サンリオスマートキーケースギャル | L33: BUZZクレーン④-2 | M33: 726 | N33: 48 | P33: 14 | Q33: =(N33+O33+P33)*M33 -> 45012 | T33: たべっこどうぶつマスコットチャーム | U33: 100円ガチャ | V33: 180 | W33: 0 | X33: 12 | Y33: 0 | Z33: =(W33+X33+Y33)*V33 -> 2160
B34: モンチッチスノーマスコット | C34: BUZZクレーン④-3 | D34: 605 | E34: 26 | G34: 12 | H34: =(E34+F34+G34)*D34 -> 22990 | K34: サンリオミニフェイスポーチギャル③ | L34: BUZZクレーン④-4 | M34: 825 | N34: 63 | P34: 17 | Q34: =(N34+O34+P34)*M34 -> 66000 | T34: エバラダブルチャームスイング | U34: 100円ガチャ | V34: 180 | W34: 0 | X34: 143 | Y34: 0 | Z34: =(W34+X34+Y34)*V34 -> 25740
B35: サンリオミニフェイスポーチギャル③ | C35: BUZZクレーン④-4 | D35: 825 | E35: 210 | G35: 21 | H35: =(E35+F35+G35)*D35 -> 190575 | K35: ブランドミニ香水 | L35: BUZZクレーン⑤-1 | M35: 1050 | N35: 16 | P35: 28 | Q35: =(N35+O35+P35)*M35 -> 46200 | T35: スプライトミニチュアチャーム | U35: 100円ガチャ | V35: 180 | W35: 0 | X35: 55 | Y35: 0 | Z35: =(W35+X35+Y35)*V35 -> 9900
B36: ブランドミニ香水 | C36: BUZZクレーン⑤-1 | D36: 1050 | E36: 10 | G36: 36 | H36: =(E36+F36+G36)*D36 -> 48300 | K36: ぶるりん | L36: BUZZクレーン⑤-2 | M36: 180 | P36: 73 | Q36: =(N36+O36+P36)*M36 -> 13140 | T36: コカコーラミニチュアチャーム | U36: 100円ガチャ | V36: 180 | W36: 0 | X36: 0 | Y36: 19 | Z36: =(W36+X36+Y36)*V36 -> 3420
B37: ぶるりん | C37: BUZZクレーン⑤-2 | D37: 180 | G37: 83 | H37: =(E37+F37+G37)*D37 -> 14940 | K37: 電ブルcuet | L37: BUZZクレーン⑤-2 | M37: 240 | P37: 51 | Q37: =(N37+O37+P37)*M37 -> 12240 | T37: ハリボーミニクッションマスコット | U37: 100円ガチャ | V37: 198 | W37: 0 | X37: 0 | Y37: 46 | Z37: =(W37+X37+Y37)*V37 -> 9108
B38: 電ブル | C38: BUZZクレーン⑤-2 | D38: 240 | E38: 78 | G38: 64 | H38: =(E38+F38+G38)*D38 -> 34080 | K38: にくまんスクイーズ | L38: BUZZクレーン⑤-3 | M38: 100 | N38: 14 | P38: 15 | Q38: =(N38+O38+P38)*M38 -> 2900 | T38: ノーベル製菓 シャカシャカミニチュアチャーム | U38: 100円ガチャ | V38: 198 | W38: 0 | X38: 0 | Y38: 40 | Z38: =(W38+X38+Y38)*V38 -> 7920
B39: ミニフェイスポーチ ふわふわケープ サンリオ | C39: BUZZクレーン⑤-3 | D39: 792 | E39: 69 | G39: 9 | H39: =(E39+F39+G39)*D39 -> 61776 | K39: ラブブ風マスコット | L39: BUZZクレーン⑤-4 | M39: 400 | P39: 22 | Q39: =(N39+O39+P39)*M39 -> 8800 | T39: NEW ERA | U39: 100円ガチャ | V39: 330 | W39: 0 | X39: 0 | Y39: 30 | Z39: =(W39+X39+Y39)*V39 -> 9900
B40: ラブブ風マスコット | C40: BUZZクレーン⑤-4 | D40: 400 | E40: 7 | G40: 34 | H40: =(E40+F40+G40)*D40 -> 16400 | K40: サンリオフローティングダブルミラー | L40: BUZZクレーン⑥-1 | M40: 600 | N40: 79 | P40: 15 | Q40: =(N40+O40+P40)*M40 -> 56400 | T40: miniMDリアルコレクション | U40: 100円ガチャ | V40: 198 | W40: 0 | X40: 1 | Y40: 39 | Z40: =(W40+X40+Y40)*V40 -> 7920
B41: Niciキーリング | C41: BUZZクレーン⑥-1 | D41: 620 | G41: 24 | H41: =(E41+F41+G41)*D41 -> 14880 | K41: Pro4ワイヤレスイヤホンメタリックゴールド | L41: BUZZクレーン④-1 | M41: 770 | N41: 45 | P41: 60 | Q41: =(N41+O41+P41)*M41 -> 80850 | T41: 推しの子ライトブレス | U41: 100円ガチャ | V41: 264 | W41: 0 | X41: 0 | Y41: 27 | Z41: =(W41+X41+Y41)*V41 -> 7128
B42: Pro4ワイヤレスイヤホンメタリックゴールド | C42: BUZZクレーン⑥-2 | D42: 770 | E42: 63 | G42: 50 | H42: =(E42+F42+G42)*D42 -> 87010 | K42: マリオカートDXアソート | L42: BUZZクレーン⑥-3 | M42: 352 | P42: 45 | Q42: =(N42+O42+P42)*M42 -> 15840 | T42: ポケモンラバーマスコット25 | U42: 100円ガチャ | V42: 180 | W42: 0 | X42: 42 | Y42: 0 | Z42: =(W42+X42+Y42)*V42 -> 7560
B43: マリオカートDXアソート | C43: BUZZクレーン⑥-3 | D43: 352 | G43: 64 | H43: =(E43+F43+G43)*D43 -> 22528 | K43: 高額ポケカ | L43: BUZZクレーン⑥-4 | M43: 1500 | N43: 3 | P43: 12 | Q43: =(N43+O43+P43)*M43 -> 22500 | T43: 忍者グミ | U43: BUZZクレーン①-1 | V43: 340 | W43: 10 | X43: 0 | Y43: 16 | Z43: =(W43+X43+Y43)*V43 -> 8840
B44: 高額ポケカ | C44: BUZZクレーン⑥-4 | D44: 1500 | E44: 6 | G44: 8 | H44: =(E44+F44+G44)*D44 -> 21000 | K44: スヌーピー寝そべりマスコット | L44: とれんだ①-1 | M44: 385 | P44: 40 | Q44: =(N44+O44+P44)*M44 -> 15400 | T44: ピュレグミイヤホン | U44: BUZZクレーン①-2 | V44: 1100 | W44: 7 | X44: 0 | Y44: 28 | Z44: =(W44+X44+Y44)*V44 -> 38500
B45: スヌーピー寝そべりマスコット | C45: とれんだ①-1 | D45: 385 | G45: 56 | H45: =(E45+F45+G45)*D45 -> 21560 | K45: ちいかわまんまるシリコンポーチ | L45: とれんだ①-1 | M45: 495 | N45: 23 | P45: 41 | Q45: =(N45+O45+P45)*M45 -> 31680 | T45: サンリオボアバンスクリップ | U45: BUZZクレーン①-3 | V45: 700 | W45: 36 | X45: 0 | Y45: 10 | Z45: =(W45+X45+Y45)*V45 -> 32200
B46: ちいかわまんまるシリコンポーチ | C46: とれんだ①-1 | D46: 495 | E46: 41 | G46: 34 | H46: =(E46+F46+G46)*D46 -> 37125 | K46: DNぷくぷくシール | L46: とれんだ①-2 | M46: 193 | N46: 373 | P46: 32 | Q46: =(N46+O46+P46)*M46 -> 78165 | T46: しばいぬたまごスクイーズ | U46: BUZZクレーン①-4、クレナマルチ②-3 | V46: 82 | W46: 0 | X46: 0 | Y46: 28 | Z46: =(W46+X46+Y46)*V46 -> 2296
B47: AIモンスターぬいぐるみMCKH | C47: とれんだ①-2 | D47: 286 | E47: 21 | G47: 25 | H47: =(E47+F47+G47)*D47 -> 13156 | K47: どこでも無限もぐらミニゲーム | L47: とれんだ①-3 | M47: 99 | P47: 94 | Q47: =(N47+O47+P47)*M47 -> 9306 | T47: イニシャルラブブ | U47: BUZZクレーン②-2、トライデッキ右上、BAZZミニ | V47: 1800 | W47: 0 | X47: 0 | Y47: 12 | Z47: =(W47+X47+Y47)*V47 -> 21600
B48: AIモンスタースクイーズ | C48: とれんだ①-2 | D48: 165 | G48: 78 | H48: =(E48+F48+G48)*D48 -> 12870 | K48: どうぶつのしっぽキーホルダー | L48: とれんだ①-3 | M48: 99 | N48: 14 | P48: 16 | T48: サンリオカラビナ付きミニファン | U48: BUZZクレーン②-3 | V48: 1100 | W48: 0 | X48: 0 | Y48: 10 | Z48: =(W48+X48+Y48)*V48 -> 11000
B49: どこでも無限もぐらミニゲーム | C49: とれんだ①-3 | D49: 99 | G49: 153 | H49: =(E49+F49+G49)*D49 -> 15147 | K49: ポケカ オリパ | L49: とれんだ①-4 | M49: 100 | N49: 121 | P49: 21 | Q49: =(N49+O49+P49)*M49 -> 14200 | T49: ボンボンドロップシール小分け（本物） | U49: BUZZクレーン②-4、BUZZクレーン⑦-2 | V49: 300 | W49: 0 | X49: 0 | Y49: 15 | Z49: =(W49+X49+Y49)*V49 -> 4500
B50: ポケカ オリパ | C50: とれんだ①-4 | D50: 100 | E50: 125 | G50: 82 | H50: =(E50+F50+G50)*D50 -> 20700 | K50: 放出品 | L50: とれんだ④-1 | M50: 100 | P50: 131 | Q50: =(N50+O50+P50)*M50 -> 13100 | T50: モンチッチスノーマスコット | U50: BUZZクレーン③-1 | V50: 605 | W50: 0 | X50: 0 | Y50: 4 | Z50: =(W50+X50+Y50)*V50 -> 2420
B51: すやすや海の生き物BC他 | C51: とれんだ④-1 | D51: 100 | G51: 153 | H51: =(E51+F51+G51)*D51 -> 15300 | K51: 菊池風磨 | L51: とれんだ④-2 | M51: 100 | P51: 33 | Q51: =(N51+O51+P51)*M51 -> 3300 | T51: キティ小銭入れ（日焼け） | U51: BUZZクレーン③-2 | V51: 861 | W51: 24 | X51: 0 | Y51: 17 | Z51: =(W51+X51+Y51)*V51 -> 35301
B52: 菊池風磨 | C52: とれんだ④-2 | D52: 100 | G52: 39 | H52: =(E52+F52+G52)*D52 -> 3900 | K52: サンリオミニマスコットホワイト | L52: とれんだ④-3 | M52: 660 | N52: 336 | P52: 65 | Q52: =(N52+O52+P52)*M52 -> 264660 | T52: ぷくっとアングリーフェイスKH | U52: BUZZクレーン③-3 | V52: 198 | W52: 89 | X52: 0 | Y52: 144 | Z52: =(W52+X52+Y52)*V52 -> 46134
B53: ピクセル風サングラス | C53: とれんだ④-3 | D53: 75 | G53: 101 | H53: =(E53+F53+G53)*D53 -> 7575 | K53: スティッチキーケース | L53: とれんだ④-4 | M53: 880 | P53: 111 | Q53: =(N53+O53+P53)*M53 -> 97680 | T53: 三小毛羊 | U53: BUZZクレーン③-4 | V53: 745 | W53: 11 | X53: 0 | Y53: 5 | Z53: =(W53+X53+Y53)*V53 -> 11920
B54: スティッチキーケース | C54: とれんだ④-4 | D54: 880 | E54: 30 | G54: 108 | H54: =(E54+F54+G54)*D54 -> 121440 | K54: 忍者めし鋼 6角BOX | L54: トライポット左 | M54: 226 | P54: 115 | Q54: =(N54+O54+P54)*M54 -> 25990 | T54: pro4コントローラーワイヤレスイヤホン | U54: BUZZクレーン④-1 | V54: 773 | W54: 53 | X54: 0 | Y54: 13 | Z54: =(W54+X54+Y54)*V54 -> 51018
B55: ポケモンスナック | C55: トライポット左 | D55: 120 | E55: 27 | H55: =(E55+F55+G55)*D55 -> 3240 | K55: チョコビ いちご味 | L55: トライポット右 | M55: 129 | N55: 108 | P55: 142 | Q55: =(N55+O55+P55)*M55 -> 32250 | T55: たまごっちマスコットキーホルダー | U55: BUZZクレーン④-2 | V55: 902 | W55: 0 | X55: 0 | Y55: 11 | Z55: =(W55+X55+Y55)*V55 -> 9922
B56: ペクチングミ | C56: トライポット左 | D56: 360 | E56: 85 | H56: =(E56+F56+G56)*D56 -> 30600 | K56: スイート景品（種類関係なく、ジャックポットも含め） | L56: スイートランド５ | M56: 300 | P56: 176 | Q56: =(N56+O56+P56)*M56 -> 52800 | T56: サンリオミニフェイスポーチギャル③ | U56: BUZZクレーン④-4 | V56: 825 | W56: 141 | X56: 0 | Y56: 14 | Z56: =(W56+X56+Y56)*V56 -> 127875
B57: チョコビ いちご味 | C57: トライポット右 | D57: 129 | E57: 138 | G57: 98 | H57: =(E57+F57+G57)*D57 -> 30444 | K57: トッポ ワイヤレスイヤホン | L57: BUZZクレーン⑦-1 | M57: 1100 | P57: 13 | Q57: =(N57+O57+P57)*M57 -> 14300 | T57: ブランドミニ香水 | U57: BUZZクレーン⑤-1 | V57: 1050 | W57: 0 | X57: 0 | Y57: 24 | Z57: =(W57+X57+Y57)*V57 -> 25200
B58: ピクミンゆらゆらフィギュア | C58: スイートランド５ | D58: 880 | G58: 142 | H58: =(E58+F58+G58)*D58 -> 124960 | K58: ブレスレット | L58: BUZZクレーン⑦-3 | M58: 48 | N58: 820 | P58: 15 | Q58: =(N58+O58+P58)*M58 -> 40080 | T58: ぶるりん | U58: BUZZクレーン⑤-2 | V58: 180 | W58: 0 | X58: 0 | Y58: 57 | Z58: =(W58+X58+Y58)*V58 -> 10260
B59: パペットスンスン前髪クリップ | C59: スイートランド５ | D59: 750 | G59: 16 | H59: =(E59+F59+G59)*D59 -> 12000 | K59: サンリオカラフルアイスドームキーホルダー | L59: BUZZクレーン⑦-3 | M59: 540 | P59: 54 | Q59: =(N59+O59+P59)*M59 -> 29160 | T59: 電ブルcuet | U59: BUZZクレーン⑤-2 | V59: 240 | W59: 0 | X59: 0 | Y59: 5 | Z59: =(W59+X59+Y59)*V59 -> 1200
B60: ルララサーカスぬいぐるみKH | C60: スイートランド５ | D60: 902 | H60: =(E60+F60+G60)*D60 -> 0 | K60: サンリオ指輪 | L60: BUZZクレーン⑦-3 | M60: 100 | N60: 37 | P60: 4 | Q60: =(N60+O60+P60)*M60 -> 4100 | T60: にくまんスクイーズ | U60: BUZZクレーン⑤-3 | V60: 100 | W60: 0 | X60: 0 | Y60: 2 | Z60: =(W60+X60+Y60)*V60 -> 200
B61: るらら | C61: スイートランド５ | D61: 715 | E61: 10 | G61: 3 | H61: =(E61+F61+G61)*D61 -> 9295 | K61: パステルケーキ | L61: BUZZクレーン⑦-4、BUZZクレーン⑧-4 | M61: 187 | N61: 21 | P61: 17 | Q61: =(N61+O61+P61)*M61 -> 7106 | T61: グミッツェルプチ | U61: BUZZクレーン⑤-4 | V61: 400 | W61: 41 | X61: 0 | Y61: 31 | Z61: =(W61+X61+Y61)*V61 -> 28800
B62: ルララカピバラぬいぐるみKH | C62: スイートランド５ | D62: 781 | E62: 82 | G62: 1 | H62: =(E62+F62+G62)*D62 -> 64823 | K62: バタースクイーズ | L62: クレナマルチ①-1 | M62: 240 | P62: 12 | Q62: =(N62+O62+P62)*M62 -> 2880 | T62: サンリオフローティングダブルミラー | U62: BUZZクレーン⑥-1 | V62: 600 | W62: 41 | X62: 0 | Y62: 17 | Z62: =(W62+X62+Y62)*V62 -> 34800
B63: 三小毛羊 | C63: スイートランド５、BUZZクレーン③-4 | D63: 745 | E63: 48 | G63: 9 | H63: =(E63+F63+G63)*D63 -> 42465 | K63: キティシリコンがま口 | L63: クレナマルチ①-2 | M63: 600 | N63: 11 | P63: 12 | Q63: =(N63+O63+P63)*M63 -> 13800 | T63: Pro4ワイヤレスイヤホンメタリックゴールド | U63: BUZZクレーン⑥-2 | V63: 770 | W63: 39 | X63: 0 | Y63: 59 | Z63: =(W63+X63+Y63)*V63 -> 75460
B64: トッポ ワイヤレスイヤホン | C64: BUZZクレーン⑦-1 | D64: 1100 | G64: 22 | H64: =(E64+F64+G64)*D64 -> 24200 | K64: 海外小分けシール | L64: クレナマルチ①-3 | M64: 100 | N64: 65 | P64: 25 | Q64: =(N64+O64+P64)*M64 -> 9000 | T64: マリオカートDXアソート | U64: BUZZクレーン⑥-3 | V64: 352 | W64: 0 | X64: 0 | Y64: 39 | Z64: =(W64+X64+Y64)*V64 -> 13728
B65: ブレスレット | C65: BUZZクレーン⑦-3 | D65: 48 | G65: 70 | H65: =(E65+F65+G65)*D65 -> 3360 | K65: たまごっち小分けシール | L65: クレナマルチ①-4 | M65: 100 | P65: 22 | Q65: =(N65+O65+P65)*M65 -> 2200 | T65: 高額ポケカ | U65: BUZZクレーン⑥-4 | V65: 1500 | W65: 3 | X65: 0 | Y65: 7 | Z65: =(W65+X65+Y65)*V65 -> 15000
B66: サンリオカラフルアイスドームキーホルダー | C66: BUZZクレーン⑦-3 | D66: 540 | G66: 73 | H66: =(E66+F66+G66)*D66 -> 39420 | K66: ラブブ風マスコット １６ｃｍ | L66: クレナマルチ②-1 | M66: 500 | N66: 54 | P66: 9 | Q66: =(N66+O66+P66)*M66 -> 31500 | T66: 北斗の拳サウンドフラッシュボタンミニ | U66: BUZZクレーン⑦-1 | V66: 880 | W66: 50 | X66: 0 | Y66: 19 | Z66: =(W66+X66+Y66)*V66 -> 60720
B67: サンリオ指輪 | C67: BUZZクレーン⑦-3 | D67: 100 | G67: 7 | H67: =(E67+F67+G67)*D67 -> 700 | K67: サンリオヘアピン | L67: クレナマルチ②-2 | M67: 1050 | P67: 48 | Q67: =(N67+O67+P67)*M67 -> 50400 | T67: サンリオ ラインストーンミニクッション | U67: BUZZクレーン⑦-3 | V67: 500 | W67: 41 | X67: 0 | Y67: 10 | Z67: =(W67+X67+Y67)*V67 -> 25500
B68: AI MONSTERS 立体ラバー | C68: BUZZクレーン⑦-4、クレナマルチ②-4 | D68: 198 | E68: 331 | G68: 104 | H68: =(E68+F68+G68)*D68 -> 86130 | K68: たまごっちマスコットキーホルダー | L68: クレナマルチ②-4 | M68: 902 | N68: 8 | P68: 12 | Q68: =(N68+O68+P68)*M68 -> 18040 | T68: ブレスレット | U68: BUZZクレーン⑦-3 | V68: 48 | W68: 121 | X68: 0 | Y68: 104 | Z68: =(W68+X68+Y68)*V68 -> 10800
B69: 北斗の拳サウンドフラッシュボタン2種 | C69: クレナマルチ①-1 | D69: 1100 | E69: 94 | G69: 15 | H69: =(E69+F69+G69)*D69 -> 119900 | K69: 北斗の拳サウンドフラッシュボタンミニ | L69: BUZZクレーン③-1 | M69: 880 | N69: 295 | P69: 16 | Q69: =(N69+O69+P69)*M69 -> 273680 | T69: サンリオチャーム付きスイーツBC.Ver1 | U69: BUZZクレーン⑦-4 | V69: 418 | W69: 133 | X69: 0 | Y69: 87 | Z69: =(W69+X69+Y69)*V69 -> 91960
C70: クレナマルチ①-3 | G70: 20 | H70: =(E70+F70+G70)*D70 -> 0 | K70: Reゼロぴんぐるみ | L70: BUZZクレーン③-2 | M70: 800 | N70: 20 | Q70: =(N70+O70+P70)*M70 -> 16000 | T70: モンチッチスマートマルチケース | U70: BUZZクレーン⑧-1 | V70: 825 | W70: 54 | X70: 0 | Y70: 17 | Z70: =(W70+X70+Y70)*V70 -> 58575
B71: ラブブ風キーホルダー | C71: クレナマルチ①-4 | D71: 880 | E71: 8 | G71: 47 | H71: =(E71+F71+G71)*D71 -> 48400 | K71: ぷくっとアングリーフェイスKH | L71: BUZZクレーン③-3 | M71: 198 | N71: 50 | Q71: =(N71+O71+P71)*M71 -> 9900 | T71: ジャグラーサウンドフラッシュボタンmini5 | U71: BUZZクレーン⑧-2 | V71: 748 | W71: 90 | X71: 0 | Y71: 64 | Z71: =(W71+X71+Y71)*V71 -> 115192
B72: ラブブ風マスコット １６ｃｍ | C72: クレナマルチ②-1 | D72: 500 | E72: 34 | G72: 47 | H72: =(E72+F72+G72)*D72 -> 40500 | K72: 三小毛羊 | L72: BUZZクレーン③-4 | M72: 745 | N72: 18 | P72: 4 | Q72: =(N72+O72+P72)*M72 -> 16390 | T72: パステルケーキ | U72: BUZZクレーン⑧-4 | V72: 187 | W72: 0 | X72: 0 | Y72: 5 | Z72: =(W72+X72+Y72)*V72 -> 935
B73: サンリオヘアピン | C73: クレナマルチ②-2 | D73: 1050 | E73: 33 | G73: 55 | H73: =(E73+F73+G73)*D73 -> 92400 | K73: モンチッチスマートマルチケース | L73: BUZZクレーン⑧-1 | M73: 825 | N73: 13 | Q73: =(N73+O73+P73)*M73 -> 10725 | T73: ミニマスコット ギャル③ | U73: BUZZツイン① | V73: 638 | W73: 0 | X73: 0 | Y73: 81 | Z73: =(W73+X73+Y73)*V73 -> 51678
B74: サンリオボアバンスクリップ | C74: BUZZクレーン③-1 | D74: 700 | G74: 12 | H74: =(E74+F74+G74)*D74 -> 8400 | K74: ジャグラーサウンドフラッシュボタンmini5 | L74: BUZZクレーン⑧-2 | M74: 748 | N74: 102 | Q74: =(N74+O74+P74)*M74 -> 76296 | T74: マスコットポーチ ギャル③ | U74: BUZZツイン③ | V74: 935 | W74: 129 | X74: 0 | Y74: 3 | Z74: =(W74+X74+Y74)*V74 -> 123420
B75: 液晶付きミニデジタルカメラmuse | C75: BUZZクレーン③-2 | D75: 1082 | G75: 12 | H75: =(E75+F75+G75)*D75 -> 12984 | K75: サンリオ ラインストーンミニクッション | L75: BUZZクレーン⑧-3 | M75: 500 | N75: 39 | Q75: =(N75+O75+P75)*M75 -> 19500 | T75: メロクロマスコットポーチ | U75: BUZZツイン③ | V75: 1050 | W75: 13 | X75: 0 | Y75: 3 | Z75: =(W75+X75+Y75)*V75 -> 16800
B76: ぷくっとアングリーフェイスKH | C76: BUZZクレーン③-3 | D76: 198 | E76: 35 | G76: 137 | H76: =(E76+F76+G76)*D76 -> 34056 | K76: たまごっちチョコブロックシール | L76: トライデッキ右下 | M76: 560 | P76: 25 | Q76: =(N76+O76+P76)*M76 -> 14000 | T76: サンリオマスコットポーチギャル | U76: BUZZツイン③ | V76: 880 | W76: 73 | X76: 0 | Y76: 11 | Z76: =(W76+X76+Y76)*V76 -> 73920
B77: モンチッチスマートマルチケース | C77: BUZZクレーン⑧-1 | D77: 825 | E77: 288 | G77: 11 | H77: =(E77+F77+G77)*D77 -> 246675 | K77: ミニマスコット ギャル③ | L77: BUZZツイン① | M77: 638 | N77: 19 | Q77: =(N77+O77+P77)*M77 -> 12122 | T77: サンリオマスコットポーチアニマル | U77: BUZZツイン③ | V77: 1100 | W77: 179 | X77: 0 | Y77: 11 | Z77: =(W77+X77+Y77)*V77 -> 209000
B78: ジャグラーサウンドフラッシュボタンmini5 | C78: BUZZクレーン⑧-2 | D78: 748 | E78: 308 | G78: 51 | H78: =(E78+F78+G78)*D78 -> 268532 | K78: アンパンマンMC | L78: BUZZツイン② | M78: 682 | P78: 20 | Q78: =(N78+O78+P78)*M78 -> 13640 | T78: スティッチスカーフ付きポーチ | U78: BUZZツイン④ | V78: 630 | W78: 164 | X78: 0 | Y78: 65 | Z78: =(W78+X78+Y78)*V78 -> 144270
B79: サンリオミニフェイスポーチ ヒョウ柄 | C79: BUZZクレーン⑧-3 | D79: 792 | G79: 9 | H79: =(E79+F79+G79)*D79 -> 7128 | K79: ターボババア招き猫がいっぱいマスコット | L79: BUZZツイン② | M79: 546 | P79: 20 | Q79: =(N79+O79+P79)*M79 -> 10920 | T79: スカーフ付チャームリュック（種類関係ない） | U79: BUZZツイン④ | V79: 627 | W79: 69 | X79: 0 | Y79: 50 | Z79: =(W79+X79+Y79)*V79 -> 74613
B80: キャリーケース詰め合わせ | C80: 倉庫① | D80: 1100 | G80: 9 | H80: =(E80+F80+G80)*D80 -> 9900 | K80: マスコットポーチ ギャル③ | L80: BUZZツイン③ | M80: 935 | N80: 106 | P80: 7 | Q80: =(N80+O80+P80)*M80 -> 105655 | T80: イニシャルラブブ | U80: BUZZミニ① | V80: 1800 | W80: 0 | X80: 0 | Y80: 10 | Z80: =(W80+X80+Y80)*V80 -> 18000
B81: ミニマスコット ギャル③ | C81: BUZZツイン② | D81: 638 | G81: 82 | H81: =(E81+F81+G81)*D81 -> 52316 | K81: メロクロマスコットポーチ | L81: BUZZツイン③ | M81: 1050 | N81: 20 | P81: 9 | Q81: =(N81+O81+P81)*M81 -> 30450 | T81: ボンボンドロップシール(正規品全種類） | U81: BUZZミニ② | V81: 2000 | W81: 6 | X81: 0 | Y81: 7 | Z81: =(W81+X81+Y81)*V81 -> 26000
B82: アンパンマンMC | C82: BUZZツイン② | D82: 682 | G82: 22 | H82: =(E82+F82+G82)*D82 -> 15004 | K82: サンリオマスコットポーチギャル | L82: BUZZツイン③ | M82: 880 | N82: 84 | P82: 9 | Q82: =(N82+O82+P82)*M82 -> 81840 | T82: サミュエル干支マスコット | U82: BUZZミニ③ | V82: 745 | W82: 0 | X82: 0 | Y82: 16 | Z82: =(W82+X82+Y82)*V82 -> 11920
B83: ターボババア招き猫がいっぱいマスコット | C83: BUZZツイン② | D83: 546 | G83: 23 | H83: =(E83+F83+G83)*D83 -> 12558 | K83: サンリオマスコットポーチアニマル | L83: BUZZツイン③ | M83: 1100 | N83: 194 | P83: 10 | Q83: =(N83+O83+P83)*M83 -> 224400 | T83: サミュエルラッキーラビット | U83: BUZZミニ③ | V83: 745 | W83: 47 | X83: 0 | Y83: 20 | Z83: =(W83+X83+Y83)*V83 -> 49915
B84: サンリオマスコットポーチホワイト | C84: BUZZツイン③ | D84: 935 | E84: 399 | H84: =(E84+F84+G84)*D84 -> 373065 | K84: スティッチスカーフ付きポーチ | L84: BUZZツイン④ | M84: 630 | N84: 68 | P84: 20 | Q84: =(N84+O84+P84)*M84 -> 55440 | T84: 日本製シール | U84: BUZZミニ④ | V84: 1300 | W84: 0 | X84: 0 | Y84: 7 | Z84: =(W84+X84+Y84)*V84 -> 9100
B85: マスコットポーチ ギャル③ | C85: BUZZツイン③ | D85: 935 | E85: 225 | G85: 14 | H85: =(E85+F85+G85)*D85 -> 223465 | K85: スカーフ付チャームリュック（種類関係ない） | L85: BUZZツイン④ | M85: 627 | N85: 68 | P85: 134 | Q85: =(N85+O85+P85)*M85 -> 126654 | T85: ラブブ | U85: BUZZミニ⑤、トライデッキ左下 | V85: 2500 | W85: 6 | X85: 0 | Y85: 6 | Z85: =(W85+X85+Y85)*V85 -> 30000
B86: メロクロマスコットポーチ | C86: BUZZツイン③ | D86: 1050 | E86: 25 | G86: 3 | H86: =(E86+F86+G86)*D86 -> 29400 | K86: ポケモンラバーマスコット25 | L86: 100円ガチャ | M86: 180 | P86: 45 | Q86: =(N86+O86+P86)*M86 -> 8100 | T86: ミニプリンターSugar | U86: BUZZミニ⑥ | V86: 992 | W86: 9 | X86: 0 | Y86: 15 | Z86: =(W86+X86+Y86)*V86 -> 23808
B87: サンリオマスコットポーチギャル | C87: BUZZツイン③ | D87: 880 | E87: 115 | G87: 3 | H87: =(E87+F87+G87)*D87 -> 103840 | K87: ポケモンキラキラサンシャイン | L87: 100円ガチャ | M87: 120 | P87: 72 | Q87: =(N87+O87+P87)*M87 -> 8640 | T87: スンスンボアミラポーチ | U87: BUZZミニ⑦ | V87: 1100 | W87: 0 | X87: 0 | Y87: 14 | Z87: =(W87+X87+Y87)*V87 -> 15400
B88: サンリオマスコットポーチアニマル | C88: BUZZツイン③ | D88: 1100 | E88: 253 | G88: 11 | H88: =(E88+F88+G88)*D88 -> 290400 | K88: ﾎﾟｹピースミニクッションマスコット | L88: 100円ガチャ | M88: 180 | P88: 13 | Q88: =(N88+O88+P88)*M88 -> 2340 | T88: サンリオウィンドウチャームver2 | U88: ガチャクレ① | V88: 594 | W88: 120 | X88: 0 | Y88: 67 | Z88: =(W88+X88+Y88)*V88 -> 111078
B89: スティッチスカーフ付きチャーム | C89: BUZZツイン④ | D89: 630 | G89: 24 | H89: =(E89+F89+G89)*D89 -> 15120 | K89: パックンチョ ディズニープリンセス | L89: 100円ガチャ | M89: 180 | P89: 126 | Q89: =(N89+O89+P89)*M89 -> 22680 | T89: ポケカ（安い物） | U89: ガチャクレ③ | V89: 250 | W89: 10 | X89: 0 | Y89: 0 | Z89: =(W89+X89+Y89)*V89 -> 2500
B90: スティッチスカーフ付きポーチ | C90: BUZZツイン④ | D90: 630 | E90: 195 | G90: 59 | H90: =(E90+F90+G90)*D90 -> 160020 | K90: 白くま | L90: 100円ガチャ | M90: 180 | P90: 16 | Q90: =(N90+O90+P90)*M90 -> 2880 | T90: ポケカ（テラスタルフェス、１５１、Vユニ） | U90: ガチャクレ③、BUZZクレーン②-１、BUZZクレーン④-3 | V90: 1000 | W90: 164 | X90: 0 | Y90: 114 | Z90: =(W90+X90+Y90)*V90 -> 278000
B91: サンリオスカーフ付チャームリュックVer.2 | C91: BUZZツイン④ | D91: 627 | G91: 28 | H91: =(E91+F91+G91)*D91 -> 17556 | K91: カムカムレモン | L91: 100円ガチャ | M91: 240 | P91: 41 | Q91: =(N91+O91+P91)*M91 -> 9840 | T91: 神袋 | U91: キューブモール③ | V91: 400 | W91: 19 | X91: 0 | Y91: 107 | Z91: =(W91+X91+Y91)*V91 -> 50400
B92: ポケモンラバーマスコット25 | C92: 100円ガチャ | D92: 180 | G92: 55 | H92: =(E92+F92+G92)*D92 -> 9900 | K92: 雪印（乳飲料とヨーグルト） | L92: 100円ガチャ | M92: 180 | P92: 83 | Q92: =(N92+O92+P92)*M92 -> 14940 | T92: ハローキティクリームソーダドール | U92: クレナグラン | V92: 1050 | W92: 0 | X92: 0 | Y92: 2 | Z92: =(W92+X92+Y92)*V92 -> 2100
B93: ポケモンYummy!sweetsマスコット2 | C93: 100円ガチャ | D93: 180 | G93: 7 | H93: =(E93+F93+G93)*D93 -> 1260 | K93: ミンティアシャカシャカキーチェーン | L93: 100円ガチャ | M93: 180 | P93: 25 | Q93: =(N93+O93+P93)*M93 -> 4500 | T93: レトロキティ | U93: クレナグラン | V93: 1100 | W93: 0 | X93: 5 | Y93: 3 | Z93: =(W93+X93+Y93)*V93 -> 8800
B94: ポケモンキラキラサンシャイン | C94: 100円ガチャ | D94: 120 | G94: 79 | H94: =(E94+F94+G94)*D94 -> 9480 | K94: ペヤングやきそばミニチュアチャーム | L94: 100円ガチャ | M94: 180 | P94: 43 | Q94: =(N94+O94+P94)*M94 -> 7740 | T94: バタースクイーズ | U94: クレナマルチ①-1、BAZZクレーン⑧-3 | V94: 240 | W94: 0 | X94: 0 | Y94: 28 | Z94: =(W94+X94+Y94)*V94 -> 6720
B95: ﾎﾟｹピースミニクッションマスコット | C95: 100円ガチャ | D95: 180 | G95: 17 | H95: =(E95+F95+G95)*D95 -> 3060 | K95: オタフクソースミニチュアチャーム | L95: 100円ガチャ | M95: 180 | O95: 44 | P95: 102 | Q95: =(N95+O95+P95)*M95 -> 26280 | T95: キティシリコンがま口 | U95: クレナマルチ①-2 | V95: 600 | W95: 4 | X95: 0 | Y95: 11 | Z95: =(W95+X95+Y95)*V95 -> 9000
B96: パックンチョ ディズニープリンセス | C96: 100円ガチャ | D96: 180 | G96: 128 | H96: =(E96+F96+G96)*D96 -> 23040 | K96: JINROチャミスルミニチャーム | L96: 100円ガチャ | M96: 180 | P96: 56 | Q96: =(N96+O96+P96)*M96 -> 10080 | T96: 海外小分けシール | U96: クレナマルチ①-3 | V96: 100 | W96: 44 | X96: 0 | Y96: 26 | Z96: =(W96+X96+Y96)*V96 -> 7000
B97: 白くま | C97: 100円ガチャ | D97: 180 | G97: 20 | H97: =(E97+F97+G97)*D97 -> 3600 | K97: ハローキティぬいぐるみチャーム | L97: 100円ガチャ | M97: 240 | O97: 87 | P97: 96 | Q97: =(N97+O97+P97)*M97 -> 43920 | T97: たまごっち小分けシール | U97: クレナマルチ①-4 | V97: 100 | W97: 0 | X97: 0 | Y97: 11 | Z97: =(W97+X97+Y97)*V97 -> 1100
B98: まるっちーの6 | C98: 100円ガチャ | D98: 120 | G98: 20 | H98: =(E98+F98+G98)*D98 -> 2400 | K98: ニップンオーマイBIGシリーズミニチュアチャーム | L98: 100円ガチャ | M98: 180 | P98: 73 | Q98: =(N98+O98+P98)*M98 -> 13140 | T98: ラブブ風マスコット １６ｃｍ | U98: クレナマルチ②-1 | V98: 500 | W98: 23 | X98: 0 | Y98: 12 | Z98: =(W98+X98+Y98)*V98 -> 17500
B99: カムカムレモン | C99: 100円ガチャ | D99: 240 | G99: 42 | H99: =(E99+F99+G99)*D99 -> 10080 | K99: ペット毛キーチェーン2 | L99: 100円ガチャ | M99: 240 | P99: 30 | Q99: =(N99+O99+P99)*M99 -> 7200 | T99: サンリオパッチン | U99: クレナマルチ②-2 | V99: 1050 | W99: 0 | X99: 0 | Y99: 37 | Z99: =(W99+X99+Y99)*V99 -> 38850
B100: 雪印（乳飲料とヨーグルト） | C100: 100円ガチャ | D100: 180 | G100: 91 | H100: =(E100+F100+G100)*D100 -> 16380 | K100: Niconミニチュアカメラコレクション2 | L100: 100円ガチャ | M100: 300 | P100: 8 | Q100: =(N100+O100+P100)*M100 -> 2400 | T100: たまごっちチョコブロックシール | U100: クレナマルチ②-4 | V100: 560 | W100: 0 | X100: 0 | Y100: 14 | Z100: =(W100+X100+Y100)*V100 -> 7840
...

Sheet 久留米(ドンキ景品)
A1: 46053 | I1: 46081 | Q1: 46112
A2: 景品名 | B2: 機械名 | C2: 単価 | D2: 倉庫① | E2: 倉庫② | F2: 機械 | G2: 金額 | I2: 景品名 | J2: 機械名 | K2: 単価 | L2: 倉庫① | M2: 倉庫② | N2: 機械 | O2: 金額 | Q2: 景品名 | R2: 機械名 | S2: 単価 | T2: 倉庫① | U2: 倉庫② | V2: 機械 | W2: 金額
G3: =SUM(G4:G52) -> 1410626 | O3: =SUM(O4:O52) -> 874222 | W3: =SUM(W4:W52) -> 1117156
A4: ほっと一息NOODLE CUP | B4: 倉庫② | C4: 1050 | E4: 30 | G4: =(D4+E4+F4)*C4 -> 31500 | I4: ほっと一息NOODLE CUP | J4: 倉庫② | K4: 1050 | M4: 31 | O4: =(L4+M4+N4)*K4 -> 32550 | Q4: ほっと一息NOODLE CUP | R4: 倉庫② | S4: 1050 | U4: 25 | W4: =(T4+U4+V4)*S4 -> 26250
A5: ５秒でぽかぽかHEATING | B5: 倉庫② | C5: 110 | E5: 16 | G5: =(D5+E5+F5)*C5 -> 1760 | I5: ５秒でぽかぽかHEATING | J5: 倉庫② | K5: 1050 | M5: 11 | O5: =(L5+M5+N5)*K5 -> 11550 | Q5: ５秒でぽかぽかHEATING | R5: 倉庫② | S5: 1050 | U5: 5 | W5: =(T5+U5+V5)*S5 -> 5250
A6: ジャグラーティッシュクロック | B6: 倉庫② | C6: 1133 | G6: =(D6+E6+F6)*C6 -> 0 | I6: ジャグラーティッシュクロック | J6: 倉庫② | K6: 1050 | O6: =(L6+M6+N6)*K6 -> 0 | Q6: ジャグラーティッシュクロック | R6: 倉庫② | S6: 1050 | U6: 0 | W6: =(T6+U6+V6)*S6 -> 0
A7: じゃがりこ マルチ収納ボックス | B7: 倉庫② | C7: 1100 | E7: 10 | G7: =(D7+E7+F7)*C7 -> 11000 | I7: じゃがりこ マルチ収納ボックス | J7: 倉庫② | K7: 1050 | M7: 10 | O7: =(L7+M7+N7)*K7 -> 10500 | Q7: じゃがりこ マルチ収納ボックス | R7: 倉庫② | S7: 1050 | U7: 4 | W7: =(T7+U7+V7)*S7 -> 4200
A8: クロミ・ポチャッコ ダストBOX | B8: 倉庫② | C8: 1100 | E8: 5 | G8: =(D8+E8+F8)*C8 -> 5500 | I8: クロミ・ポチャッコ ダストBOX | J8: 倉庫② | K8: 1050 | O8: =(L8+M8+N8)*K8 -> 0 | Q8: クロミ・ポチャッコ ダストBOX | R8: 倉庫② | S8: 1050 | U8: 0 | W8: =(T8+U8+V8)*S8 -> 0
A9: 匠のバチ | B9: 倉庫② | C9: 1050 | E9: 5 | G9: =(D9+E9+F9)*C9 -> 5250 | I9: 匠のバチ | J9: 倉庫② | K9: 1050 | M9: 4 | O9: =(L9+M9+N9)*K9 -> 4200 | Q9: 匠のバチ | R9: 倉庫② | S9: 1050 | U9: 1 | W9: =(T9+U9+V9)*S9 -> 1050
A10: タコ焼き器メーカー | B10: 倉庫② | C10: 1050 | E10: 7 | G10: =(D10+E10+F10)*C10 -> 7350 | I10: タコ焼き器メーカー | J10: 倉庫② | K10: 1050 | M10: 2 | O10: =(L10+M10+N10)*K10 -> 2100 | Q10: タコ焼き器メーカー | R10: 倉庫② | S10: 1050 | U10: 0 | W10: =(T10+U10+V10)*S10 -> 0
A11: 9L自動開閉 センサーダストボックス | B11: 倉庫② | C11: 1050 | E11: 9 | G11: =(D11+E11+F11)*C11 -> 9450 | I11: 9L自動開閉 センサーダストボックス | J11: 倉庫② | K11: 1050 | M11: 5 | O11: =(L11+M11+N11)*K11 -> 5250 | Q11: 9L自動開閉 センサーダストボックス | R11: 倉庫② | S11: 1050 | U11: 2 | W11: =(T11+U11+V11)*S11 -> 2100
A12: Switch2対応 ｺﾝﾄﾛｰﾗｰﾁｬｰｼﾞｽﾀﾝﾄﾞ | B12: 倉庫② | C12: 1050 | E12: 8 | G12: =(D12+E12+F12)*C12 -> 8400 | I12: Switch2対応 ｺﾝﾄﾛｰﾗｰﾁｬｰｼﾞｽﾀﾝﾄﾞ | J12: 倉庫② | K12: 1050 | M12: 1 | O12: =(L12+M12+N12)*K12 -> 1050 | Q12: Switch2対応 ｺﾝﾄﾛｰﾗｰﾁｬｰｼﾞｽﾀﾝﾄﾞ | R12: 倉庫② | S12: 1050 | U12: 14 | W12: =(T12+U12+V12)*S12 -> 14700
A13: ジャグラーダストボックス10 | B13: 倉庫② | C13: 1050 | E13: 11 | G13: =(D13+E13+F13)*C13 -> 11550 | I13: ジャグラーダストボックス10 | J13: 倉庫② | K13: 1050 | M13: 6 | O13: =(L13+M13+N13)*K13 -> 6300 | Q13: ジャグラーダストボックス10 | R13: 倉庫② | S13: 1050 | U13: 2 | W13: =(T13+U13+V13)*S13 -> 2100
A14: デビルワイヤレスヘッドホン | B14: 倉庫② | C14: 1050 | E14: 1 | G14: =(D14+E14+F14)*C14 -> 1050 | I14: デビルワイヤレスヘッドホン | J14: 倉庫② | K14: 1050 | O14: =(L14+M14+N14)*K14 -> 0 | Q14: デビルワイヤレスヘッドホン | R14: 倉庫② | S14: 1050 | U14: 0 | W14: =(T14+U14+V14)*S14 -> 0
A15: スピーカー | B15: 倉庫② | C15: 1050 | E15: 3 | G15: =(D15+E15+F15)*C15 -> 3150 | I15: スピーカー | J15: 倉庫② | K15: 1050 | O15: =(L15+M15+N15)*K15 -> 0 | Q15: スピーカー | R15: 倉庫② | S15: 1050 | U15: 0 | W15: =(T15+U15+V15)*S15 -> 0
A16: サンリオキャラクターぷっくりミニダストBOX | B16: 倉庫② | C16: 1050 | E16: 96 | G16: =(D16+E16+F16)*C16 -> 100800 | I16: サンリオキャラクターぷっくりミニダストBOX | J16: 倉庫② | K16: 1050 | M16: 91 | O16: =(L16+M16+N16)*K16 -> 95550 | Q16: サンリオキャラクターぷっくりミニダストBOX | R16: 倉庫② | S16: 1050 | U16: 75 | W16: =(T16+U16+V16)*S16 -> 78750
A17: ジャグラーキルトマット2 | B17: 倉庫② | C17: 1050 | E17: 24 | G17: =(D17+E17+F17)*C17 -> 25200 | I17: ジャグラーキルトマット2 | J17: 倉庫② | K17: 1050 | M17: 13 | O17: =(L17+M17+N17)*K17 -> 13650 | Q17: ジャグラーキルトマット2 | R17: 倉庫② | S17: 1050 | U17: 0 | W17: =(T17+U17+V17)*S17 -> 0
A18: ジャグラーシルエットライト | B18: 倉庫② | C18: 1050 | E18: 34 | G18: =(D18+E18+F18)*C18 -> 35700 | I18: ジャグラーシルエットライト | J18: 倉庫② | K18: 1050 | M18: 27 | O18: =(L18+M18+N18)*K18 -> 28350 | Q18: ジャグラーシルエットライト | R18: 倉庫② | S18: 1050 | U18: 16 | W18: =(T18+U18+V18)*S18 -> 16800
A19: ジャグラー超BIGボストンバッグ | B19: 倉庫② | C19: 1050 | E19: 1 | G19: =(D19+E19+F19)*C19 -> 1050 | I19: ジャグラー超BIGボストンバッグ | J19: 倉庫② | K19: 1050 | M19: 1 | O19: =(L19+M19+N19)*K19 -> 1050 | Q19: ジャグラー超BIGボストンバッグ | R19: 倉庫② | S19: 1050 | U19: 1 | W19: =(T19+U19+V19)*S19 -> 1050
A20: ジャグラーソーラースウィング | B20: 倉庫② | C20: 1050 | E20: 35 | G20: =(D20+E20+F20)*C20 -> 36750 | I20: ジャグラーソーラースウィング | J20: 倉庫② | K20: 1050 | M20: 42 | O20: =(L20+M20+N20)*K20 -> 44100 | Q20: ジャグラーソーラースウィング | R20: 倉庫② | S20: 1050 | U20: 31 | W20: =(T20+U20+V20)*S20 -> 32550
A21: 底マチボア―トートバッグ（キティ） | B21: 倉庫② | C21: 1050 | E21: 20 | G21: =(D21+E21+F21)*C21 -> 21000 | I21: 底マチボア―トートバッグ（キティ） | J21: 倉庫② | K21: 1050 | M21: 13 | O21: =(L21+M21+N21)*K21 -> 13650 | Q21: 底マチボア―トートバッグ（キティ） | R21: 倉庫② | S21: 1050 | U21: 7 | W21: =(T21+U21+V21)*S21 -> 7350
A22: ジャグラーオーバルクッション | B22: 倉庫② | C22: 1050 | E22: 12 | G22: =(D22+E22+F22)*C22 -> 12600 | I22: ジャグラーオーバルクッション | J22: 倉庫② | K22: 1050 | O22: =(L22+M22+N22)*K22 -> 0 | Q22: ジャグラーオーバルクッション | R22: 倉庫② | S22: 1050 | U22: 0 | W22: =(T22+U22+V22)*S22 -> 0
A23: ハローキティ保温保冷BIGマルチバッグ | B23: 倉庫② | C23: 1050 | E23: 17 | G23: =(D23+E23+F23)*C23 -> 17850 | I23: ハローキティ保温保冷BIGマルチバッグ | J23: 倉庫② | K23: 1050 | M23: 10 | O23: =(L23+M23+N23)*K23 -> 10500 | Q23: ハローキティ保温保冷BIGマルチバッグ | R23: 倉庫② | S23: 1050 | U23: 6 | W23: =(T23+U23+V23)*S23 -> 6300
A24: コンパクトデジタルカメラ | B24: 倉庫② | C24: 1050 | E24: 171 | G24: =(D24+E24+F24)*C24 -> 179550 | I24: コンパクトデジタルカメラ | J24: 倉庫② | K24: 1050 | M24: 135 | O24: =(L24+M24+N24)*K24 -> 141750 | Q24: コンパクトデジタルカメラ | R24: 倉庫② | S24: 1050 | U24: 144 | W24: =(T24+U24+V24)*S24 -> 151200
A25: スピニングゴールドスピナー | B25: 1000円ガチャ | C25: 154 | E25: 75 | G25: =(D25+E25+F25)*C25 -> 11550 | I25: ジャグラーミニグラス | J25: 倉庫② | K25: 1050 | M25: 33 | O25: =(L25+M25+N25)*K25 -> 34650 | Q25: ジャグラーミニグラス | R25: 倉庫② | S25: 1050 | U25: 13 | W25: =(T25+U25+V25)*S25 -> 13650
A26: ミニ懐中電灯ライトキーホルダー | B26: 1000円ガチャ | C26: 42 | E26: 471 | G26: =(D26+E26+F26)*C26 -> 19782 | I26: ハローキティ・クロミラバーマスコットクロック | J26: 倉庫② | K26: 1050 | O26: =(L26+M26+N26)*K26 -> 0 | Q26: ハローキティ・クロミラバーマスコットクロック | R26: 倉庫② | S26: 1050 | U26: 54 | W26: =(T26+U26+V26)*S26 -> 56700
A27: 押してくせになるプチ呼び鈴 | B27: 1000円ガチャ | C27: 77 | E27: 240 | G27: =(D27+E27+F27)*C27 -> 18480 | I27: スピニングゴールドスピナー | J27: 1000円ガチャ | K27: 154 | O27: =(L27+M27+N27)*K27 -> 0 | Q27: 日焼けキティ保温保冷BIGクリアバッグ | R27: 倉庫② | S27: 1050 | U27: 30 | W27: =(T27+U27+V27)*S27 -> 31500
A28: どうぶつのしっぽキーホルダー | B28: 1000円ガチャ | C28: 99 | E28: 132 | G28: =(D28+E28+F28)*C28 -> 13068 | I28: ミニ懐中電灯ライトキーホルダー | J28: 1000円ガチャ | K28: 42 | M28: 408 | O28: =(L28+M28+N28)*K28 -> 17136 | Q28: クロミジャンボパイルケット | R28: 倉庫② | S28: 1050 | U28: 2 | W28: =(T28+U28+V28)*S28 -> 2100
A29: 光る！麻雀牌～SP～ | B29: 1000円ガチャ | C29: 106 | E29: 336 | G29: =(D29+E29+F29)*C29 -> 35616 | I29: 押してくせになるプチ呼び鈴 | J29: 1000円ガチャ | K29: 77 | M29: 240 | O29: =(L29+M29+N29)*K29 -> 18480 | Q29: 保温保冷多機能BIGトートバッグ | R29: 倉庫② | S29: 1050 | U29: 3 | W29: =(T29+U29+V29)*S29 -> 3150
A30: ミニピストルライトストラップ | B30: 1000円ガチャ | C30: 32 | E30: 1080 | G30: =(D30+E30+F30)*C30 -> 34560 | I30: どうぶつのしっぽキーホルダー | J30: 1000円ガチャ | K30: 99 | O30: =(L30+M30+N30)*K30 -> 0 | Q30: ミッキーリュック | R30: 倉庫② | S30: 1050 | U30: 5 | W30: =(T30+U30+V30)*S30 -> 5250
A31: びりびりKH8種 | B31: 1000円ガチャ | C31: 150 | E31: 300 | G31: =(D31+E31+F31)*C31 -> 45000 | I31: 光る！麻雀牌～SP～ | J31: 1000円ガチャ | K31: 106 | O31: =(L31+M31+N31)*K31 -> 0 | Q31: サンリオキャラクターズ２層式ナップサック | R31: 倉庫② | S31: 1050 | U31: 33 | W31: =(T31+U31+V31)*S31 -> 34650
A32: びりびり⑤ | B32: 1000円ガチャ | C32: 150 | E32: 240 | G32: =(D32+E32+F32)*C32 -> 36000 | I32: ミニピストルライトストラップ | J32: 1000円ガチャ | K32: 32 | M32: 288 | O32: =(L32+M32+N32)*K32 -> 9216 | Q32: 3in1取り巻き式充電ケーブル | R32: 1000円ガチャ | S32: 250 | U32: 240 | W32: =(T32+U32+V32)*S32 -> 60000
A33: バラ | B33: 1000円ガチャ | C33: 200 | E33: 700 | G33: =(D33+E33+F33)*C33 -> 140000 | I33: びりびりKH8種 | J33: 1000円ガチャ | K33: 150 | M33: 240 | O33: =(L33+M33+N33)*K33 -> 36000 | Q33: ミニ懐中電灯ライトキーホルダー | R33: 1000円ガチャ | S33: 42 | U33: 322 | W33: =(T33+U33+V33)*S33 -> 13524
A34: ジャグラーミニミニポーチ | B34: 2000円ガチャ | C34: 280 | E34: 120 | G34: =(D34+E34+F34)*C34 -> 33600 | I34: バラ | J34: 1000円ガチャ | K34: 200 | M34: 100 | O34: =(L34+M34+N34)*K34 -> 20000 | Q34: 押してくせになるプチ呼び鈴 | R34: 1000円ガチャ | S34: 77 | U34: 120 | W34: =(T34+U34+V34)*S34 -> 9240
A35: コンパクトボイスチェンジャー | B35: 2000円ガチャ | C35: 220 | E35: 288 | G35: =(D35+E35+F35)*C35 -> 63360 | I35: 33個アソート済み | J35: 1000円ガチャ | K35: 150 | M35: 23 | O35: =(L35+M35+N35)*K35 -> 3450 | Q35: もぐらたたきゲーム | R35: 1000円ガチャ | S35: 90 | U35: 140 | W35: =(T35+U35+V35)*S35 -> 12600
A36: 早押しクイズボタン | B36: 2000円ガチャ | C36: 256 | E36: 600 | G36: =(D36+E36+F36)*C36 -> 153600 | I36: ジャグラーミニミニポーチ | J36: 2000円ガチャ | K36: 280 | O36: =(L36+M36+N36)*K36 -> 0 | Q36: ミニピストルライトキーホルダー | R36: 1000円ガチャ | S36: 32 | U36: 240 | W36: =(T36+U36+V36)*S36 -> 7680
A37: バラ | B37: 2000円ガチャ | C37: 200 | E37: 50 | G37: =(D37+E37+F37)*C37 -> 10000 | I37: コンパクトボイスチェンジャー | J37: 2000円ガチャ | K37: 220 | O37: =(L37+M37+N37)*K37 -> 0 | Q37: ミニピストルライトストラップ | R37: 1000円ガチャ | S37: 32 | U37: 400 | W37: =(T37+U37+V37)*S37 -> 12800
A38: アソート済み | B38: 2000円ガチャ | C38: 450 | E38: 10 | G38: =(D38+E38+F38)*C38 -> 4500 | I38: 早押しクイズボタン | J38: 2000円ガチャ | K38: 256 | M38: 240 | O38: =(L38+M38+N38)*K38 -> 61440 | Q38: びりびりアソート | R38: 1000円ガチャ | S38: 150 | U38: 440 | W38: =(T38+U38+V38)*S38 -> 66000
A39: バラエティー中身 | B39: バラエティー500 | C39: 50 | E39: 3500 | G39: =(D39+E39+F39)*C39 -> 175000 | I39: バラ | J39: 2000円ガチャ | K39: 200 | M39: 50 | O39: =(L39+M39+N39)*K39 -> 10000 | Q39: バラ | R39: 1000円ガチャ | S39: 200 | U39: 30 | W39: =(T39+U39+V39)*S39 -> 6000
A40: アソート済み | B40: バラエティー500 | C40: 50 | E40: 1 | G40: =(D40+E40+F40)*C40 -> 50 | I40: アソート済み | J40: 2000円ガチャ | K40: 450 | M40: 6 | O40: =(L40+M40+N40)*K40 -> 2700 | Q40: 33個アソート済み | R40: 1000円ガチャ | S40: 150 | U40: 43 | W40: =(T40+U40+V40)*S40 -> 6450
A41: 空カプセル（黒、金、カラー） | C41: 25 | E41: 3500 | G41: =(D41+E41+F41)*C41 -> 87500 | I41: バラエティー中身 | J41: バラエティー500 | K41: 50 | M41: 950 | O41: =(L41+M41+N41)*K41 -> 47500 | Q41: ミニチュア香水 | R41: 2000円ガチャ | S41: 370 | U41: 240 | W41: =(T41+U41+V41)*S41 -> 88800
A42: 空カプセル（黒65ｍｍ） | C42: 25 | E42: 100 | G42: =(D42+E42+F42)*C42 -> 2500 | I42: アソート済み | J42: バラエティー500 | K42: 50 | M42: 6 | O42: =(L42+M42+N42)*K42 -> 300 | Q42: コンパクトボイスチェンジャー | R42: 2000円ガチャ | S42: 220 | U42: 240 | W42: =(T42+U42+V42)*S42 -> 52800
G43: =(D43+E43+F43)*C43 -> 0 | I43: 空カプセル（黒、金、カラー） | K43: 25 | M43: 7500 | O43: =(L43+M43+N43)*K43 -> 187500 | Q43: カラフルメタリックミニゲール | R43: 2000円ガチャ | S43: 211 | U43: 192 | W43: =(T43+U43+V43)*S43 -> 40512
G44: =(D44+E44+F44)*C44 -> 0 | I44: 空カプセル（黒65ｍｍ） | K44: 25 | M44: 150 | O44: =(L44+M44+N44)*K44 -> 3750 | Q44: 4in1ケーブル | R44: 2000円ガチャ | S44: 250 | U44: 30 | W44: =(T44+U44+V44)*S44 -> 7500
G45: =(D45+E45+F45)*C45 -> 0 | O45: =(L45+M45+N45)*K45 -> 0 | Q45: バラ | R45: 2000円ガチャ | S45: 200 | U45: 60 | W45: =(T45+U45+V45)*S45 -> 12000
G46: =(D46+E46+F46)*C46 -> 0 | O46: =(L46+M46+N46)*K46 -> 0 | Q46: アソート済み | R46: 2000円ガチャ | S46: 450 | U46: 28 | W46: =(T46+U46+V46)*S46 -> 12600
G47: =(D47+E47+F47)*C47 -> 0 | O47: =(L47+M47+N47)*K47 -> 0 | Q47: バラエティー中身 | R47: バラエティー500 | S47: 50 | U47: 2300 | W47: =(T47+U47+V47)*S47 -> 115000
G48: =(D48+E48+F48)*C48 -> 0 | O48: =(L48+M48+N48)*K48 -> 0 | Q48: アソート済み | R48: バラエティー500 | S48: 50 | U48: 5 | W48: =(T48+U48+V48)*S48 -> 250
G49: =(D49+E49+F49)*C49 -> 0 | O49: =(L49+M49+N49)*K49 -> 0 | Q49: 空カプセル（黒、金、カラー） | S49: 25 | U49: 2670 | W49: =(T49+U49+V49)*S49 -> 66750
G50: =(D50+E50+F50)*C50 -> 0 | O50: =(L50+M50+N50)*K50 -> 0 | Q50: 空カプセル（黒65ｍｍ） | S50: 25 | U50: 1200 | W50: =(T50+U50+V50)*S50 -> 30000
G51: =(D51+E51+F51)*C51 -> 0 | O51: =(L51+M51+N51)*K51 -> 0 | W51: =(T51+U51+V51)*S51 -> 0
G52: =(D52+E52+F52)*C52 -> 0 | O52: =(L52+M52+N52)*K52 -> 0 | W52: =(T52+U52+V52)*S52 -> 0

Sheet 飯塚
A1: 46053
B2: 景品名 | C2: 機械名 | D2: 単価 | E2: 在庫数 | H2: 金額
E3: 倉庫① | F3: 倉庫②(棚) | G3: 機械内
A4: 飯塚 | H4: =SUM(H5:H141) -> 3437686
B5: サンリオ MCポーチギャル２ | C5: BUZZミニクレーン① | D5: 1009 | E5: 0 | F5: 10 | G5: 20 | H5: =D5*(E5+F5+G5) -> 30270
B6: サンリオボアミラーポーチ | C6: BUZZミニクレーン② | D6: 1000 | E6: 0 | F6: 40 | G6: 7 | H6: =D6*(E6+F6+G6) -> 47000
B7: AIモンスターぬいぐるみ15種 | C7: BUZZミニクレーン③ | D7: 500 | E7: 0 | F7: 128 | G7: 18 | H7: =D7*(E7+F7+G7) -> 73000
B8: PIN FOR LOVE ラブブ | C8: BUZZミニクレーン④ | D8: 2622 | E8: 0 | F8: 0 | G8: 14 | H8: =D8*(E8+F8+G8) -> 36708
B9: サンリオぬいぐるみポシェットボアミニポーチ | C9: BUZZミニクレーン⑤ | D9: 920 | E9: 0 | F9: 12 | G9: 16 | H9: =D9*(E9+F9+G9) -> 25760
B10: AIモンスターぬいぐるみ15種 | C10: BUZZミニクレーン⑥ | D10: 500 | E10: 0 | F10: 128 | G10: 18 | H10: =D10*(E10+F10+G10) -> 73000
B11: 液晶付きミニデジタルカメラvogue | C11: BUZZミニクレーン⑧ | D11: 977 | E11: 0 | F11: 0 | G11: 64 | H11: =D11*(E11+F11+G11) -> 62528
B12: AIモンスターマスコットキーホルダー（約18cm） | C12: BUZZミニクレーン⑨ | D12: 358 | E12: 0 | F12: 140 | G12: 52 | H12: =D12*(E12+F12+G12) -> 68736
B13: ルララぬいぐるみ | C13: BUZZミニクレーン⑩ | D13: 650 | E13: 0 | F13: 54 | G13: 18 | H13: =D13*(E13+F13+G13) -> 46800
B14: スティッチキラキラキーケース | C14: BUZZクレ4①左上 | D14: 650 | E14: 48 | F14: 0 | G14: 30 | H14: =D14*(E14+F14+G14) -> 50700
B15: スマートキーケースギャル サンリオ | C15: BUZZクレ4①右上 | D15: 726 | E15: 0 | F15: 19 | G15: 16 | H15: =D15*(E15+F15+G15) -> 25410
B16: サンリオスマートキーケースきらきらドリームシリーズ | C16: BUZZクレ4①右上 | D16: 710 | E16: 0 | F16: 0 | G16: 10 | H16: =D16*(E16+F16+G16) -> 7100
... B53: おさるのジョージマスコット付きボールペン4色ボールペン | C53: とれんだ４ 1－2左 | D53: 220 | E53: 0 | F53: 0 | G53: 7 | H53: =D53*(E53+F53+G53) -> 1540
B54: お菓子アソート | C54: とれんだ４ 1－2右 | D54: 40 | E54: 0 | G54: 55 | H54: =D54*(E54+F54+G54) -> 2200
B55: リコーダーペン | C55: とれんだ４ 2－1左 | D55: 35 | E55: 0 | F55: 0 | G55: 134 | H55: =D55*(E55+F55+G55) -> 4690
B56: 注射器ペン | C56: とれんだ４ 2－1左 | D56: 108 | E56: 0 | F56: 0 | G56: 247 | H56: =D56*(E56+F56+G56) -> 26676
B57: SPGマスコット10種 8cm | C57: とれんだ４ 2－2右 | D57: 165 | E57: 0 | F57: 0 | G57: 112 | H57: =D57*(E57+F57+G57) -> 18480
B58: メタリックカラー手錠 | C58: とれんだ４ 2－2左 | D58: 104 | E58: 0 | F58: 0 | G58: 46 | H58: =D58*(E58+F58+G58) -> 4784
B59: サンリオ巻き寿司型ミニポーチ | C59: とれんだ４ 2－2右 | D59: 726 | E59: 0 | F59: 42 | G59: 27 | H59: =D59*(E59+F59+G59) -> 50094
B60: ジャグラーめちゃでか毛布（白） | C60: デカクレ | D60: 1094 | E60: 9 | F60: 0 | G60: 3 | H60: =D60*(E60+F60+G60) -> 13128
B61: ジャグラーアウトドア多機能ブランケット | C61: デカクレ | D61: 1073 | E61: 9 | F61: 0 | G61: 7 | H61: =D61*(E61+F61+G61) -> 17168
B62: つぶらな瞳のなまがきおめかしムラサキカラー | C62: デカクレ | D62: 1114 | E62: 0 | F62: 0 | G62: 10 | H62: =D62*(E62+F62+G62) -> 11140
B63: サンリオフェイスクッション第6弾 | C63: トリプルツイン左 | D63: 968 | E63: 0 | F63: 2 | G63: 3 | H63: =D63*(E63+F63+G63) -> 4840
B64: クレヨンしんちゃん寝そべりキュートBIGぬいぐるみ2 | C64: トリプルツイン右 | D64: 924 | E64: 0 | F64: 4 | G64: 5 | H64: =D64*(E64+F64+G64) -> 8316
B65: ハローキティ レトロカラードールGJ | C65: クレナグラン | D65: 1100 | E65: 0 | F65: 1 | G65: 6 | H65: =D65*(E65+F65+G65) -> 7700
B66: ハローキティ クリームソーダドールGJ | C66: クレナグラン | D66: 1100 | E66: 0 | F66: 0 | G66: 1 | H66: =D66*(E66+F66+G66) -> 1100
... B92: 湖池屋ポテトチップス5個パック2種 | C92: 台湾キャッチャー② | D92: 389 | E92: 0 | F92: 32 | G92: 24 | H92: =D92*(E92+F92+G92) -> 21784
B93: ポケモンカード ロストアビス | D93: 170 | E93: 0 | F93: 1 | G93: 0 | H93: =D93*(E93+F93+G93) -> 170
B94: ポケカ バトルパートナーズ | D94: 300 | E94: 0 | F94: 17 | G94: 0 | H94: =D94*(E94+F94+G94) -> 5100
B95: ポケモンカード | D95: 200 | E95: 0 | F95: 20 | G95: 0 | H95: =D95*(E95+F95+G95) -> 4000
B96: ジャグラー 保温保冷ステンレスタンブラー | D96: 1134 | E96: 0 | F96: 1 | G96: 0 | H96: =D96*(E96+F96+G96) -> 1134
B97: ジャグラー ダイカットクロック | D97: 1044 | E97: 0 | F97: 6 | G97: 0 | H97: =D97*(E97+F97+G97) -> 6264
B98: Bluetooth switch対応 ゲームコントローラー クリア８ | D98: 1200 | E98: 15 | F98: 1 | G98: 0 | H98: =D98*(E98+F98+G98) -> 19200
B99: ほっと一息 NOODLE CUP | D99: 1100 | E99: 24 | F99: 8 | G99: 0 | H99: =D99*(E99+F99+G99) -> 35200
B100: スヌーピーモップクーラーボックス | D100: 1100 | E100: 5 | F100: 6 | G100: 0 | H100: =D100*(E100+F100+G100) -> 12100
B101: ダイナソー ピンポンボールゲーム | D101: 1194 | E101: 16 | F101: 0 | G101: 0 | H101: =D101*(E101+F101+G101) -> 19104
B102: カプセルキャッチャーマシーン３ | D102: 1334 | E102: 3 | F102: 0 | G102: 0 | H102: =D102*(E102+F102+G102) -> 4002
B103: パシャぴかミニカメラ | D103: 242 | E103: 0 | F103: 2 | G103: 0 | H103: =D103*(E103+F103+G103) -> 484
B104: パシャぴかモンスターカメラ２ | D104: 352 | E104: 0 | F104: 63 | G104: 0 | H104: =D104*(E104+F104+G104) -> 22176
... B141: マイジャグラーPremium LEDランプ | D141: 994 | E141: 0 | F141: 1 | G141: 0 | H141: =D141*(E141+F141+G141) -> 994
A144: 46081
B145: 景品名 | C145: 機械名 | D145: 単価 | E145: 在庫数 | H145: 金額
E146: 倉庫① | F146: 倉庫②(棚) | G146: 機械内
A147: 飯塚 | H147: =SUM(H148:H266) -> 4231102
B148: PIN FOR LOVE ラブブ（黄） | C148: BUZZミニクレーン① | D148: 2622 | E148: 0 | F148: 7 | G148: 7 | H148: =D148*(E148+F148+G148) -> 36708
B149: PIN FOR LOVE ラブブ（青） | C149: BUZZミニクレーン① | D149: 2277 | E149: 0 | F149: 12 | G149: 6 | H149: =D149*(E149+F149+G149) -> 40986
B150: サンリオマスコットポーチ あにまる | C150: BUZZミニクレーン③ | D150: 800 | E150: 30 | F150: 36 | G150: 36 | H150: =D150*(E150+F150+G150) -> 81600
B151: サンリオミニミニバニティポーチ | C151: BUZZミニクレーン④ | D151: 1056 | E151: 0 | F151: 54 | G151: 12 | H151: =D151*(E151+F151+G151) -> 69696
B152: ディズニーぷくぷくシール | C152: BUZZミニクレーン⑤ | D152: 180 | E152: 240 | F152: 222 | G152: 18 | H152: =D152*(E152+F152+G152) -> 86400
B153: ピクミンオールスターコレクション | C153: BUZZミニクレーン⑥ | D153: 1100 | E153: 0 | F153: 0 | G153: 18 | H153: =D153*(E153+F153+G153) -> 19800
B154: ビーモふわにん | C154: BUZZミニクレーン⑦ | D154: 854 | E154: 0 | F154: 0 | G154: 22 | H154: =D154*(E154+F154+G154) -> 18788
B155: サンリオマスコットポーチヒョウ柄 | C155: BUZZミニクレーン⑧ | D155: 935 | E155: 100 | F155: 3 | G155: 35 | H155: =D155*(E155+F155+G155) -> 129030
B156: Tryme パステルケーキスクイーズ | C156: BUZZミニクレーン⑨ | D156: 187 | E156: 0 | F156: 174 | G156: 12 | H156: =D156*(E156+F156+G156) -> 34782
B157: ルララぬいぐるみ | C157: BUZZミニクレーン⑩ | D157: 650 | E157: 0 | F157: 22 | G157: 12 | H157: =D157*(E157+F157+G157) -> 22100
B158: サンリオ 型押しマルチケース | C158: BUZZクレ4①左上 | D158: 765 | E158: 0 | F158: 194 | G158: 20 | H158: =D158*(E158+F158+G158) -> 163710
B159: スマートキーケースギャル サンリオ | C159: BUZZクレ4①右上 | D159: 726 | E159: 0 | F159: 0 | G159: 15 | H159: =D159*(E159+F159+G159) -> 10890
... B223: ピクミン箸セット | C223: バズツイン④ | D223: 512 | E223: 0 | F223: 0 | G223: 81 | H223: =D223*(E223+F223+G223) -> 41472
B224: ルララカピバラぬいぐるみKH | D224: 710 | E224: 12 | F224: 17 | G224: 0 | H224: =D224*(E224+F224+G224) -> 20590
B225: PPT20cmマスコット9種 | D225: 330 | E225: 0 | F225: 3 | G225: 0 | H225: =D225*(E225+F225+G225) -> 990
B226: ゆるかわサンリオキャラクターズマスコット ハローキティ50周年ver | D226: 660 | E226: 0 | F226: 8 | G226: 0 | H226: =D226*(E226+F226+G226) -> 5280
B227: キティヒョウ柄ボールチェーンマスコット | D227: 996 | E227: 0 | F227: 21 | G227: 0 | H227: =D227*(E227+F227+G227) -> 20916
B228: サンリオミニマスコットホワイト | D228: 660 | E228: 0 | F228: 116 | G228: 0 | H228: =D228*(E228+F228+G228) -> 76560
B229: ジャグラーGOGOランプシルエットライト | D229: 1000 | E229: 18 | F229: 18 | G229: 0 | H229: =D229*(E229+F229+G229) -> 36000
B230: サンリオでかでかぱっちんピン | D230: 600 | E230: 0 | F230: 11 | G230: 0 | H230: =D230*(E230+F230+G230) -> 6600
B231: ガーナワイヤレスイヤホン | D231: 1100 | E231: 0 | F231: 17 | G231: 0 | H231: =D231*(E231+F231+G231) -> 18700
B232: トッポワイヤレスイヤホン | D232: 1100 | E232: 0 | F232: 29 | G232: 0 | H232: =D232*(E232+F232+G232) -> 31900
B233: サミュエルキューティペットブラインドボックス | D233: 950 | E233: 36 | F233: 6 | G233: 0 | H233: =D233*(E233+F233+G233) -> 39900
B234: GOGOギャルキティミニサンダルキーホルダー | D234: 605 | E234: 0 | F234: 98 | G234: 0 | H234: =D234*(E234+F234+G234) -> 59290
B235: 北斗の拳サウンドフラッシュボタン | D235: 1100 | E235: 60 | F235: 0 | G235: 0 | H235: =D235*(E235+F235+G235) -> 66000
... B266: ダイナソー ピンポンボールゲーム | D266: 1194 | E266: 7 | F266: 0 | G266: 0 | H266: =D266*(E266+F266+G266) -> 8358
A268: 46112
B269: 景品名 | C269: 機械名 | D269: 単価 | E269: 在庫数 | H269: 金額
E270: 倉庫① | F270: 倉庫②(棚) | G270: 機械内
A271: 飯塚 | H271: =SUM(H272:H368) -> 3235930
B272: PIN FOR LOVE ラブブ（黄） | C272: BUZZミニクレーン① | D272: 2622 | E272: 0 | F272: 5 | G272: 7 | H272: =D272*(E272+F272+G272) -> 31464
B273: PIN FOR LOVE ラブブ（青） | C273: BUZZミニクレーン① | D273: 2277 | E273: 0 | F273: 9 | G273: 6 | H273: =D273*(E273+F273+G273) -> 34155
B274: サンリオミニミニバニティポーチ | C274: BUZZミニクレーン④ | D274: 1056 | E274: 0 | F274: 29 | G274: 12 | H274: =D274*(E274+F274+G274) -> 43296
B275: ディズニーぷくぷくシール | C275: BUZZミニクレーン⑤ | D275: 180 | E275: 240 | F275: 164 | G275: 12 | H275: =D275*(E275+F275+G275) -> 74880
B276: サンリオマスコットポーチヒョウ柄 | C276: BUZZミニクレーン⑧ | D276: 935 | E276: 80 | F276: 12 | G276: 38 | H276: =D276*(E276+F276+G276) -> 121550
B277: Tryme パステルケーキスクイーズ | C277: BUZZミニクレーン⑨ | D277: 187 | E277: 0 | F277: 19 | G277: 11 | H277: =D277*(E277+F277+G277) -> 5610
B278: パンケーキスクイーズ | C278: BUZZミニクレーン⑩ | D278: 590 | E278: 0 | F278: 0 | G278: 12 | H278: =D278*(E278+F278+G278) -> 7080
B279: サンリオ 型押しマルチケース | C279: BUZZクレ4①左上 | D279: 765 | E279: 0 | F279: 190 | G279: 16 | H279: =D279*(E279+F279+G279) -> 157590
B280: サミュエルラッキーラビットブラインドボックス | C280: BUZZクレ4①右上 | D280: 950 | E280: 18 | F280: 12 | G280: 2 | H280: =D280*(E280+F280+G280) -> 30400
B281: BT-YAYA ベイビースリーYAYA 1周年 | C281: BUZZクレ4①左下 | D281: 850 | E281: 20 | F281: 6 | G281: 27 | H281: =D281*(E281+F281+G281) -> 45050
B282: たまごっちマスコットキーホルダー① | C282: BUZZクレ4①右下 | D282: 1430 | E282: 0 | F282: 118 | G282: 125 | H282: =D282*(E282+F282+G282) -> 347490
B283: 液晶付きミニデジタルカメラvogue | C283: BUZZクレ4②左上 | D283: 977 | E283: 0 | F283: 7 | G283: 4 | H283: =D283*(E283+F283+G283) -> 10747
... B337: ピクミン箸セット | C337: バズツイン④ | D337: 512 | E337: 0 | F337: 0 | G337: 44 | H337: =D337*(E337+F337+G337) -> 22528
B338: キティデニムポーチ | D338: 660 | E338: 60 | F338: 0 | G338: 0 | H338: =D338*(E338+F338+G338) -> 39600
B339: サンリオウィンドウチャームケースVer.2 | D339: 638 | E339: 66 | F339: 27 | G339: 0 | H339: =D339*(E339+F339+G339) -> 59334
B340: ぷくっとアングリーKH | D340: 198 | E340: 45 | F340: 0 | G340: 0 | H340: =D340*(E340+F340+G340) -> 8910
B341: サンリオマスコットポーチあにまる | D341: 800 | E341: 0 | F341: 46 | G341: 0 | H341: =D341*(E341+F341+G341) -> 36800
B342: サンリオミニフェイスポーチふわふわケープ | D342: 720 | E342: 40 | F342: 49 | G342: 0 | H342: =D342*(E342+F342+G342) -> 64080
B343: キティヒョウ柄ボールチェーンマスコット | D343: 996 | E343: 0 | F343: 18 | G343: 0 | H343: =D343*(E343+F343+G343) -> 17928
B344: ジャグラーGOGOランプシルエットライト | D344: 1000 | E344: 16 | F344: 11 | G344: 0 | H344: =D344*(E344+F344+G344) -> 27000
B345: GOGOギャルキティミニサンダルキーホルダー | D345: 605 | E345: 98 | F345: 0 | G345: 0 | H345: =D345*(E345+F345+G345) -> 59290
B346: クレヨンしんちゃん三つ折りウォレット | D346: 759 | E346: 0 | F346: 14 | G346: 0 | H346: =D346*(E346+F346+G346) -> 10626
...

Sheet 堤
A1: 46053
A2: 店舗 | B2: 景品名 | C2: 機械名 | D2: 単価 | E2: 在庫数 | H2: 金額
E3: 倉庫① | F3: 倉庫②(棚) | G3: 機械内 | H3: =SUM(H4:H97) -> 1923889
A4: 小倉1000円ガチャ | B4: A景品 | C4: ティアラ1000 | D4: 1050 | E4: 0 | F4: 0 | G4: 4 | H4: =D4*(E4+F4+G4) -> 4200
B5: 1000円カプセル景品 | C5: ティアラ1000 | D5: 150 | E5: 0 | F5: 0 | G5: 126 | H5: =D5*(E5+F5+G5) -> 18900
B6: スイッチライト本体 | C6: ティアラ1000 | D6: 21970 | E6: 0 | F6: 0 | G6: 2 | H6: =D6*(E6+F6+G6) -> 43940
B7: スイッチソフト | C7: ティアラ1000 | D7: 5600 | E7: 0 | F7: 0 | G7: 4 | H7: =D7*(E7+F7+G7) -> 22400
B8: ＮＩＫＥスニーカー | C8: ティアラ1000 | D8: 21970 | E8: 1 | F8: 0 | G8: 0 | H8: =D8*(E8+F8+G8) -> 21970
B9: ポケカメガブレイブ | C9: ティアラ1000 | D9: 24440 | E9: 0 | F9: 0 | G9: 1 | H9: =D9*(E9+F9+G9) -> 24440
B10: ラブブエナジーシリーズ | C10: ティアラ1000 | D10: 3943 | E10: 0 | F10: 0 | G10: 1 | H10: =D10*(E10+F10+G10) -> 3943
B11: ラブブマカロンシリーズ | C11: ティアラ1000 | D11: 4579 | E11: 0 | F11: 0 | G11: 1 | H11: =D11*(E11+F11+G11) -> 4579
B12: VRゴーグル | C12: ティアラ1000 | D12: 4999 | E12: 0 | F12: 0 | G12: 1 | H12: =D12*(E12+F12+G12) -> 4999
B13: ドローン | C13: ティアラ1000 | D13: 14256 | E13: 0 | F13: 0 | G13: 1 | H13: =D13*(E13+F13+G13) -> 14256
H14: =D14*(E14+F14+G14) -> 0
A15: 飯塚2000円ガチャ | B15: A景品 | C15: デカプセル | D15: 1050 | E15: 0 | F15: 0 | G15: 8 | H15: =D15*(E15+F15+G15) -> 8400
B16: 2000円ガチャカプセル景品 | C16: デカプセル | D16: 450 | E16: 200 | F16: 0 | G16: 180 | H16: =D16*(E16+F16+G16) -> 171000
B17: PS5 | C17: デカプセル | D17: 72930 | E17: 0 | F17: 0 | G17: 1 | H17: =D17*(E17+F17+G17) -> 72930
B18: アップルウォッチ | C18: デカプセル | D18: 34800 | E18: 0 | F18: 0 | G18: 1 | H18: =D18*(E18+F18+G18) -> 34800
B19: スイッチライト本体 | C19: デカプセル | D19: 21970 | E19: 0 | F19: 0 | G19: 2 | H19: =D19*(E19+F19+G19) -> 43940
B20: スイッチソフト大乱闘スマッシュブラザーズ | C20: デカプセル | D20: 6498 | E20: 0 | F20: 0 | G20: 1 | H20: =D20*(E20+F20+G20) -> 6498
B21: PS5ポータブル | C21: デカプセル | D21: 36842 | E21: 0 | F21: 0 | G21: 1 | H21: =D21*(E21+F21+G21) -> 36842
B22: スイッチソフトマリオパーティ | C22: デカプセル | D22: 5148 | E22: 0 | F22: 0 | G22: 1 | H22: =D22*(E22+F22+G22) -> 5148
B23: スイッチ本体 | C23: デカプセル | D23: 38000 | E23: 0 | F23: 0 | G23: 2 | H23: =D23*(E23+F23+G23) -> 76000
B24: リファシャワーヘッド | C24: デカプセル | D24: 30000 | E24: 0 | F24: 0 | G24: 1 | H24: =D24*(E24+F24+G24) -> 30000
B25: サロニアヘアドライヤー | C25: デカプセル | D25: 5380 | E25: 0 | F25: 0 | G25: 1 | H25: =D25*(E25+F25+G25) -> 5380
B26: アップルイヤホン | C26: デカプセル | D26: 29800 | E26: 0 | F26: 0 | G26: 1 | H26: =D26*(E26+F26+G26) -> 29800
B27: リファストレートアイロン | C27: デカプセル | D27: 23000 | E27: 0 | F27: 0 | G27: 1 | H27: =D27*(E27+F27+G27) -> 23000
... B33: ラブブマカロンシリーズ | C33: デカプセル | D33: 4579 | E33: 1 | F33: 0 | G33: 2 | H33: =D33*(E33+F33+G33) -> 13737
B34: switch2 | D34: 70000 | E34: 1 | F34: 0 | G34: 0 | H34: =D34*(E34+F34+G34) -> 70000
H35: =D35*(E35+F35+G35) -> 0
A36: 飯塚1000円ガチャ | B36: A景品 | C36: 1000円ガチャ | D36: 1050 | E36: 0 | F36: 0 | G36: 7 | H36: =D36*(E36+F36+G36) -> 7350
B37: 1000円カプセル景品 | C37: 1000円ガチャ | D37: 150 | E37: 100 | F37: 0 | G37: 142 | H37: =D37*(E37+F37+G37) -> 36300
B38: ポケカメガブレイブ | C38: 1000円ガチャ | D38: 12200 | E38: 0 | F38: 0 | G38: 1 | H38: =D38*(E38+F38+G38) -> 12200
B39: ポケカメガシンフォニア | C39: 1000円ガチャ | D39: 7880 | E39: 0 | F39: 0 | G39: 1 | H39: =D39*(E39+F39+G39) -> 7880
B40: しなこマシュマロ | C40: 1000円ガチャ | D40: 864 | E40: 0 | F40: 3 | G40: 0 | H40: =D40*(E40+F40+G40) -> 2592
B41: しなこ水筒 | C41: 1000円ガチャ | D41: 9878 | E41: 0 | F41: 0 | G41: 1 | H41: =D41*(E41+F41+G41) -> 9878
B42: たまごっちUNI | C42: 1000円ガチャ | D42: 11000 | E42: 0 | F42: 0 | G42: 1 | H42: =D42*(E42+F42+G42) -> 11000
B43: スイッチライトハイラルエディション | C43: 1000円ガチャ | D43: 22980 | E43: 0 | F43: 0 | G43: 1 | H43: =D43*(E43+F43+G43) -> 22980
B44: VRゴーグル | C44: 1000円ガチャ | D44: 2490 | E44: 0 | F44: 0 | G44: 1 | H44: =D44*(E44+F44+G44) -> 2490
B45: カメラ付きドローン | C45: 1000円ガチャ | D45: 6441 | E45: 0 | F45: 0 | G45: 1 | H45: =D45*(E45+F45+G45) -> 6441
B46: 太鼓の達人ソフト＆バチセット | C46: 1000円ガチャ | D46: 7400 | E46: 0 | F46: 0 | G46: 1 | H46: =D46*(E46+F46+G46) -> 7400
B47: ラブブエナジーシリーズ | C47: 1000円ガチャ | D47: 3943 | E47: 0 | F47: 0 | G47: 1 | H47: =D47*(E47+F47+G47) -> 3943
B48: ラブブマカロンシリーズ | C48: 1000円ガチャ | D48: 4579 | E48: 0 | F48: 0 | G48: 1 | H48: =D48*(E48+F48+G48) -> 4579
B49: スーパーゴリラのひとつき | C49: 1000円ガチャ | D49: 5980 | E49: 1 | F49: 0 | G49: 0 | H49: =D49*(E49+F49+G49) -> 5980
H50: =D50*(E50+F50+G50) -> 0
A51: 飯塚スニーカーガチャ | B51: 2000円カプセル | C51: スニーカーガチャ | D51: 450 | E51: 0 | F51: 0 | G51: 235 | H51: =D51*(E51+F51+G51) -> 105750
B52: ディオール香水アソート | C52: スニーカーガチャ | D52: 6580 | E52: 0 | F52: 0 | G52: 1 | H52: =D52*(E52+F52+G52) -> 6580
B53: ミスディオールハンドクリームセット | C53: スニーカーガチャ | D53: 7990 | E53: 0 | F53: 0 | G53: 1 | H53: =D53*(E53+F53+G53) -> 7990
B54: シャネルギフトセット | C54: スニーカーガチャ | D54: 17380 | E54: 0 | F54: 0 | G54: 1 | H54: =D54*(E54+F54+G54) -> 17380
B55: ブルガリ香水アソート | C55: スニーカーガチャ | D55: 12875 | E55: 0 | F55: 0 | G55: 1 | H55: =D55*(E55+F55+G55) -> 12875
B56: ラルフローレントートバッグ | C56: スニーカーガチャ | D56: 8800 | E56: 0 | F56: 0 | G56: 1 | H56: =D56*(E56+F56+G56) -> 8800
B57: Nikeスニーカー | C57: スニーカーガチャ | D57: 23000 | E57: 0 | F57: 0 | G57: 1 | H57: =D57*(E57+F57+G57) -> 23000
B58: ラブブエナジーシリーズ | C58: スニーカーガチャ | D58: 3943 | E58: 0 | F58: 0 | G58: 2 | H58: =D58*(E58+F58+G58) -> 7886
B59: ラブブマカロンシリーズ | C59: スニーカーガチャ | D59: 4579 | E59: 0 | F59: 0 | G59: 2 | H59: =D59*(E59+F59+G59) -> 9158
B60: ザノースフェイストートバッグ | C60: スニーカーガチャ | D60: 8228 | E60: 0 | F60: 0 | G60: 1 | H60: =D60*(E60+F60+G60) -> 8228
B61: ザノースフェイスバケットハット | C61: スニーカーガチャ | D61: 6180 | E61: 0 | F61: 0 | G61: 1 | H61: =D61*(E61+F61+G61) -> 6180
B62: カルバンクラインキャップ | C62: スニーカーガチャ | D62: 3850 | E62: 0 | F62: 0 | G62: 1 | H62: =D62*(E62+F62+G62) -> 3850
B63: ジョーダンバッグ | C63: スニーカーガチャ | D63: 28111 | E63: 0 | F63: 0 | G63: 1 | H63: =D63*(E63+F63+G63) -> 28111
... B70: サボンセット | C70: スニーカーガチャ | D70: 6050 | E70: 0 | F70: 0 | G70: 1 | H70: =D70*(E70+F70+G70) -> 6050
H71: =D71*(E71+F71+G71) -> 0
A72: 黒崎店 | B72: 2000円カプセル景品 | C72: ティアラ2000 | D72: 450 | G72: 280 | H72: =D72*(E72+F72+G72) -> 126000
B73: A景品 | C73: ティアラ2000 | D73: 1050 | G73: 4 | H73: =D73*(E73+F73+G73) -> 4200
B74: スイッチ本体 | C74: ティアラ2000 | D74: 38000 | G74: 1 | H74: =D74*(E74+F74+G74) -> 38000
B75: スイッチ旧型本体 | C75: ティアラ2000 | D75: 32800 | G75: 1 | H75: =D75*(E75+F75+G75) -> 32800
B76: エアポッツ 整備済み品 | C76: ティアラ2000 | D76: 26410 | G76: 1 | H76: =D76*(E76+F76+G76) -> 26410
B77: ＮＩＫＥスニーカー 八村 | C77: ティアラ2000 | D77: 30000 | G77: 1 | H77: =D77*(E77+F77+G77) -> 30000
B78: ポケカBOX EX | C78: ティアラ2000 | D78: 11000 | G78: 2 | H78: =D78*(E78+F78+G78) -> 22000
B79: ジョーダン ハンドバッグ | C79: ティアラ2000 | D79: 38000 | G79: 1 | H79: =D79*(E79+F79+G79) -> 38000
B80: 天面投影プロジェクター | C80: ティアラ2000 | D80: 8580 | G80: 1 | H80: =D80*(E80+F80+G80) -> 8580
B81: Diorトラベルセット | C81: ティアラ2000 | D81: 15980 | G81: 1 | H81: =D81*(E81+F81+G81) -> 15980
B82: シュプリームショルダー | C82: ティアラ2000 | D82: 16680 | G82: 1 | H82: =D82*(E82+F82+G82) -> 16680
B83: サーキュレーター | C83: ティアラ2000 | D83: 3980 | G83: 1 | H83: =D83*(E83+F83+G83) -> 3980
B84: ラブブエナジーシリーズ | C84: ティアラ2000 | D84: 3943 | G84: 3 | H84: =D84*(E84+F84+G84) -> 11829
... B91: ポケカBOX EX | C91: 1000GATCHA | D91: 11000 | G91: 1 | H91: =D91*(E91+F91+G91) -> 11000
B92: switchプロコントローラー | C92: 1000GATCHA | D92: 5478 | E92: 1 | G92: 0 | H92: =D92*(E92+F92+G92) -> 5478
B93: ラブブ | C93: 1000GATCHA | D93: 3900 | G93: 1 | H93: =D93*(E93+F93+G93) -> 3900
B94: ポケカメガシンフォニア | C94: 1000GATCHA | D94: 7880 | G94: 1 | H94: =D94*(E94+F94+G94) -> 7880
B95: ポケカメガブレイブ | C95: 1000GATCHA | D95: 12200 | G95: 1 | H95: =D95*(E95+F95+G95) -> 12200
B96: ラブブエナジーシリーズ | C96: 1000GATCHA | D96: 3943 | G96: 1 | H96: =D96*(E96+F96+G96) -> 3943
B97: ラブブマカロンシリーズ | C97: 1000GATCHA | D97: 4579 | G97: 1 | H97: =D97*(E97+F97+G97) -> 4579
A100: 46081
A101: 店舗 | B101: 景品名 | C101: 機械名 | D101: 単価 | E101: 在庫数 | H101: 金額
E102: 倉庫① | F102: 倉庫②(棚) | G102: 機械内 | H102: =SUM(H103:H194) -> 1955129
A103: 小倉1000円ガチャ | B103: A景品 | C103: ティアラ1000 | D103: 1050 | E103: 0 | F103: 0 | G103: 6 | H103: =D103*(E103+F103+G103) -> 6300
B104: 1000円カプセル景品 | C104: ティアラ1000 | D104: 150 | E104: 0 | F104: 0 | G104: 140 | H104: =D104*(E104+F104+G104) -> 21000
B105: スイッチライト本体 | C105: ティアラ1000 | D105: 21970 | E105: 0 | F105: 0 | G105: 2 | H105: =D105*(E105+F105+G105) -> 43940
B106: スイッチソフト | C106: ティアラ1000 | D106: 5600 | E106: 2 | F106: 0 | G106: 2 | H106: =D106*(E106+F106+G106) -> 22400
B107: ＮＩＫＥスニーカー | C107: ティアラ1000 | D107: 21970 | E107: 1 | F107: 0 | G107: 0 | H107: =D107*(E107+F107+G107) -> 21970
B108: スカルパンダ | C108: ティアラ1001 | D108: 3000 | E108: 0 | F108: 0 | G108: 2 | H108: =D108*(E108+F108+G108) -> 6000
B109: ラブブエナジーシリーズ | C109: ティアラ1000 | D109: 3943 | E109: 0 | F109: 0 | G109: 1 | H109: =D109*(E109+F109+G109) -> 3943
B110: ラブブマカロンシリーズ | C110: ティアラ1000 | D110: 4579 | E110: 0 | F110: 0 | G110: 1 | H110: =D110*(E110+F110+G110) -> 4579
B111: VRゴーグル | C111: ティアラ1000 | D111: 4999 | E111: 0 | F111: 0 | G111: 1 | H111: =D111*(E111+F111+G111) -> 4999
B112: イニシャルラブブ | C112: ティアラ1000 | D112: 2277 | E112: 0 | F112: 0 | G112: 4 | H112: =D112*(E112+F112+G112) -> 9108
B113: ボンボンドロップシール | C113: ティアラ1000 | D113: 2500 | E113: 0 | F113: 0 | G113: 6 | H113: =D113*(E113+F113+G113) -> 15000
A115: 飯塚2000円ガチャ | B115: A景品 | C115: デカプセル | D115: 1050 | E115: 0 | F115: 0 | G115: 9 | H115: =D115*(E115+F115+G115) -> 9450
B116: 2000円ガチャカプセル景品 | C116: デカプセル | D116: 450 | E116: 150 | F116: 0 | G116: 185 | H116: =D116*(E116+F116+G116) -> 150750
B117: PS5 | C117: デカプセル | D117: 72930 | E117: 0 | F117: 0 | G117: 1 | H117: =D117*(E117+F117+G117) -> 72930
B118: アップルウォッチ | C118: デカプセル | D118: 34800 | E118: 0 | F118: 0 | G118: 1 | H118: =D118*(E118+F118+G118) -> 34800
B119: スイッチライト本体 | C119: デカプセル | D119: 21970 | E119: 0 | F119: 0 | G119: 1 | H119: =D119*(E119+F119+G119) -> 21970
B120: スイッチソフト大乱闘スマッシュブラザーズ | C120: デカプセル | D120: 6498 | E120: 0 | F120: 0 | G120: 1 | H120: =D120*(E120+F120+G120) -> 6498
...

Sheet 鹿児島
A1: 46081
A2: 店舗 | B2: 機械名 | C2: 景品名 | D2: 単価 | E2: 在庫数 | H2: 金額
E3: 倉庫① | F3: 倉庫② | G3: 機械内
E4: =SUM(E5:E303) -> 2381 | F4: =SUM(F5:F303) -> 1084 | G4: =SUM(G5:G303) -> 3091 | H4: =SUM(H5:H334) -> 4332895
A5: 鹿屋 | B5: 1000GATCHA(2000) | C5: スイッチ本体 | D5: 39800 | G5: 1 | H5: =D5*(E5+F5+G5) -> 39800
C6: NIKEスニーカー | D6: 20000 | G6: 1 | H6: =D6*(E6+F6+G6) -> 20000
C7: ブランドコスメ | D7: 5000 | H7: =D7*(E7+F7+G7) -> 0
C8: シュプリームバッグ | D8: 29800 | G8: 3 | H8: =D8*(E8+F8+G8) -> 89400
C9: リファへアアイロン | D9: 25000 | H9: =D9*(E9+F9+G9) -> 0
C10: PSポータルリモートプレーヤー | D10: 38700 | G10: 1 | H10: =D10*(E10+F10+G10) -> 38700
C11: A景品 | D11: 1000 | G11: 3 | H11: =D11*(E11+F11+G11) -> 3000
C12: ラブブBOX
C13: 2000カプセル | D13: 450 | G13: 210 | H13: =D13*(E13+F13+G13) -> 94500
C14: bossヘッドホン | G14: 1
B15: 1000GATCHA | C15: スイッチライト | D15: 19800 | G15: 1 | H15: =D15*(E15+F15+G15) -> 19800
C16: ポケモンカードBOX | D16: 5500 | G16: 2 | H16: =D16*(E16+F16+G16) -> 11000
C17: ブランドコスメギフトセット | D17: 5500 | H17: =D17*(E17+F17+G17) -> 0
C18: スイッチソフト | D18: 5500 | H18: =D18*(E18+F18+G18) -> 0
C19: ブラウン5 シェーバー | D19: 12500
C20: 電動歯ブラシ | D20: 10000 | H20: =D20*(E20+F20+G20) -> 0
C21: A景品 | D21: 1050 | G21: 5 | H21: =D21*(E21+F21+G21) -> 5250
C22: ボンボンドロップシール | D22: 1500 | G22: 2 | H22: 3000
C23: 1000カプセル | D23: 150 | G23: 200 | H23: =D23*(E23+F23+G23) -> 30000
B25: 500GATCHA | C25: ゲームソフト | D25: 5000 | G25: 3 | H25: =D25*(E25+F25+G25) -> 15000
C26: ラブブ | D26: 4000 | G26: 2 | H26: =D26*(E26+F26+G26) -> 8000
H27: =D27*(E27+F27+G27) -> 0
C28: A景品 | D28: 1000 | G28: 9 | H28: =D28*(E28+F28+G28) -> 9000
H29: =D29*(E29+F29+G29) -> 0
C30: 500カプセル | D30: 55 | G30: 350 | H30: =D30*(E30+F30+G30) -> 19250
H31: =D31*(E31+F31+G31) -> 0
A33: 都城 | B33: 1000GATCHA(2000) | C33: スイッチ本体 | D33: 39800 | G33: 1 | H33: =D33*(E33+F33+G33) -> 39800
C34: NIKEスニーカー | D34: 25000 | G34: 1 | H34: =D34*(E34+F34+G34) -> 25000
H35: =D35*(E35+F35+G35) -> 0
H36: =D36*(E36+F36+G36) -> 0
C37: Appleウォッチ | D37: 26500 | G37: 1 | H37: =D37*(E37+F37+G37) -> 26500
H38: =D38*(E38+F38+G38) -> 0
C39: PS5 | D39: 59800 | G39: 1 | H39: =D39*(E39+F39+G39) -> 59800
C40: ポケモンカード | H40: =D40*(E40+F40+G40) -> 0
C41: A景品 | D41: 1050 | G41: 4 | H41: 4200
C42: 2000カプセル | D42: 450 | G42: 210 | H42: =D42*(E42+F42+G42) -> 94500
H43: =D43*(E43+F43+G43) -> 0
B44: 1000ティアラ | C44: スイッチライト | D44: 19800 | G44: 2 | H44: =D44*(E44+F44+G44) -> 39600
C45: Airpods | D45: 19800 | H45: =D45*(E45+F45+G45) -> 0
C46: ボンボンドロップシール | D46: 1500 | G46: 3 | H46: =D46*(E46+F46+G46) -> 4500
C47: アンカーサウンドコア300 | D47: 12990 | G47: 1 | H47: =D47*(E47+F47+G47) -> 12990
C48: NIKEスニーカー | D48: 10000 | H48: =D48*(E48+F48+G48) -> 0
C49: インスタックスmini12 セット | D49: 19800 | H49: =D49*(E49+F49+G49) -> 0
C50: ラブブ | D50: 4000 | G50: 2 | H50: =D50*(E50+F50+G50) -> 8000
C51: A景品 | D51: 1050 | G51: 3 | H51: =D51*(E51+F51+G51) -> 3150
H52: =D52*(E52+F52+G52) -> 0
C53: 1000カプセル | D53: 150 | G53: 220 | H53: =D53*(E53+F53+G53) -> 33000
A54: 霧島隼人 | B54: 2000ティアラ | C54: シュプリームショルダーバッグ | D54: 26990 | H54: =D54*(E54+F54+G54) -> 0
C55: リバティー4プロ | D55: 20000 | H55: =D55*(E55+F55+G55) -> 0
C56: PS5 | D56: 59800 | G56: 1 | H56: =D56*(E56+F56+G56) -> 59800
C57: スイッチ本体 | D57: 39800 | G57: 1 | H57: =D57*(E57+F57+G57) -> 39800
C58: ブランドコスメセット | D58: 7000 | G58: 1 | H58: =D58*(E58+F58+G58) -> 7000
C59: refaヘアアイロン | G59: 1 | H59: =D59*(E59+F59+G59) -> 0
C60: ロジクールキーボード | D60: 10980 | H60: =D60*(E60+F60+G60) -> 0
C61: スイッチソフト | D61: 5000 | G61: 1 | H61: =D61*(E61+F61+G61) -> 5000
C62: ポケモンカードBOX | D62: 5500 | G62: 1 | H62: =D62*(E62+F62+G62) -> 5500
C63: A景品 | D63: 1050 | G63: 4 | H63: =D63*(E63+F63+G63) -> 4200
C64: ラブブBOX | D64: =25000/6 -> 4166.6667 | G64: 3 | H64: =D64*(E64+F64+G64) -> 12500
C65: Apple watch ナイキ | G65: 1
C66: 2000カプセル | D66: 450 | G66: 300 | H66: =D66*(E66+F66+G66) -> 135000
B68: 1000GATCHA | C68: スイッチライト | D68: 19800 | G68: 2 | H68: =D68*(E68+F68+G68) -> 39600
C69: シュプリームショルダーバッグ | D69: 20000 | G69: 1 | H69: =D69*(E69+F69+G69) -> 20000
C70: モーメントトゥルーワイヤレス３ | D70: 16800 | H70: =D70*(E70+F70+G70) -> 0
C71: oral B 電動歯ブラシ | D71: 5000 | G71: 1 | H71: =D71*(E71+F71+G71) -> 5000
C72: JBLスピーカー | D72: 18000 | H72: =D72*(E72+F72+G72) -> 0
C73: スイッチソフト | D73: 5800 | G73: 1 | H73: =D73*(E73+F73+G73) -> 5800
C74: ラブブ | D74: 4000 | G74: 2 | H74: =D74*(E74+F74+G74) -> 8000
C75: A景品 | D75: 1050 | G75: 6 | H75: =D75*(E75+F75+G75) -> 6300
C76: ボンボンドロップシール | D76: 1500 | G76: 2 | H76: 3000
C77: 1000カプセル | D77: 150 | G77: 250 | H77: =D77*(E77+F77+G77) -> 37500
B79: 500GATCHA | C79: スイッチソフト | D79: 5800 | H79: =D79*(E79+F79+G79) -> 0
C80: ラブブ | D80: 4000 | G80: 2 | H80: =D80*(E80+F80+G80) -> 8000
C81: ボンボンドロップシール | D81: 1500 | G81: 2 | H81: =D81*(E81+F81+G81) -> 3000
C82: サンリオ | D82: 1500 | H82: =D82*(E82+F82+G82) -> 0
C83: A景品 | D83: 1050 | G83: 6 | H83: =D83*(E83+F83+G83) -> 6300
H84: =D84*(E84+F84+G84) -> 0
C86: 500カプセル | D86: 55 | G86: 200 | H86: =D86*(E86+F86+G86) -> 11000
A88: 薩摩川内 | B88: 2000ティアラ | C88: PS5 | D88: 59800 | G88: 1 | H88: =D88*(E88+F88+G88) -> 59800
C89: スイッチ本体 | D89: 39800 | H89: =D89*(E89+F89+G89) -> 0
C90: AirpodsPro | D90: 39800 | G90: 1 | H90: =D90*(E90+F90+G90) -> 39800
C91: シュプリームスニーカー | D91: 27500 | G91: 1 | H91: =D91*(E91+F91+G91) -> 27500
C92: リファヘアドライヤー | D92: 38700 | G92: 1 | H92: =D92*(E92+F92+G92) -> 38700
C93: AnkerスピーカーRaveNeo2 | D93: 25980 | H93: =D93*(E93+F93+G93) -> 0
C94: シュプリームバッグ | D94: 25000 | G94: 1 | H94: =D94*(E94+F94+G94) -> 25000
C95: A景品 | D95: 1050 | H95: =D95*(E95+F95+G95) -> 0
C97: 2000カプセル | D97: 450 | G97: 210 | H97: =D97*(E97+F97+G97) -> 94500
B99: 1000GATCHA | C99: スイッチライト | D99: 19800 | G99: 1 | H99: =D99*(E99+F99+G99) -> 19800
C100: ラブブ | D100: 4000 | G100: 3 | H100: =D100*(E100+F100+G100) -> 12000
C101: UBLスピーカー | G101: 1 | H101: =D101*(E101+F101+G101) -> 0
C102: インタックスカメラ | D102: 14500 | G102: 1 | H102: =D102*(E102+F102+G102) -> 14500
C103: ボンボンドロップシール | D103: 1500 | G103: 2 | H103: =D103*(E103+F103+G103) -> 3000
H104: =D104*(E104+F104+G104) -> 0
H105: =D105*(E105+F105+G105) -> 0
H106: =D106*(E106+F106+G106) -> 0
C107: A景品 | D107: 1050 | G107: 6 | H107: =D107*(E107+F107+G107) -> 6300
C109: 1000カプセル | D109: 150 | G109: 350 | H109: =D109*(E109+F109+G109) -> 52500
...

Sheet 塩川
A1: 46081
A2: 店舗 | B2: 機械名 | C2: 景品名 | D2: 単価 | E2: 在庫数 | H2: 金額
E3: 倉庫① | F3: 倉庫② | G3: 機械内
E4: =SUM(E5:E63) -> 0 | F4: =SUM(F5:F63) -> 0 | G4: =SUM(G5:G63) -> 0 | H4: =SUM(H5:H63) -> 181061
A5: 西新 | C5: 機械内景品 | H5: 53097 | I5: 詳細は別紙
H6: =D6*(E6+F6+G6) -> 0
H7: =D7*(E7+F7+G7) -> 0
A8: 浜の町 | C8: 機械内景品 | H8: 65742 | I8: 詳細は別紙
B9: 1000GACHA | H9: =D9*(E9+F9+G9) -> 0
H10: =D10*(E10+F10+G10) -> 0
H11: =D11*(E11+F11+G11) -> 0
H12: =D12*(E12+F12+G12) -> 0
H13: =D13*(E13+F13+G13) -> 0
H14: =D14*(E14+F14+G14) -> 0
H15: =D15*(E15+F15+G15) -> 0
H16: =D16*(E16+F16+G16) -> 0
H17: =D17*(E17+F17+G17) -> 0
H18: =D18*(E18+F18+G18) -> 0
H19: =D19*(E19+F19+G19) -> 0
H20: =D20*(E20+F20+G20) -> 0
A21: 時津 | C21: 機械内景品 | H21: 62222 | I21: 詳細は別紙
B22: ガチャコロ２ | H22: =D22*(E22+F22+G22) -> 0
H23: =D23*(E23+F23+G23) -> 0
H24: =D24*(E24+F24+G24) -> 0
H25: =D25*(E25+F25+G25) -> 0
H26: =D26*(E26+F26+G26) -> 0
H27: =D27*(E27+F27+G27) -> 0
H28: =D28*(E28+F28+G28) -> 0
H29: =D29*(E29+F29+G29) -> 0
H30: =D30*(E30+F30+G30) -> 0
H31: =D31*(E31+F31+G31) -> 0
H32: =D32*(E32+F32+G32) -> 0
H33: =D33*(E33+F33+G33) -> 0
H34: =D34*(E34+F34+G34) -> 0
A35: 手持ち景品 | H35: =D35*(E35+F35+G35) -> 0
H36: =D36*(E36+F36+G36) -> 0
H37: =D37*(E37+F37+G37) -> 0
H38: =D38*(E38+F38+G38) -> 0
H39: =D39*(E39+F39+G39) -> 0
H40: =D40*(E40+F40+G40) -> 0
H41: =D41*(E41+F41+G41) -> 0
H42: =D42*(E42+F42+G42) -> 0
H43: =D43*(E43+F43+G43) -> 0
H44: =D44*(E44+F44+G44) -> 0
H45: =D45*(E45+F45+G45) -> 0
H46: =D46*(E46+F46+G46) -> 0
H47: =D47*(E47+F47+G47) -> 0
... H63: =D63*(E63+F63+G63) -> 0

Sheet 坂本
A1: 46081
A2: 店舗 | B2: 機械名 | C2: 景品名 | D2: 単価 | E2: 在庫数 | H2: 金額
E3: 倉庫① | F3: 倉庫② | G3: 機械内
H4: =SUM(H5:H122) -> 2510491
A5: 福重 | B5: BUZZクレーン他 | C5: クレーン景品 | H5: 688594 | I5: 詳細は別表
B6: 500GACHA | C6: カプセル景品 | D6: 55 | G6: 150 | H6: =D6*(E6+F6+G6) -> 8250
C7: A景品 | D7: 1050 | G7: 3 | H7: =D7*(E7+F7+G7) -> 3150
C8: スイッチソフト | D8: 5500 | H8: =D8*(E8+F8+G8) -> 0
C11: しなこ水筒 | D11: 6000 | G11: 1 | H11: =D11*(E11+F11+G11) -> 6000
H13: =D13*(E13+F13+G13) -> 0
B14: 1000GACHA | C14: カプセル景品 | D14: 450 | G14: 100 | H14: =D14*(E14+F14+G14) -> 45000
C15: A景品 | D15: 1050 | G15: 5 | H15: =D15*(E15+F15+G15) -> 5250
C16: PS5 | D16: 65000 | G16: 1 | H16: =D16*(E16+F16+G16) -> 65000
C17: echopop | D17: 5500 | G17: 1 | H17: =D17*(E17+F17+G17) -> 5500
C18: スイッチ本体 | D18: 38000 | H18: =D18*(E18+F18+G18) -> 0
C19: BOSEヘッドホン | D19: 36000 | H19: =D19*(E19+F19+G19) -> 0
C20: シュプリームニット帽 | D20: 16700 | H20: =D20*(E20+F20+G20) -> 0
C21: シュプリームウエストポーチ | D21: 15400 | H21: =D21*(E21+F21+G21) -> 0
C22: ディオール | D22: 8800 | H22: =D22*(E22+F22+G22) -> 0
C23: ティファニー | D23: 8800 | G23: 1 | H23: =D23*(E23+F23+G23) -> 8800
C24: 電動歯ブラシ | D24: 3300 | G24: 1 | H24: =D24*(E24+F24+G24) -> 3300
C25: スイッチソフト | D25: 5500 | G25: 2 | H25: =D25*(E25+F25+G25) -> 11000
C26: ナイキスニーカーシュプリーム | D26: 22000 | G26: 1 | H26: =D26*(E26+F26+G26) -> 22000
H27: =D27*(E27+F27+G27) -> 0
B28: ティアラ スニーカー | C28: カプセル景品 | D28: 450 | G28: 100 | H28: =D28*(E28+F28+G28) -> 45000
C29: A景品 | D29: 1050 | G29: 0 | H29: =D29*(E29+F29+G29) -> 0
C30: ナイキスニーカー | D30: 22000 | G30: 3 | H30: =D30*(E30+F30+G30) -> 66000
C31: シュプリームニット帽 | D31: 16700 | H31: =D31*(E31+F31+G31) -> 0
C32: シュプリームウエストポーチ | D32: 15400 | G32: 1 | H32: =D32*(E32+F32+G32) -> 15400
B34: ティアラ ゲーム | C34: カプセル景品 | D34: 450 | G34: 150 | H34: =D34*(E34+F34+G34) -> 67500
C35: switchライト | D35: 17000 | G35: 2 | H35: =D35*(E35+F35+G35) -> 34000
C36: switch本体 | D36: 39800 | G36: 1 | H36: =D36*(E36+F36+G36) -> 39800
C37: ジョイコン | D37: 8500 | G37: 2 | H37: =D37*(E37+F37+G37) -> 17000
C38: プロコン | D38: 8500 | G38: 1 | H38: =D38*(E38+F38+G38) -> 8500
B40: ティアラ ブランド | C40: カプセル景品 | D40: 450 | G40: 80 | H40: =D40*(E40+F40+G40) -> 36000
C41: リファドライヤー | D41: 40000 | G41: 0 | H41: =D41*(E41+F41+G41) -> 0
C42: GUESSバッグ | D42: 20000 | G42: 1 | H42: =D42*(E42+F42+G42) -> 20000
C43: coach財布 | D43: 20000 | G43: 1 | H43: =D43*(E43+F43+G43) -> 20000
C44: トミーヒルフィガーショルダーバッグ | D44: 6000 | H44: =D44*(E44+F44+G44) -> 0
C45: ディーゼルカードケース | D45: 10000 | H45: =D45*(E45+F45+G45) -> 0
B47: ティアラ ゲームソフト | C47: カプセル景品 | D47: 150 | G47: 80 | H47: =D47*(E47+F47+G47) -> 12000
C48: A景品 | D48: 1050 | G48: 3 | H48: =D48*(E48+F48+G48) -> 3150
C49: スイッチソフト | D49: 5500 | G49: 10 | H49: =D49*(E49+F49+G49) -> 55000
H51: =D51*(E51+F51+G51) -> 0
A52: 那珂川 | B52: クレーン３台 | C52: クレーン景品 | H52: 161990 | I52: 詳細は別表
H53: =D53*(E53+F53+G53) -> 0
B54: ティアラ2000円 | C54: カプセル景品 | D54: 450 | G54: 100 | H54: =D54*(E54+F54+G54) -> 45000
C55: A景品 | D55: 1050 | G55: 0 | H55: =D55*(E55+F55+G55) -> 0
C56: PS5 | D56: 50000 | G56: 1 | H56: =D56*(E56+F56+G56) -> 50000
C57: スイッチソフト | D57: 5500 | G57: 2 | H57: =D57*(E57+F57+G57) -> 11000
C58: シュプリームウエストポーチ | D58: 10000 | G58: 0 | H58: =D58*(E58+F58+G58) -> 0
C59: スイッチ本体 | D59: 38000 | G59: 1 | H59: =D59*(E59+F59+G59) -> 38000
C60: リファドライヤー | D60: 40000 | G60: 0 | H60: =D60*(E60+F60+G60) -> 0
C61: スニーカー | D61: 22000 | G61: 2 | H61: =D61*(E61+F61+G61) -> 44000
C62: しなこ水筒 | D62: 6000 | G62: 0 | H62: =D62*(E62+F62+G62) -> 0
C63: Diorギフト | D63: 8000 | G63: 0 | H63: 8000
C64: CHANEL | D64: 9000 | G64: 1 | H64: 8000
H65: =D65*(E65+F65+G65) -> 0
A66: 唐津 | B66: クレーン４台 | C66: クレーン景品 | H66: 303997 | I66: 詳細は別表
B68: 1000GACHA 1000円 | C68: カプセル景品 | D68: 150 | G68: 100 | H68: =D68*(E68+F68+G68) -> 15000
C69: A景品 | D69: 1050 | G69: 0 | H69: =D69*(E69+F69+G69) -> 0
C70: 教祖爆誕 | D70: 2750 | G70: 0 | H70: =D70*(E70+F70+G70) -> 0
C71: スイッチソフト | D71: 5500 | G71: 1 | H71: =D71*(E71+F71+G71) -> 5500
C72: シュプリームウエストポーチ | D72: 10000 | G72: 1 | H72: =D72*(E72+F72+G72) -> 10000
C73: スイッチ本体 | D73: 38000 | G73: 1 | H73: =D73*(E73+F73+G73) -> 38000
C74: リファドライヤー | D74: 40000 | G74: 0 | H74: =D74*(E74+F74+G74) -> 0
C75: スニーカー | D75: 22000 | G75: 1 | H75: =D75*(E75+F75+G75) -> 22000
C76: しなこ水筒 | D76: 6000 | G76: 0 | H76: =D76*(E76+F76+G76) -> 0
C77: Diorギフト | D77: 8000 | G77: 0 | H77: =D77*(E77+F77+G77) -> 0
C78: CHANEL | D78: 9000 | G78: 0 | H78: =D78*(E78+F78+G78) -> 0
H79: =D79*(E79+F79+G79) -> 0
A80: ダイキョー | B80: BUZZクレーン他 | C80: クレーン景品 | H80: 128803 | I80: 詳細は別表
A82: ベイサイド | B82: BUZZクレーン他 | C82: クレーン景品 | H82: 310007 | I82: 詳細は別表
A84: 自宅 | C84: ロリータマスコットポーチ | G84: 38 | H84: =D84*(E84+F84+G84) -> 0
C85: サンリオホワイトマスコットポーチ | G85: 100 | H85: =D85*(E85+F85+G85) -> 0
C86: キティヘアバンド | G86: 126 | H86: =D86*(E86+F86+G86) -> 0
C87: サンリオ豹柄ヘアバンド | G87: 34 | H87: =D87*(E87+F87+G87) -> 0
C88: サンリオボアバンスクリップ | G88: 339 | H88: =D88*(E88+F88+G88) -> 0
C89: サンリオボアポーチ | G89: 27 | H89: =D89*(E89+F89+G89) -> 0
C90: サンリオ豹柄フェイスリールパスケース | G90: 71 | H90: =D90*(E90+F90+G90) -> 0
C91: サンリオ豹柄マスコットポーチ | G91: 360 | H91: =D91*(E91+F91+G91) -> 0
C92: サンリオロリータフェイスポーチ | G92: 49 | H92: =D92*(E92+F92+G92) -> 0
C93: サンリオ豹柄フェイスポーチ | G93: 60 | H93: =D93*(E93+F93+G93) -> 0
C94: サンリオ豹柄マスコット | G94: 56 | H94: =D94*(E94+F94+G94) -> 0
C95: キティフェイスポーチ | G95: 36 | H95: =D95*(E95+F95+G95) -> 0
C96: キティどてかぱっちん | G96: 165 | H96: =D96*(E96+F96+G96) -> 0
... C140: アンパンマン毛布 | G140: 30 | H140: =D140*(E140+F140+G140) -> 0
C141: ガチャご飯がススムマスコット | D141: 400 | G141: 60 | H141: =D141*(E141+F141+G141) -> 24000
C142: ガチャキューポスケットディズニープリンセス | G142: 56 | H142: =D142*(E142+F142+G142) -> 0
C143: ガチャぷにぷにスライム | G143: 23 | H143: =D143*(E143+F143+G143) -> 0
C144: ガチャアンパンマンあそんでビーグル | G144: 40 | H144: =D144*(E144+F144+G144) -> 0
C145: ガチャキン肉マンキンケシ | G145: 47 | H145: =D145*(E145+F145+G145) -> 0
C146: ガチャモンチッチニットキーホルダー | G146: 30 | H146: =D146*(E146+F146+G146) -> 0
C147: ガチャボンボンリアルミニマスコット | G147: 34 | H147: =D147*(E147+F147+G147) -> 0
C148: ガチャおっきなアンパンマンマスコット | D148: 300 | G148: 50 | H148: =D148*(E148+F148+G148) -> 15000
C149: ガチャカシャカシャみえるよ！アンパンマン | D149: 300 | G149: 40 | H149: =D149*(E149+F149+G149) -> 12000
C150: ガチャワンピの実 | D150: 500 | G150: 20 | H150: =D150*(E150+F150+G150) -> 10000
C151: ガチャ花王シリーズミニチュアチャーム | G151: 31 | H151: =D151*(E151+F151+G151) -> 0
C152: ガチャサンリオファッションリング | G152: 37 | H152: =D152*(E152+F152+G152) -> 0
C153: りるくまぷくぷくシール | G153: 144 | H153: =D153*(E153+F153+G153) -> 0
...

Sheet 合計
A1: 45930 | D1: 45961 | I1: 45991 | N1: 46022 | S1: 46053 | X1: 46081 | AC1: 46112
B2: 棚卸額 | E2: 棚卸額 | F2: 前月差 | G2: 前月比 | J2: 棚卸額 | K2: 前月差 | L2: 前月比 | O2: 棚卸額 | P2: 前月差 | Q2: 前月比 | T2: 棚卸額 | U2: 前月差 | V2: 前月比 | Y2: 棚卸額 | Z2: 前月差 | AA2: 前月比 | AD2: 棚卸額 | AE2: 前月差 | AF2: 前月比
A3: 本田 | B3: 3993973 | D3: 本田 | F3: =E3-B3 -> -3993973 | G3: =E3/B3 -> 0 | I3: 本田 | K3: =J3-E3 -> 0 | L3: =J3/E3 -> #DIV/0! | N3: 本田 | P3: =O3-J3 -> 0 | Q3: =O3/J3 -> #DIV/0! | S3: 本田 | U3: =T3-O3 -> 0 | V3: =T3/O3 -> #DIV/0! | X3: 本田 | Z3: =Y3-T3 -> 0 | AA3: =Y3/T3 -> #DIV/0! | AC3: 本田 | AD3: =本田!D4 -> 0 | AE3: =AD3-Y3 -> 0 | AF3: =AD3/Y3 -> #DIV/0!
A4: 吉井 | B4: 2540534 | D4: 吉井 | F4: =E4-B4 -> -2540534 | G4: =E4/B4 -> 0 | I4: 吉井 | K4: =J4-E4 -> 0 | L4: =J4/E4 -> #DIV/0! | N4: 吉井 | P4: =O4-J4 -> 0 | Q4: =O4/J4 -> #DIV/0! | S4: 吉井 | U4: =T4-O4 -> 0 | V4: =T4/O4 -> #DIV/0! | X4: 吉井 | Z4: =Y4-T4 -> 0 | AA4: =Y4/T4 -> #DIV/0! | AC4: 吉井 | AD4: =吉井!D4 -> 0 | AE4: =AD4-Y4 -> 0 | AF4: =AD4/Y4 -> #DIV/0!
A5: 中島 | B5: 1619867 | D5: 中島 | F5: =E5-B5 -> -1619867 | G5: =E5/B5 -> 0 | I5: 中島 | K5: =J5-E5 -> 0 | L5: =J5/E5 -> #DIV/0! | N5: 中島 | P5: =O5-J5 -> 0 | Q5: =O5/J5 -> #DIV/0! | S5: 中島 | U5: =T5-O5 -> 0 | V5: =T5/O5 -> #DIV/0! | X5: 中島 | Z5: =Y5-T5 -> 0 | AA5: =Y5/T5 -> #DIV/0! | AC5: 中島 | AD5: =中島!D4 | AE5: =AD5-Y5 -> #VALUE! | AF5: =AD5/Y5 -> #VALUE!
A6: 堤 | B6: 1923889 | D6: 堤 | I6: 堤 | K6: =J6-E6 -> 0 | N6: 堤 | P6: =O6-J6 -> 0 | S6: 堤 | U6: =T6-O6 -> 0 | V6: =T6/O6 -> #DIV/0! | X6: 堤 | Z6: =Y6-T6 -> 0 | AA6: =Y6/T6 -> #DIV/0! | AC6: 堤 | AD6: =堤!D3 -> 0 | AE6: =AD6-Y6 -> 0 | AF6: =AD6/Y6 -> #DIV/0!
A7: 塩川 | B7: 181061 | D7: 塩川 | I7: 塩川 | N7: 塩川 | S7: 塩川 | X7: 塩川 | Z7: =Y7-T7 -> 0 | AA7: =Y7/T7 -> #DIV/0! | AC7: 塩川
A8: 坂本 | B8: 3555420 | D8: 坂本 | F8: =E8-B8 -> -3555420 | G8: =E8/B8 -> 0 | I8: 坂本 | K8: =J8-E8 -> 0 | L8: =J8/E8 -> #DIV/0! | N8: 坂本 | P8: =O8-J8 -> 0 | Q8: =O8/J8 -> #DIV/0! | S8: 坂本 | U8: =T8-O8 -> 0 | V8: =T8/O8 -> #DIV/0! | X8: 坂本 | Z8: =Y8-T8 -> 0 | AA8: =Y8/T8 -> #DIV/0! | AC8: 坂本 | AD8: =坂本!D4 -> 0 | AE8: =AD8-Y8 -> 0 | AF8: =AD8/Y8 -> #DIV/0!
A9: 久留米 | B9: 6363213 | D9: 久留米 | F9: =E9-B9 -> -6363213 | G9: =E9/B9 -> 0 | I9: 久留米 | K9: =J9-E9 -> 0 | L9: =J9/E9 -> #DIV/0! | N9: 久留米 | P9: =O9-J9 -> 0 | Q9: =O9/J9 -> #DIV/0! | S9: 久留米 | U9: =T9-O9 -> 0 | V9: =T9/O9 -> #DIV/0! | X9: 久留米 | Z9: =Y9-T9 -> 0 | AA9: =Y9/T9 -> #DIV/0! | AC9: 久留米 | AD9: ='久留米 '!#REF! -> #REF! | AE9: =AD9-Y9 -> #REF! | AF9: =AD9/Y9 -> #REF!
A10: 久留米(ドンキ) | B10: 335467 | D10: 久留米(ドンキ) | F10: =E10-B10 -> -335467 | G10: =E10/B10 -> 0 | I10: 久留米(ドンキ) | K10: =J10-E10 -> 0 | L10: =J10/E10 -> #DIV/0! | N10: 久留米(ドンキ) | P10: =O10-J10 -> 0 | Q10: =O10/J10 -> #DIV/0! | S10: 久留米(ドンキ) | U10: =T10-O10 -> 0 | V10: =T10/O10 -> #DIV/0! | X10: 久留米(ドンキ) | Z10: =Y10-T10 -> 0 | AA10: =Y10/T10 -> #DIV/0! | AC10: 久留米(ドンキ) | AD10: ='久留米(ドンキ景品)'!D3 -> 0 | AE10: =AD10-Y10 -> 0 | AF10: =AD10/Y10 -> #DIV/0!
A11: 飯塚 | B11: 3437686 | D11: 飯塚 | F11: =E11-B11 -> -3437686 | G11: =E11/B11 -> 0 | I11: 飯塚 | K11: =J11-E11 -> 0 | L11: =J11/E11 -> #DIV/0! | N11: 飯塚 | P11: =O11-J11 -> 0 | Q11: =O11/J11 -> #DIV/0! | S11: 飯塚 | U11: =T11-O11 -> 0 | V11: =T11/O11 -> #DIV/0! | X11: 飯塚 | Z11: =Y11-T11 -> 0 | AA11: =Y11/T11 -> #DIV/0! | AC11: 飯塚 | AD11: =飯塚!D4 -> 0 | AE11: =AD11-Y11 -> 0 | AF11: =AD11/Y11 -> #DIV/0!
A12: 鹿児島 | D12: 鹿児島 | I12: 鹿児島 | N12: 鹿児島 | S12: 鹿児島 | X12: 鹿児島 | Z12: =Y12-T12 -> 0 | AA12: =Y12/T12 -> #DIV/0! | AC12: 鹿児島
B13: 23951110 | E13: =SUM(E3:E12) -> 0 | F13: =E13-B13 -> -23951110 | G13: =E13/B13 -> 0 | J13: =SUM(J3:J12) -> 0 | K13: =J13-E13 -> 0 | L13: =J13/E13 -> #DIV/0! | O13: =SUM(O3:O12) -> 0 | P13: =O13-J13 -> 0 | Q13: =O13/J13 -> #DIV/0! | T13: =SUM(T3:T12) -> 0 | U13: =T13-O13 -> 0 | V13: =T13/O13 -> #DIV/0! | Y13: =SUM(Y3:Y12) -> 0 | Z13: =Y13-T13 -> 0 | AA13: =Y13/T13 -> #DIV/0! | AD13: =SUM(AD3:AD12) -> #REF! | AE13: =AD13-Y13 -> #REF! | AF13: =AD13/Y13 -> #REF!
